step,system_total_running,system_total_backlogged,system_total_stopped,system_total_arrived,system_total_departed,system_total_teleported,system_total_waiting_time,system_mean_waiting_time,system_mean_speed,0_stopped,0_accumulated_waiting_time,0_average_speed,1_stopped,1_accumulated_waiting_time,1_average_speed,10_stopped,10_accumulated_waiting_time,10_average_speed,11_stopped,11_accumulated_waiting_time,11_average_speed,12_stopped,12_accumulated_waiting_time,12_average_speed,13_stopped,13_accumulated_waiting_time,13_average_speed,14_stopped,14_accumulated_waiting_time,14_average_speed,15_stopped,15_accumulated_waiting_time,15_average_speed,2_stopped,2_accumulated_waiting_time,2_average_speed,3_stopped,3_accumulated_waiting_time,3_average_speed,4_stopped,4_accumulated_waiting_time,4_average_speed,5_stopped,5_accumulated_waiting_time,5_average_speed,6_stopped,6_accumulated_waiting_time,6_average_speed,7_stopped,7_accumulated_waiting_time,7_average_speed,8_stopped,8_accumulated_waiting_time,8_average_speed,9_stopped,9_accumulated_waiting_time,9_average_speed,agents_total_stopped,agents_total_accumulated_waiting_time
5.0,16,0,0,0,16,0,0.0,0.0,12.98511626848303,0,0.0,0.958964771385303,0,0.0,0.959541857471789,0,0.0,1.0,0,0.0,1.0,0,0.0,0.958089771908121,0,0.0,1.0,0,0.0,1.0,0,0.0,1.0,0,0.0,0.9590480723104385,0,0.0,0.9588406571077874,0,0.0,0.9557948025710928,0,0.0,1.0,0,0.0,1.0,0,0.0,1.0,0,0.0,0.9634536442806063,0,0.0,1.0,0,0.0
10.0,32,0,0,0,32,0,0.0,0.0,13.06634526799239,0,0.0,0.9488932888209012,0,0.0,0.9535616824145974,0,0.0,1.0,0,0.0,1.0,0,0.0,0.9471031913084266,0,0.0,1.0,0,0.0,1.0,0,0.0,1.0,0,0.0,0.9507898427460834,0,0.0,0.9509883721862892,0,0.0,0.8923762737936481,0,0.0,1.0,0,0.0,1.0,0,0.0,1.0,0,0.0,0.931498319827229,0,0.0,1.0,0,0.0
15.0,40,0,1,0,40,0,2.0,0.05,12.273329597176218,1,2.0,0.8206366465423894,0,0.0,0.9338842163118473,0,0.0,1.0,0,0.0,1.0,0,0.0,0.9581259121179503,0,0.0,0.9318888630462477,0,0.0,1.0,0,0.0,1.0,0,0.0,0.7091355255175733,0,0.0,0.9567939984568494,0,0.0,0.951331862992348,0,0.0,0.8204440742972605,0,0.0,1.0,0,0.0,0.9311354212657859,0,0.0,0.9477350880279691,0,0.0,0.821432489298235,1,2.0
20.0,56,0,6,0,56,0,21.0,0.375,11.411185454640398,2,10.0,0.6956527850098209,0,0.0,0.9518277456429537,0,0.0,1.0,0,0.0,1.0,0,0.0,0.9789796084961928,0,0.0,0.9678433145479232,0,0.0,1.0,0,0.0,1.0,3,9.0,0.43689858328931086,1,2.0,0.7665303278265765,0,0.0,0.9517816836704547,0,0.0,0.9716595122671042,0,0.0,1.0,0,0.0,0.9527548089960536,0,0.0,0.9677889304002106,0,0.0,0.9677006994528679,6,21.0
25.0,72,0,4,0,72,0,12.0,0.16666666666666666,9.974149670272698,0,3.0,0.7103118853909364,0,0.0,0.8851816267718885,0,0.0,1.0,0,0.0,1.0,1,1.0,0.7536435863051066,0,0.0,0.870814834750566,0,0.0,1.0,0,0.0,1.0,0,6.0,0.6036584043005083,2,9.0,0.5398907157079991,0,4.0,0.7275183294564498,0,0.0,0.8813546912325582,0,2.0,0.46210374944549887,0,0.0,0.9648959947610019,1,2.0,0.6684985600897949,0,0.0,0.5798276892133032,4,27.0
30.0,80,0,16,0,80,0,41.0,0.5125,8.83921988421839,2,4.0,0.6991992610082135,0,0.0,0.9382715650376683,0,0.0,1.0,0,0.0,0.9652599077127357,3,9.0,0.47684134445471077,2,4.0,0.33797338480925126,0,0.0,1.0,0,0.0,1.0,0,0.0,0.8578555231357873,0,3.0,0.5674686091098514,1,6.0,0.6891046315765559,2,4.0,0.5479613552806538,0,4.0,0.8699484090260691,0,4.0,0.4250678980854837,3,12.0,0.4170315057760328,3,6.0,0.46573259945501966,16,56.0
35.0,96,0,21,0,96,0,118.0,1.2291666666666667,8.876243723100263,1,2.0,0.6231306126902159,1,6.0,0.6116002404561124,0,0.0,1.0,0,0.0,0.9915121438747077,3,24.0,0.40343217008167204,0,1.0,0.5200809444265381,0,4.0,0.5385996108508788,0,0.0,1.0,0,0.0,0.944634010853067,0,0.0,0.9746907264510869,4,21.0,0.6232762479390254,4,20.0,0.1854347666040324,0,4.0,0.9180820971194207,0,4.0,0.9245586873203446,5,33.0,0.37381916128951237,3,21.0,0.4766866648214654,21,140.0
40.0,112,0,10,0,112,0,61.0,0.5446428571428571,8.556860439349542,3,13.0,0.6280167776780292,0,4.0,0.8264835367082416,0,4.0,0.6626595661016026,0,0.0,0.040958572466089326,5,46.0,0.3217007979263396,0,0.0,0.9834454887090334,0,4.0,0.9201343380255793,0,0.0,1.0,0,0.0,0.8639895092041031,0,0.0,0.8450863159828004,1,18.0,0.3861639996410987,1,19.0,0.3367124869795602,0,4.0,0.7155285499584824,0,4.0,0.9035255400743603,0,24.0,0.4576242541466481,0,11.0,0.5014256219066086,10,151.0
45.0,120,0,18,0,120,0,117.0,0.975,9.310894465877633,0,8.0,0.6100808533245569,0,4.0,0.8725505288248204,0,4.0,0.8764851005166667,2,7.0,0.37978318401373906,7,77.0,0.20758486824288636,0,0.0,1.0,0,4.0,0.9527611496426864,0,0.0,1.0,0,0.0,0.8163218870888397,1,3.0,0.6142940897586845,5,24.0,0.3981014965735496,1,13.0,0.8193598817620938,0,4.0,0.96212386432545,0,0.0,0.8817941364056421,0,0.0,0.6993555313210953,2,10.0,0.5769529050718009,18,158.0
50.0,136,0,20,0,136,0,141.0,1.036764705882353,8.707993692406964,1,4.0,0.7166207874418403,2,7.0,0.4674200240991485,0,4.0,0.8100416928925266,0,0.0,0.9527662747258366,9,120.0,0.27179136152948674,0,4.0,0.4296107848211259,2,7.0,0.023056369658016575,0,4.0,0.4912173013314981,1,1.0,0.576473562815265,0,0.0,0.7784991020100321,2,26.0,0.5646543639809017,0,7.0,0.8804516561050258,0,4.0,0.873865347643144,0,3.0,0.4998905738683664,3,10.0,0.39689577902772105,0,7.0,0.838732902498586,20,208.0
55.0,151,0,25,1,152,0,118.0,0.7814569536423841,7.814561444877609,1,3.0,0.687165349214388,6,29.0,0.3503881596911167,1,5.0,0.2754759499441185,0,0.0,0.9001950802695786,4,105.0,0.3317127245697967,0,8.0,0.7237292253845113,0,5.0,0.3251096275059568,0,8.0,0.7520531213331734,0,1.0,0.73533277371003,0,0.0,0.8999513319137239,5,28.0,0.6016578439055265,0,4.0,0.570199605001834,1,4.0,0.4111783564323626,0,3.0,0.8214441386940612,6,34.0,0.5134771281699209,1,7.0,0.48952927283913317,25,244.0
60.0,158,0,29,2,160,0,175.0,1.1075949367088607,8.572880765705431,3,12.0,0.6184679583476094,1,30.0,0.6257391794887995,2,13.0,0.35632238509157554,0,0.0,0.8239506780679302,0,38.0,0.43444956174525406,0,8.0,0.8903495054498775,0,1.0,0.8534031185962346,0,8.0,0.9465975199637591,0,4.0,0.729890131187274,2,3.0,0.5474159852742997,6,52.0,0.4270385258073984,1,4.0,0.38458184771043424,1,15.0,0.6898581362984211,0,3.0,0.9174636678619892,7,67.0,0.5184379358310046,6,28.0,0.4734627997623731,29,286.0
65.0,174,0,28,2,176,0,248.0,1.4252873563218391,8.288739423867723,0,4.0,0.5945732024442026,1,11.0,0.7481986016768035,2,25.0,0.1455646777007352,2,4.0,0.0009014046781012037,0,16.0,0.5590021309699785,0,4.0,0.8271903921249306,0,1.0,0.872612721014127,0,4.0,0.9378465947544944,0,2.0,0.8877076479736822,3,16.0,0.41992824318348204,8,90.0,0.24189489980798465,2,10.0,0.13699321337045056,0,6.0,0.8784826429285709,1,5.0,0.43556934608106596,9,104.0,0.46432253686665037,0,25.0,0.32724621958823424,28,327.0
70.0,190,0,50,2,192,0,407.0,2.142105263157895,7.565912245912307,2,5.0,0.6852068525884313,3,15.0,0.3952246187206617,2,39.0,0.7435992719179357,2,14.0,0.0,7,39.0,0.512289465404678,3,9.0,0.35009216206030946,0,0.0,0.8427204746050951,1,6.0,0.24526830493581198,0,2.0,0.7575934396940837,0,9.0,0.5970018653309292,10,138.0,0.3910493178160144,0,8.0,0.35205337380913254,0,4.0,0.9042913171292116,5,23.0,0.08319657389492234,11,156.0,0.37119773965668834,4,17.0,0.12076574116063413,50,484.0
75.0,192,0,54,8,200,0,467.0,2.4322916666666665,7.233377783077454,4,22.0,0.5209745694083452,7,42.0,0.35888615360627757,2,49.0,0.8158913798737234,0,4.0,0.4429560075188854,10,81.0,0.48507784562729267,7,37.0,0.05337138750189686,1,2.0,0.041958119524713886,1,9.0,0.3211816492725729,3,8.0,0.6056492659984057,0,0.0,0.9377088727240833,5,130.0,0.5209988226925565,0,5.0,0.8368243540364467,1,5.0,0.20876561557357742,0,19.0,0.6411171523090942,13,217.0,0.12776395860405926,0,19.0,0.5938909464094778,54,649.0
80.0,194,0,48,22,216,0,492.0,2.536082474226804,7.371436428611897,5,46.0,0.5292797368952348,7,77.0,0.34692746274084324,3,59.0,0.37033984784242985,0,4.0,0.8941413021964859,11,135.0,0.39415733723955587,8,79.0,0.30538380343532345,5,23.0,0.4156207287345898,1,10.0,0.6249724781643676,0,4.0,0.6072646036583509,0,0.0,0.9051638167750755,0,54.0,0.44077062109979115,0,7.0,0.873848188627593,0,7.0,0.25122486165836155,0,6.0,0.8287436641357767,8,215.0,0.17604401983430495,0,8.0,0.7528501340175558,48,734.0
85.0,205,0,37,27,232,0,417.0,2.0341463414634147,7.60753601238394,1,41.0,0.463944125026456,7,116.0,0.4076919938765933,8,93.0,0.09967511025507457,0,4.0,0.9098496392479962,13,195.0,0.20480734396517344,2,75.0,0.5217732594625867,0,25.0,0.5511242588252123,1,15.0,0.6339510050683522,1,5.0,0.7529327578115894,1,2.0,0.8219561004663676,1,46.0,0.2914621919766297,0,4.0,0.9093682420430699,0,4.0,0.8739949532976551,0,4.0,0.8360173553689876,1,105.0,0.38190513085160116,1,8.0,0.6317032710942568,37,742.0
90.0,205,0,48,35,240,0,453.0,2.209756097560976,7.132175331065153,2,12.0,0.5640022182958654,7,149.0,0.5287708489865214,8,133.0,1.5902623067327327e-06,1,5.0,0.49956680161629485,10,197.0,0.17002214076140354,0,29.0,0.37613627500529134,0,4.0,0.7530602013865391,3,23.0,0.00071715325632316,1,2.0,0.6066768895289005,0,2.0,0.5657606740220187,8,68.0,0.29442875395419243,2,7.0,0.43441137502897176,0,2.0,0.8728982001148884,2,8.0,0.6038120427103811,1,89.0,0.5260042173135142,3,19.0,0.7205233326471819,48,749.0
95.0,217,0,58,39,256,0,409.0,1.8847926267281105,6.319716930978875,3,16.0,0.4609832859813544,7,184.0,0.49745796103570644,2,84.0,0.4413594043588328,6,25.0,0.18310244663497663,2,133.0,0.3210751727554165,1,23.0,0.514973285942377,1,7.0,0.5804862367595026,0,6.0,0.21710506279549427,3,13.0,0.4729468047936307,2,7.0,0.6310385401414369,11,121.0,0.18932411402787752,6,30.0,0.3419913789076788,0,0.0,0.8678851873170901,6,25.0,0.34737389359130744,7,110.0,0.47504970098399535,1,13.0,0.4041852561063564,58,797.0
100.0,226,0,70,46,272,0,605.0,2.6769911504424777,6.377602160972723,6,39.0,0.5396764848527513,11,231.0,0.23828896251507,0,25.0,0.7078789450691009,3,38.0,0.4373741947363914,2,112.0,0.4357584372415214,1,13.0,0.7870614974528362,6,26.0,0.2735160124168242,0,4.0,0.7643293159501784,0,7.0,0.5961404879561985,0,3.0,0.7109656521011057,13,184.0,0.3480880092972081,7,65.0,0.40343371236352876,2,8.0,0.1610018852878351,2,35.0,0.16690654333710916,12,160.0,0.3542086756142347,5,22.0,0.27472146246565177,70,972.0
105.0,229,0,85,51,280,0,936.0,4.0873362445414845,6.711817300761427,8,73.0,0.40628961349601905,14,297.0,0.20903327042971395,2,28.0,0.24599320361770388,0,13.0,0.8179782637400134,8,141.0,0.4027251049567065,0,4.0,0.6904822689671017,3,38.0,0.3482067739762627,0,4.0,0.9133412959866558,0,0.0,0.858994252988436,1,3.0,0.7082198496897715,15,255.0,0.34541632618955104,7,100.0,0.2826277154057706,4,25.0,0.48173402304586704,1,14.0,0.6772029048946664,15,230.0,0.17705623416745928,7,57.0,0.2922550443559181,85,1282.0
110.0,233,0,87,63,296,0,1091.0,4.682403433476395,6.585896108564473,9,116.0,0.37643700356372867,8,270.0,0.2661695687097891,3,44.0,0.16260885780925513,1,9.0,0.5819732254547487,13,198.0,0.36429989055030004,2,5.0,0.530563733007073,2,22.0,0.7373297605051187,0,4.0,0.9108681596974824,0,4.0,0.6270402860271449,0,0.0,0.8057869976906818,17,332.0,0.2855627114437281,7,135.0,0.2094749759461606,0,17.0,0.6809693714153178,1,10.0,0.6899963262951735,17,311.0,0.21579937928186843,7,92.0,0.38671618823589554,87,1569.0
115.0,244,0,86,68,312,0,1141.0,4.676229508196721,5.941226810051944,6,112.0,0.3947038837231785,1,99.0,0.43697831548752863,3,61.0,0.5101055299802516,2,11.0,0.28782689585730165,16,271.0,0.26836216523290085,1,10.0,0.31107027865004844,2,25.0,0.6554447119516275,0,0.0,0.6496370754622637,2,10.0,0.6895615587073128,2,5.0,0.5623537996484799,19,424.0,0.17501231253168228,1,107.0,0.270393389897129,0,4.0,0.47660175903896856,5,21.0,0.056288997162991426,19,403.0,0.31397245216175396,7,127.0,0.34323423674970766,86,1690.0
120.0,243,0,82,77,320,0,1303.0,5.362139917695473,5.7406562545842394,2,57.0,0.46632944330848575,0,83.0,0.47831747934016067,3,80.0,0.5286278396422303,6,27.0,0.05991179726617505,18,358.0,0.14042926150463794,0,4.0,0.5138739600637047,4,40.0,0.07772975470384522,1,5.0,0.0,0,5.0,0.733624326728121,0,3.0,0.5516822195726132,20,524.0,0.0717167385316393,2,27.0,0.3290764589749936,1,11.0,0.4726175929154191,1,24.0,0.16292652947800576,21,503.0,0.2533113021939182,3,104.0,0.20545968497613704,82,1855.0
125.0,248,0,107,88,336,0,1728.0,6.967741935483871,5.91897774141321,4,58.0,0.4231827001004798,6,100.0,0.5151065310626318,3,93.0,0.6410967031338665,7,63.0,0.36710574506364735,21,457.0,0.2286734663478342,2,7.0,0.10535865245489559,10,79.0,0.0859904273377716,0,0.0,1.0,1,4.0,0.44664714616946316,0,0.0,0.9010572267561381,23,636.0,0.08939845524234784,0,2.0,0.828667195337457,4,30.0,0.6877416585712172,0,7.0,0.7732693148993738,22,611.0,0.17279357106441223,4,40.0,0.2015582923123563,107,2187.0
130.0,248,0,112,104,352,0,2078.0,8.379032258064516,5.2541443698300165,8,86.0,0.39220066307142853,9,137.0,0.26427095255175276,3,106.0,0.48957229066235336,1,56.0,0.44604651904389647,22,563.0,0.2955234765709781,7,36.0,0.11934598707239924,4,70.0,0.4484215477807595,0,8.0,0.4886971223706632,6,27.0,0.38103830223937735,1,2.0,0.7151837159327127,24,754.0,0.21417392453319248,0,2.0,0.8748810109221508,2,26.0,0.4662221207947815,0,4.0,0.8832276528138127,24,728.0,0.06844216606088814,1,18.0,0.4811801588647068,112,2623.0
135.0,244,0,115,116,360,0,2454.0,10.057377049180328,4.7974106863640245,5,81.0,0.3671285751920289,7,135.0,0.2997921326716661,6,132.0,0.34391865192675264,0,13.0,0.3453058071115783,24,678.0,0.1858394242284,1,40.0,0.46982930664833294,0,25.0,0.7606494526236411,0,8.0,0.8777368005953429,8,70.0,0.33820662879056834,3,11.0,0.4516502858876322,26,880.0,0.22157240415378554,0,0.0,0.8431580443967134,7,31.0,0.33301854698753186,0,4.0,0.17646849582824373,27,855.0,0.03594659604028313,1,13.0,0.7861072386992952,115,2976.0
140.0,259,0,117,117,376,0,2911.0,11.23938223938224,5.497724556011069,1,36.0,0.5342665266790543,2,58.0,0.535056349815526,9,174.0,0.4831681271421748,0,0.0,0.6187995003864457,26,803.0,0.07075319471723848,0,11.0,0.8629253493798796,2,18.0,0.38193300226508736,0,8.0,0.8514343600016687,8,110.0,0.4901195337879421,0,6.0,0.4875714195322313,28,1013.0,0.15201092791793408,0,0.0,1.0,7,66.0,0.3484722689477145,6,25.0,0.05618061748343197,28,991.0,0.11998042829858806,0,4.0,0.6790303085865022,117,3323.0
145.0,272,0,111,120,392,0,3253.0,11.959558823529411,5.317214626374774,2,21.0,0.566862550446012,2,57.0,0.4816320740250153,9,215.0,0.4177292255325793,0,4.0,0.4516473400467372,27,936.0,0.048057563248326475,2,6.0,0.07298274452267173,2,28.0,0.607456241804884,2,8.0,0.5470209659573727,2,102.0,0.555237585181369,0,2.0,0.8102472109704092,29,1159.0,0.04542041785092528,0,2.0,0.388202758481131,1,58.0,0.44790284089051335,0,29.0,0.5244507468392086,30,1136.0,0.1987788069289653,3,14.0,0.5034775108686387,111,3777.0
150.0,273,0,126,127,400,0,3491.0,12.787545787545788,5.098233205118176,7,40.0,0.4015561545046858,7,81.0,0.2676231334877759,9,258.0,0.17675420135104247,0,4.0,0.8332704375132179,23,930.0,0.10721129443388579,4,29.0,0.19966493857693796,0,0.0,0.9474325990810629,6,37.0,0.3289199513041787,1,37.0,0.4291648595152001,2,7.0,0.7285828475719741,32,1315.0,0.11083450407256931,0,4.0,0.8350713110891176,2,18.0,0.29983662356706503,0,8.0,0.8808342087808422,32,1291.0,0.15070934569660807,1,7.0,0.16547915600211516,126,4066.0
155.0,276,0,127,140,416,0,3427.0,12.416666666666666,5.013517647371503,10,82.0,0.40891668587255703,14,137.0,0.21413482012467744,5,175.0,0.09923899705863545,0,6.0,0.8336426492630167,15,781.0,0.21805338317951486,0,21.0,0.7604428300554867,1,2.0,0.5425950893611347,8,77.0,0.18916380321019216,2,7.0,0.3942831057566359,3,19.0,0.6812346316408547,34,1478.0,0.14862057618233424,0,4.0,0.8995992451962472,0,10.0,0.24106594416197957,1,10.0,0.5818647798906944,34,1456.0,0.07991487206749896,0,1.0,0.45214114114601067,127,4266.0
160.0,284,2,113,146,430,0,3431.0,12.080985915492958,5.044426830963764,7,88.0,0.36592472069740534,8,153.0,0.3098826993445395,1,69.0,0.6353719303037021,0,4.0,0.7012618402899538,9,791.0,0.2850528904656804,0,8.0,0.9262405013826508,0,3.0,0.27589195334686784,2,73.0,0.31059338715353013,6,28.0,0.3841350364187482,0,8.0,0.4498702528837179,35,1650.0,0.07367219117141241,1,5.0,0.4398195207136629,0,4.0,0.9104268737113197,6,30.0,0.25241983408682683,35,1629.0,0.07564203821255452,3,4.0,0.004184270459320375,113,4547.0
165.0,283,4,99,153,436,0,3613.0,12.76678445229682,5.5484610046379474,3,49.0,0.4263335924617741,2,93.0,0.5428098545976661,4,74.0,0.507793876313032,0,8.0,0.8051227836235679,9,840.0,0.20417118901661407,1,3.0,0.49901730780785425,0,2.0,0.5864420941795984,0,24.0,0.6995638659576335,1,32.0,0.6037043492864161,4,16.0,0.41139333728918,36,1829.0,0.025829624316518262,0,7.0,0.12298995927918195,0,4.0,0.8964472778526228,0,30.0,0.5320325667063929,36,1809.0,0.11629506188091789,3,23.0,0.1695718779852015,99,4843.0
170.0,289,4,104,163,452,0,3099.0,10.72318339100346,5.628790157968329,2,33.0,0.45898121625286437,3,95.0,0.44141955540602407,4,90.0,0.19302302352566372,0,4.0,0.7578007570930538,14,896.0,0.15554383874945843,5,21.0,0.0796223164437818,1,4.0,0.7823672292542856,3,31.0,0.4714921286013855,1,11.0,0.7105971266278055,6,46.0,0.5878007860692951,31,1813.0,0.04079904128109117,0,8.0,0.4412284391670543,1,5.0,0.3015374912530994,1,8.0,0.8096087801523917,32,1789.0,0.11404074313933286,0,15.0,0.710311650259227,104,4869.0
175.0,287,8,94,177,464,0,1943.0,6.770034843205575,5.9553842647166775,6,45.0,0.4204533333417467,9,130.0,0.2458656206841734,0,43.0,0.3499897255331541,0,8.0,0.8335900061024812,15,845.0,0.11556590448055072,0,28.0,0.48979565104064676,2,14.0,0.7632615232200648,4,51.0,0.18881969206408858,0,3.0,0.5271811375677625,6,76.0,0.5740566934023272,23,1603.0,0.18542449631885263,3,15.0,0.6999423584088311,0,7.0,0.26668036326339156,1,9.0,0.7753240770008932,25,1500.0,0.11223970364944202,0,8.0,0.8714301575535455,94,4385.0
180.0,282,10,73,188,470,0,1062.0,3.765957446808511,5.946351486418286,4,48.0,0.4039495223391074,15,199.0,0.20778462630665528,0,4.0,0.8417587669554211,0,4.0,0.8357860830125017,12,678.0,0.1361462959845188,0,6.0,0.881305709930782,0,2.0,0.4399143394885703,0,21.0,0.7368111646566294,5,17.0,0.3499524637910679,3,66.0,0.24464498128465173,15,1218.0,0.2934433088479586,3,28.0,0.7294887201084748,0,3.0,0.7993781580750228,0,0.0,0.22189884095421347,15,1504.0,0.1252834198621729,1,7.0,0.5945653699910292,73,3805.0
185.0,281,14,62,201,482,0,556.0,1.9786476868327403,6.183293507597925,1,24.0,0.5476067282828102,16,279.0,0.3426769142611168,0,4.0,0.9179473818439825,0,4.0,0.9014442558149132,8,617.0,0.2585291040602102,0,6.0,0.7600222340756053,4,12.0,0.08695765159474783,0,0.0,0.9065254049169398,0,16.0,0.6689362766407042,4,23.0,0.35863718045609494,6,1251.0,0.214818393102611,0,15.0,0.49558055467092277,0,3.0,0.8296150763374204,5,17.0,0.00039439208564783336,12,1566.0,0.1415476272388348,6,31.0,0.3141078644329871,62,3868.0
190.0,287,18,59,207,494,0,391.0,1.362369337979094,6.025566998785504,3,21.0,0.5029104819365332,18,361.0,0.2254663764993421,0,0.0,0.8620095641700676,1,5.0,0.2447988808153438,9,665.0,0.22709805687452947,2,16.0,0.5394494367639093,1,16.0,0.6656706785708845,1,5.0,0.753171710312616,1,2.0,0.6578886675757064,3,27.0,0.4691674475081491,6,1282.0,0.2262963642602976,5,17.0,0.31896336767217914,1,4.0,0.5525022383452245,0,21.0,0.3270387278550979,8,1446.0,0.2820007546167314,0,34.0,0.48208336587356576,59,3922.0
195.0,284,13,80,223,507,0,632.0,2.2253521126760565,5.981287623178304,8,48.0,0.41804812383629725,22,463.0,0.14389243238438854,2,6.0,0.4316954170545559,2,14.0,0.6220393934619705,8,598.0,0.16044547030879858,0,8.0,0.6709913246278572,1,7.0,0.8283861072252902,1,10.0,0.799123842042904,0,1.0,0.7135461062363098,6,40.0,0.486642125662152,14,1338.0,0.24416745382157604,11,56.0,0.20186823633964474,0,1.0,0.2611471101121084,0,4.0,0.8354699538548032,3,1149.0,0.3084492944523672,2,16.0,0.7858592061342999,80,3759.0
200.0,295,10,90,231,526,0,953.0,3.230508474576271,5.8203007897634125,5,56.0,0.3862361313387669,23,579.0,0.15489178045063337,2,16.0,0.6097943642382355,2,24.0,0.7850115379588989,9,437.0,0.15440803772752434,2,18.0,0.7497813585435757,1,12.0,0.622589897589762,0,4.0,0.8350294296526056,0,0.0,0.9282807028436628,8,74.0,0.2605260940424554,20,1423.0,0.16967003285510715,11,111.0,0.20402962644257125,0,2.0,0.8359049664891067,0,2.0,0.8375870167839139,5,1093.0,0.18714774677802673,2,22.0,0.7768874700378819,90,3873.0
205.0,303,10,88,239,542,0,1173.0,3.871287128712871,5.40284467906802,3,37.0,0.5196502212947574,23,696.0,0.24664249601139138,0,2.0,0.8986207105242405,0,4.0,0.4012370246108059,4,413.0,0.283982163841953,2,24.0,0.7677338971238694,1,3.0,0.19489030761878803,1,7.0,0.7269650484235055,0,0.0,0.8265760608807226,11,128.0,0.25874502875699057,26,1537.0,0.017228219387791552,5,120.0,0.3086929018690479,0,6.0,0.7840015740523955,0,2.0,0.549510635123084,9,1123.0,0.20626518402546573,3,34.0,0.41335355094045545,88,4136.0
210.0,306,10,104,244,550,0,1374.0,4.490196078431373,4.761530230836163,0,23.0,0.4155847201629435,27,820.0,0.09922365860182042,0,2.0,0.8108795320717925,3,11.0,0.1571064184612953,8,425.0,0.24522705901950717,3,35.0,0.5113437778353328,2,15.0,0.6178723478558493,1,6.0,0.6990598617665529,1,4.0,0.4747672751967304,11,183.0,0.26070774555704623,28,1487.0,0.048976392174672624,2,72.0,0.5018978167294631,0,6.0,0.5984046150711116,0,7.0,0.3275711028490077,14,1182.0,0.21313919666503828,4,26.0,0.1043753477669393,104,4304.0
215.0,314,11,115,251,565,0,1491.0,4.748407643312102,4.968927672185084,7,38.0,0.4243343667128095,30,965.0,0.11188569669143761,0,6.0,0.5685793762283342,6,37.0,0.421851657632178,13,478.0,0.19101644859533146,7,64.0,0.1982589187399638,0,4.0,0.9016855775517757,4,21.0,0.5205451518933021,0,1.0,0.5574714793995618,5,173.0,0.3047512999780016,22,1167.0,0.18821972804066034,2,47.0,0.5837540990623702,1,15.0,0.5985914518623296,0,0.0,0.5172604066823432,14,1088.0,0.10378214025795858,4,29.0,0.24998532583047256,115,4133.0
220.0,315,13,113,264,579,0,1305.0,4.142857142857143,5.166996186181745,10,81.0,0.3871517620264547,25,978.0,0.1384718426552623,3,20.0,0.7496413754420365,0,35.0,0.6137449756170844,16,446.0,0.08355034951453148,9,111.0,0.03940368003755479,2,7.0,0.26728193983461696,5,43.0,0.44700150651262244,0,4.0,0.7711792252251,3,94.0,0.49038464939882065,15,1252.0,0.26740985787461524,3,58.0,0.650780304331932,2,12.0,0.5143755491293647,3,8.0,0.17890522977170772,13,843.0,0.07816524618151934,4,48.0,0.5981502113773206,113,4040.0
225.0,313,13,94,274,587,0,833.0,2.6613418530351436,4.96955871356315,5,88.0,0.34061147877115755,16,848.0,0.201143336239726,1,15.0,0.6344707638416901,2,5.0,0.33220565549660297,15,352.0,0.10449044171403457,3,92.0,0.4284271723471713,0,8.0,0.34605915968075546,5,68.0,0.14904310594277384,1,5.0,0.7613041321958055,1,54.0,0.40483178238936063,12,1318.0,0.2000114680911566,6,79.0,0.053797946338724034,8,40.0,0.3708495272350307,5,35.0,0.11470638275425996,10,825.0,0.1933556268790451,4,68.0,0.6953371432234412,94,3900.0
230.0,313,17,89,286,599,0,601.0,1.9201277955271565,4.9746087029541,3,54.0,0.4670013869739488,8,777.0,0.2509948361393236,6,29.0,0.4116018558618273,0,10.0,0.22292617088651553,12,413.0,0.19143102483132277,0,29.0,0.6536627591893744,0,8.0,0.8528875832672373,7,105.0,0.09789779147299343,3,12.0,0.7237135722502833,3,62.0,0.5349583746152115,15,1385.0,0.08144680973551846,10,123.0,0.04496781959621629,8,76.0,0.1583593801248876,0,34.0,0.5810341174025554,14,878.0,0.25555852605018675,0,44.0,0.255928469889992,89,4039.0
235.0,314,18,93,300,614,0,668.0,2.127388535031847,5.091641114771915,2,55.0,0.4101133443401455,10,815.0,0.2406959959784081,9,72.0,0.33709488314248126,0,4.0,0.7869316881002711,12,452.0,0.2012897998446169,3,36.0,0.43186583359831765,0,8.0,0.8747025356557252,7,140.0,0.38734699922209315,0,5.0,0.5471194094577602,3,77.0,0.6358672455394279,16,1286.0,0.08476305276608434,4,104.0,0.38468261258153075,8,124.0,0.14524587630341512,0,4.0,0.9152893293032508,14,939.0,0.22804455122453202,5,21.0,0.12630958258300515,93,4142.0
240.0,317,15,106,308,625,0,818.0,2.580441640378549,5.119683187344391,8,81.0,0.3339537514292888,13,868.0,0.19143820997071317,9,117.0,0.25562264193202267,0,4.0,0.9092901705085688,15,511.0,0.151527850485342,8,65.0,0.5202479023083872,0,4.0,0.6538190014943326,7,173.0,0.45107930747080704,4,13.0,0.392007867731787,3,92.0,0.45566704244497414,13,1015.0,0.2237301988590746,0,42.0,0.7744627591999467,2,111.0,0.5954630633716673,1,5.0,0.50595500173848,16,857.0,0.09658729553456191,7,56.0,1.0644355601680039e-06,106,4014.0
245.0,327,15,132,314,641,0,1083.0,3.311926605504587,4.738457710356673,12,136.0,0.31496249479848626,20,951.0,0.16909303084279767,3,110.0,0.07687530448364183,1,7.0,0.3684460542817439,22,605.0,0.08584715208414546,8,101.0,0.4311607757290243,6,20.0,0.4597920340884966,7,206.0,0.36195161713415924,0,17.0,0.4547482942426195,5,117.0,0.37745570639685777,17,1087.0,0.24381708694719575,4,45.0,0.5831344371580514,0,40.0,0.8032878232873798,6,25.0,0.5676116190487415,14,648.0,0.0820857322253173,7,95.0,0.4393303702453735,132,4210.0
250.0,334,18,141,320,654,0,1342.0,4.017964071856287,4.395514465481404,14,205.0,0.30254986467474115,26,1068.0,0.12216846250955625,2,53.0,0.4367787009850872,5,26.0,0.4260072630448039,29,740.0,0.030212713021371494,8,141.0,0.16857517435191713,7,54.0,0.29783389323516585,2,155.0,0.13398908773167087,2,6.0,0.5976883390802523,5,142.0,0.5839753439114145,15,1161.0,0.20769831158168084,7,71.0,0.297031799927053,3,44.0,0.243137852588057,1,28.0,0.532062854631122,8,643.0,0.1663697459295276,7,130.0,0.5645743833677258,141,4667.0
255.0,338,19,145,323,661,0,1460.0,4.319526627218935,4.600975111649023,10,211.0,0.29041074188844784,28,1210.0,0.11839422712178184,2,19.0,0.7276851722470871,0,26.0,0.7166856078638698,30,771.0,0.12681455517992943,4,117.0,0.22399438007434008,7,91.0,0.055691734117732566,4,48.0,0.2268797511913895,0,3.0,0.6406837983703004,1,70.0,0.5801097804386847,16,1235.0,0.1496572095941723,10,115.0,0.31624964851773024,8,82.0,0.07604050703507059,2,9.0,0.36476014520919176,13,676.0,0.23933218542462872,10,171.0,0.3216998616720991,145,4854.0
260.0,335,22,129,339,674,0,1551.0,4.629850746268657,5.179887697873216,4,131.0,0.3396972811514609,28,1350.0,0.17017614584322094,0,0.0,0.7525604130653267,2,10.0,0.6895019429469059,22,700.0,0.25610732650913665,2,51.0,0.711662751862367,7,130.0,0.3846144674536322,1,46.0,0.6286539456828164,0,0.0,0.9596983139654276,2,11.0,0.5381448303815861,16,1138.0,0.08849781495053095,10,169.0,0.2987636719352439,2,57.0,0.49283782827123396,6,28.0,0.16383061172304508,13,734.0,0.21010482058243604,14,236.0,0.20965694982755004,129,4791.0
265.0,340,23,123,349,689,0,1770.0,5.205882352941177,5.140267520022144,0,108.0,0.42923655883040757,32,1500.0,0.12131645906252721,0,0.0,0.6833749287960046,6,28.0,0.41605443573741235,16,566.0,0.21605183338411418,1,23.0,0.8136297704472042,7,167.0,0.5147315182596434,1,38.0,0.8263417290572493,0,0.0,0.6331323076330543,2,8.0,0.3985515604141851,15,893.0,0.1136703172284656,10,219.0,0.39162561367841175,0,20.0,0.7871285532256285,6,62.0,0.3838586131244644,13,658.0,0.12003662909127685,14,310.0,0.22558559239601164,123,4600.0
270.0,339,23,121,358,697,0,1629.0,4.8053097345132745,4.902399166651216,6,125.0,0.33088883476324493,31,1491.0,0.09473610006683132,1,1.0,0.4510683677035803,9,71.0,0.20234626813897838,7,612.0,0.19893202743949195,2,29.0,0.6226014149051413,12,214.0,0.3415393259469894,1,3.0,0.6448119565883061,3,9.0,0.4175213972394854,4,20.0,0.478972249655165,12,560.0,0.2636213887299961,4,190.0,0.44017495686423935,0,4.0,0.5951689555076395,0,50.0,0.6332300874308759,15,489.0,0.09906141878074744,14,380.0,0.3493904292121939,121,4248.0
275.0,344,27,113,365,709,0,1480.0,4.3023255813953485,4.845622977259576,12,175.0,0.26990949147311427,23,1293.0,0.15854836034857564,1,5.0,0.7645400203532803,9,116.0,0.0,7,640.0,0.22931576384207006,8,55.0,0.15919523794601037,13,273.0,0.1549213128257762,5,17.0,0.3494891515064289,0,9.0,0.700081221885854,0,14.0,0.4966829256908478,6,585.0,0.3557907259610921,1,86.0,0.29297071885908693,0,6.0,0.827360261515803,0,6.0,0.6437179893628163,13,523.0,0.119522078852339,15,451.0,0.2218221635704076,113,4254.0
280.0,350,29,134,373,723,0,1662.0,4.748571428571428,4.633490620471469,18,253.0,0.2732712099888275,15,1374.0,0.1849321767754337,0,0.0,0.8606740922672624,9,161.0,0.14288569082084066,12,611.0,0.24628832192304756,12,112.0,0.2028343814522691,14,343.0,0.09138088538197969,5,29.0,0.11330458578743285,0,4.0,0.9348313575868018,4,14.0,0.48116399732885035,10,620.0,0.2858282205831581,2,46.0,0.2807441692789683,0,8.0,0.8772272646029162,3,10.0,0.1599652068141459,11,575.0,0.20675646689422805,19,540.0,0.02106270476747773,134,4700.0
285.0,347,24,136,389,736,0,1650.0,4.755043227665706,4.510835683583377,22,352.0,0.17251325906092402,13,1434.0,0.1856415747149184,0,0.0,1.0,3,145.0,0.46919117526925,9,515.0,0.2181730313987077,13,179.0,0.3268202846877504,8,313.0,0.36365354791170407,1,22.0,0.2301734446200698,1,1.0,0.6280356923342717,0,11.0,0.5482775747741745,15,684.0,0.1339079080014617,7,70.0,0.3163750802040111,0,4.0,0.9085369591443178,8,44.0,0.3353848931892175,15,637.0,0.28332440594062347,21,646.0,0.12102182021531593,136,5057.0
290.0,353,20,138,403,756,0,1888.0,5.348441926345609,4.458300223428209,20,442.0,0.18383461462292908,11,1311.0,0.2060870782987015,0,0.0,0.7855538655159262,0,22.0,0.6200831638079379,5,497.0,0.1913053890095119,13,244.0,0.21112356709357893,0,165.0,0.5515229036578557,0,12.0,0.6763314348604509,4,18.0,0.43026916533190895,0,0.0,0.9135044852114008,21,781.0,0.07126362179824215,13,122.0,0.30740561876287675,1,2.0,0.253158690740085,8,84.0,0.4796376802771501,21,724.0,0.19187710533704289,21,751.0,0.11718183435023459,138,5175.0
295.0,362,21,149,409,771,0,2083.0,5.754143646408839,4.366995780083787,22,544.0,0.214945866236791,7,1035.0,0.2518016421761265,0,4.0,0.7801985442478007,1,23.0,0.1360799228477853,9,512.0,0.2848760663267296,17,320.0,0.05007119345020573,3,172.0,0.15999980301144484,0,5.0,0.7519882487271146,0,16.0,0.6763085444207485,0,0.0,0.8589794491106386,27,913.0,0.12777554918273548,14,188.0,0.11361403922553921,3,18.0,0.14737245755503603,4,85.0,0.4230040199451505,27,846.0,0.038730824234650664,15,715.0,0.1964369316307119,149,5396.0
300.0,360,22,162,418,778,0,2280.0,6.333333333333333,4.712741866065768,24,660.0,0.1396374142540794,6,985.0,0.23327578682332453,0,4.0,0.8863948990261453,2,33.0,1.525917036258813e-05,14,566.0,0.25626244462228404,20,418.0,0.04535448369680141,8,203.0,0.104064551423613,0,4.0,0.6568531906957654,0,4.0,0.854157054974106,1,4.0,0.6424706086344562,29,925.0,0.18700601036246772,14,264.0,0.0791252870923433,3,35.0,0.5413280609968355,0,26.0,0.26636324578402565,33,1000.0,0.0011007008677917465,8,526.0,0.358756043925665,162,5657.0
305.0,359,23,151,434,793,0,2249.0,6.264623955431754,4.508964956693843,26,786.0,0.1569887411635158,8,1018.0,0.24512123752990378,0,4.0,0.8936024932969919,0,2.0,0.395137180167355,21,658.0,0.11910864468646422,15,421.0,0.07564141286439156,2,155.0,0.49041757367804534,6,23.0,0.4451457239882783,1,5.0,0.5543775904170085,0,1.0,0.6146810990592488,22,827.0,0.17622120646478176,14,336.0,0.40669677729112225,3,50.0,0.6867444857260593,1,17.0,0.13014159316473375,31,1025.0,0.0169498573734578,1,422.0,0.3366899092224545,151,5750.0
310.0,354,27,142,451,805,0,2162.0,6.107344632768362,4.4706849806638616,27,920.0,0.14956561256160847,14,1074.0,0.16941996894045577,1,5.0,0.3829140926765442,0,4.0,0.7923701341071642,23,673.0,0.02698900422886486,5,338.0,0.35584217970628257,0,48.0,0.76408508405145,0,25.0,0.4807932383187535,5,23.0,0.354937928606531,0,0.0,0.9800377141760289,16,864.0,0.16263806185156962,14,406.0,0.3416835238269452,3,61.0,0.5837303411634264,5,31.0,0.4525564955976054,22,912.0,0.09315164338288826,7,447.0,0.30432607110735593,142,5831.0
315.0,346,28,146,466,812,0,2230.0,6.445086705202312,4.569248109488829,30,1062.0,0.09863983659316503,21,1164.0,0.14461007051813637,1,5.0,0.4172530757797276,0,7.0,0.8214530622588263,22,595.0,0.06870392836385601,1,306.0,0.5591913273489928,2,55.0,0.5848588629422256,4,12.0,0.532863735583602,1,27.0,0.4049727098208687,0,4.0,0.6121641270260387,12,930.0,0.19169566964691992,19,488.0,0.1979328988926532,2,24.0,0.3402118850852277,5,60.0,0.4723086444671945,14,766.0,0.28839384777981664,12,495.0,0.36845856305211344,146,6000.0
320.0,349,34,149,473,822,0,2461.0,7.051575931232092,4.479935164874906,31,1214.0,0.12276403814688387,17,1092.0,0.16997597467120404,0,1.0,0.767957017867946,0,3.0,0.8829568936671645,18,683.0,0.08078433378561031,7,327.0,0.30276306973036066,4,70.0,0.2020228122947172,0,10.0,0.450100768033749,1,9.0,0.5354810198840968,2,12.0,0.6598866520603885,14,995.0,0.16971873059400866,21,591.0,0.11980224278323041,6,23.0,0.07316176096565184,5,83.0,0.4704416900428301,6,725.0,0.42629075860172716,17,567.0,0.2540399759627311,149,6405.0
325.0,359,37,152,476,835,0,2745.0,7.646239554317549,4.396096068869888,33,1376.0,0.11408602924330673,8,825.0,0.2794415774960823,0,0.0,0.3613987649582181,2,5.0,0.7378163489182578,13,759.0,0.18107413730784577,13,382.0,0.10095089660027978,1,23.0,0.21557457291290494,5,22.0,0.46380249624887093,1,14.0,0.7039047278166872,0,7.0,0.7047560484691829,21,1086.0,0.12174129240172815,21,696.0,0.08397970203666749,2,35.0,0.12577169315664552,5,110.0,0.28962778502379055,5,744.0,0.3840386907442829,22,667.0,0.19934652395872804,152,6751.0
330.0,359,34,164,487,846,0,3048.0,8.49025069637883,4.536883603639975,35,1548.0,0.07633864448697274,3,807.0,0.29577601860496955,0,4.0,0.8039168335201405,4,17.0,0.5301356423304141,8,708.0,0.2946217699643997,19,471.0,0.2227589161530081,0,2.0,0.7563653421730612,5,47.0,0.5677008174917904,1,9.0,0.8144622186985284,1,5.0,0.5763446225580737,28,1211.0,0.08458564453665979,16,660.0,0.06125102400378369,0,14.0,0.699660421548723,6,140.0,0.35364755060304326,12,794.0,0.2768416038935521,26,793.0,0.11579743976369763,164,7230.0
335.0,361,35,160,500,861,0,3208.0,8.886426592797784,4.2978692135948435,36,1726.0,0.07605582250827958,10,840.0,0.21146404430116822,0,4.0,0.8768297152288448,1,14.0,0.09856967769577935,5,546.0,0.2928697699546812,13,458.0,0.39950963993265304,1,5.0,0.6430023521270727,5,76.0,0.44441192973537724,1,14.0,0.46226344288488375,0,4.0,0.5189177656367036,34,1366.0,0.11862060844512852,6,520.0,0.33797028066952023,0,6.0,0.915136053127445,8,179.0,0.4405503381929333,14,755.0,0.12532478885429973,26,925.0,0.01860705198270398,160,7438.0
340.0,368,39,165,505,873,0,3449.0,9.372282608695652,3.8415743170166796,36,1906.0,0.09463721168967026,15,902.0,0.18222541573725565,2,6.0,0.5328361011111141,2,12.0,0.221654333833635,6,490.0,0.16261161747917985,9,320.0,0.2592585865171086,2,14.0,0.6265133985223651,9,111.0,0.34258167336164097,1,8.0,0.4165788691645959,1,6.0,0.5414115482919271,36,1545.0,0.09608405875860242,2,477.0,0.4480012387021266,0,4.0,0.9089988080031727,4,140.0,0.1450471152304439,14,576.0,0.15613647624146174,26,1059.0,0.12025407493240825,165,7576.0
345.0,373,35,155,512,885,0,3174.0,8.509383378016086,3.6513663769232854,31,1889.0,0.09437885901023027,12,796.0,0.22411189745583046,0,2.0,0.4508227028375281,2,20.0,0.0,7,528.0,0.16337060890164173,5,306.0,0.13887353211358294,0,8.0,0.7934320668552454,6,117.0,0.44960702535805697,3,14.0,0.4105881916414152,0,7.0,0.7467877417679057,30,1537.0,0.05434722739150573,9,505.0,0.21635634480302418,2,6.0,0.17377439587836044,7,57.0,0.11786290317967144,11,620.0,0.2001869858996133,30,1199.0,0.12484555507644565,155,7611.0
350.0,374,43,143,519,893,0,2613.0,6.9866310160427805,4.814893271631111,25,1670.0,0.15334734427966687,3,536.0,0.45265331708478523,0,0.0,0.35410122068261773,0,4.0,0.4224111381412581,13,582.0,0.22204092270704226,7,323.0,0.16669102507895986,0,4.0,0.867185324397767,2,52.0,0.5543311386512975,0,10.0,0.7331616954921135,0,4.0,0.9002282321276897,25,1352.0,0.07286256758170516,14,567.0,0.2560616100061987,6,26.0,0.048559189919661946,2,42.0,0.5054291860875476,13,671.0,0.17132586208282843,33,1362.0,0.1385393790486561,143,7205.0
355.0,374,47,128,531,905,0,2290.0,6.122994652406417,4.812445010396966,16,1677.0,0.1877311946789498,2,538.0,0.34143962680568174,0,0.0,0.6918691325425442,0,4.0,0.8514328445925662,13,549.0,0.24034389530130604,10,287.0,0.16335299622514768,1,5.0,0.7949670282436259,4,43.0,0.39425407172052734,0,2.0,0.9065729146821585,0,0.0,0.746927420542584,18,1449.0,0.10356339952358683,14,641.0,0.12511721973554918,1,29.0,0.48820012957574227,1,14.0,0.7282177873993403,15,738.0,0.11899206547151475,33,1525.0,0.12601025458526485,128,7501.0
360.0,366,45,121,549,915,0,1668.0,4.557377049180328,4.754420118184473,12,1740.0,0.18375075854286102,9,565.0,0.22191374482000148,1,4.0,0.16286970166160325,0,4.0,0.9440634791009004,11,427.0,0.15648125496330537,7,199.0,0.3909201254967243,1,10.0,0.7829902291912523,6,56.0,0.16104012446117624,0,0.0,0.664264975447578,1,5.0,0.6266564753491379,16,1529.0,0.19118705529830632,12,587.0,0.24106017057239496,0,9.0,0.7703356881375102,1,17.0,0.7784189669348719,16,708.0,0.13008514188286358,28,1489.0,0.07263474951485765,121,7349.0
365.0,368,50,111,558,926,0,1047.0,2.845108695652174,4.814034006270492,9,1613.0,0.19659431366130928,15,629.0,0.2198105129409388,2,16.0,0.6401696217146171,0,0.0,0.9124132584144686,13,484.0,0.0870723485756878,3,195.0,0.21029061297971854,1,13.0,0.8118253429305964,12,105.0,0.2432315244370043,2,6.0,0.4566363756809358,0,1.0,0.7730766923083746,10,1415.0,0.25888713600209223,4,345.0,0.43177530191358643,1,9.0,0.660523557411885,1,26.0,0.7076516461821539,15,723.0,0.11825435943179784,23,1240.0,0.06818422371116772,111,6820.0
370.0,373,48,101,571,944,0,773.0,2.072386058981233,4.896064603607707,7,1248.0,0.23573924119496803,18,717.0,0.3176834960732026,0,4.0,0.9199551148229341,0,0.0,0.9150625523044238,15,547.0,0.14031151849914314,8,219.0,0.16755914894945081,2,23.0,0.22496852346118748,6,111.0,0.45247612842851825,0,4.0,0.5454546810275123,0,0.0,0.8214125143200792,8,1103.0,0.13821894658323017,3,351.0,0.46846599511458764,1,14.0,0.7605266970029253,0,6.0,0.6334487235990174,17,798.0,0.03890011458299265,16,1321.0,0.13880490236810736,101,6466.0
375.0,370,50,106,580,950,0,704.0,1.9027027027027028,4.6131124126057905,5,1267.0,0.20936929540268748,20,809.0,0.1768563870133299,2,7.0,0.5509364734824258,0,0.0,0.778327675913957,10,527.0,0.17368442543378815,14,284.0,0.19249279218229665,6,45.0,0.282164963122852,0,57.0,0.4827005570348138,0,0.0,0.8914218347847623,0,0.0,0.579772063425079,7,1062.0,0.14941294972777128,9,383.0,0.2911948476997552,0,6.0,0.7081377122700568,0,6.0,0.8049100260687847,21,898.0,0.056944695225210146,12,1376.0,0.2452729819502743,106,6727.0
380.0,370,51,141,595,965,0,1158.0,3.1297297297297297,4.344850305286581,10,1303.0,0.1886404886212793,25,923.0,0.09944227693194115,6,29.0,0.20966085074915045,0,0.0,0.7421212772204716,7,425.0,0.14395449242561334,20,377.0,0.29676715866520725,7,80.0,0.4311536876483482,2,66.0,0.3151088220662888,2,3.0,0.6230097022077754,2,4.0,0.6347544738965408,9,1092.0,0.2372624293026327,15,447.0,0.20680918463905051,0,4.0,0.8695571583646151,0,2.0,0.798786836157543,21,997.0,0.14826174311600696,15,1441.0,0.21825105802321823,141,7193.0
385.0,366,57,163,609,975,0,1737.0,4.745901639344262,3.96722481714835,14,1362.0,0.22087424707437286,25,1048.0,0.1572885167122941,1,27.0,0.38192132635968273,0,4.0,0.7655385160084975,8,419.0,0.12276745856864497,23,477.0,0.19835608829219595,2,63.0,0.3977046194751994,6,86.0,0.2651337217248181,2,13.0,0.4568614133261106,0,0.0,0.7087398308884402,12,1139.0,0.23470363204734282,20,537.0,0.12310301356437232,0,0.0,0.6778113942452363,0,6.0,0.7685377330783362,28,1123.0,0.15999683132697215,22,1539.0,0.11622557923681763,163,7843.0
390.0,371,52,183,617,988,0,2385.0,6.428571428571429,3.945821051183833,17,1266.0,0.16080989025254805,25,1177.0,0.12644405808932724,1,5.0,0.7358598759440317,0,4.0,0.8750272770680775,9,457.0,0.18844726611325952,27,602.0,0.21272506200712485,3,29.0,0.4251996926352306,2,74.0,0.3788150186532891,0,5.0,0.5787540288111902,0,0.0,0.9630027530523959,13,1060.0,0.1599512329301924,21,646.0,0.0740633316314986,0,4.0,0.4126790498607724,0,6.0,0.6811341026407648,35,1280.0,0.07119995759944206,30,1673.0,0.15462918750160184,183,8288.0
395.0,372,55,179,629,1001,0,2761.0,7.422043010752688,4.113489799087196,14,1007.0,0.17734406987492138,25,1302.0,0.21131385335419808,0,4.0,0.6669693896967832,0,4.0,0.8451812309117389,14,513.0,0.2118742540733237,27,737.0,0.08823474520054127,1,10.0,0.14613424738330885,7,37.0,0.5745631648102831,0,0.0,0.7831422008526278,1,1.0,0.7205469530055637,13,853.0,0.114424866626971,21,751.0,0.25602640844618296,0,4.0,0.8923638464485548,0,4.0,0.8890589341155416,32,1289.0,0.05603865558890746,24,1608.0,0.13585916975759021,179,8124.0
400.0,381,55,157,636,1017,0,2588.0,6.792650918635171,3.719118337789367,13,976.0,0.2140139393721449,23,1209.0,0.1395915445905502,0,4.0,0.8344749643378783,0,0.0,0.6162472396289831,15,496.0,0.09220223811672136,27,876.0,0.031197465239951587,0,3.0,0.7354114993098756,2,43.0,0.4218892949037925,1,3.0,0.613066415022784,2,8.0,0.5560128732703461,10,833.0,0.11359262762410115,23,861.0,0.14164010253027998,0,4.0,0.9054188343830913,0,0.0,0.7196025663438166,24,1144.0,0.08961658460728718,17,1326.0,0.16174432914639222,157,7786.0
405.0,372,58,154,650,1022,0,2351.0,6.31989247311828,3.8624561359058056,12,1032.0,0.19503819393691554,18,935.0,0.17686676564416312,0,4.0,0.9106268106710383,0,0.0,0.949779704725329,16,385.0,0.08428576494111636,27,1015.0,0.10213727222004618,0,2.0,0.8470458920873725,7,38.0,0.20108786231683254,3,16.0,0.6302818518652307,0,3.0,0.6521182191065102,12,879.0,0.22685520648411941,27,989.0,0.0006790025708458607,2,9.0,0.27318345508342434,0,4.0,0.42939080181077427,17,1227.0,0.2022402993862521,13,1232.0,0.2040157445245224,154,7770.0
410.0,370,64,138,662,1032,0,2267.0,6.127027027027027,4.18175153907902,9,920.0,0.2322056705284657,9,905.0,0.2301253058633939,0,4.0,0.7512502087009804,0,0.0,0.9482129584404095,14,454.0,0.16799959999249295,32,1163.0,0.12997433878186063,0,0.0,0.7733282121250076,7,65.0,0.22583000433242,0,7.0,0.734506545191939,0,0.0,0.9012134939476124,14,940.0,0.24481987895442694,28,1132.0,0.03012249910482635,1,9.0,0.20142714477670237,0,4.0,0.8704307075230838,15,1303.0,0.20932992660176875,9,1281.0,0.2236368746065079,138,8187.0
415.0,374,65,154,673,1047,0,2645.0,7.072192513368984,4.088015537595901,9,737.0,0.1973367517236298,8,948.0,0.21518854729347062,1,5.0,0.5662098952701072,0,0.0,0.9298611802802889,15,506.0,0.22427625421581532,34,1330.0,0.1715596905014088,2,2.0,0.015034259156168545,7,100.0,0.3973695733036194,0,0.0,0.6528590019826385,0,0.0,0.7569152984564768,21,1028.0,0.12108755621463048,28,1272.0,0.14967660286349557,0,5.0,0.8213829943634791,0,4.0,0.9094393866343179,16,1372.0,0.20081224265978878,13,1332.0,0.1590317402801344,154,8641.0
420.0,375,63,174,682,1057,0,3265.0,8.706666666666667,3.6078159533962375,6,764.0,0.19075153203533476,9,810.0,0.20939184872754177,4,22.0,0.6131258501160309,0,0.0,0.792704658776994,15,568.0,0.22888106919015,34,1496.0,0.1327011587617996,3,17.0,0.0,1,83.0,0.49502830390525215,0,5.0,0.4469896021773178,3,8.0,0.4653008131788451,29,1159.0,0.026381875062390342,28,1410.0,0.17683768609631234,0,2.0,0.9107947375065847,0,0.0,0.5482920155972368,22,1473.0,0.1855803757731565,20,1419.0,0.02048036584005924,174,9236.0
425.0,379,62,184,695,1074,0,3497.0,9.226912928759894,3.5912311772704273,10,810.0,0.1498736169144828,8,554.0,0.2216070054644114,4,38.0,0.5614731543107784,0,0.0,0.9037232766614083,17,558.0,0.16850714111973655,29,1488.0,0.09183610886549132,0,12.0,0.6914703937613043,2,21.0,0.3672716400790296,2,11.0,0.6388084177714558,0,9.0,0.7354466352860227,29,1146.0,0.15094419590383357,28,1550.0,0.10971414653751975,0,0.0,0.8984022958744364,0,2.0,0.42449975287569297,28,1601.0,0.12021067289633096,27,1541.0,0.0647516609002868,184,9341.0
430.0,381,69,181,702,1083,0,3429.0,9.0,3.7657205323746488,15,876.0,0.15239956898770002,4,524.0,0.29005482880326455,1,24.0,0.4150310011851626,0,4.0,0.8261440477845442,19,647.0,0.13601845874144977,25,1320.0,0.09836727217882177,0,4.0,0.9068257180661239,1,21.0,0.2573808646977127,1,9.0,0.707702800194648,0,2.0,0.9009370045812468,22,958.0,0.22004957969870978,28,1694.0,0.08982993106431066,1,6.0,0.1937838653653124,0,4.0,0.8212247951294208,36,1766.0,0.02640254512958381,28,1679.0,0.17235711357388728,181,9538.0
435.0,384,67,181,709,1093,0,3468.0,9.03125,3.555802331617697,22,975.0,0.10118407771881456,7,548.0,0.28308928262853394,3,14.0,0.05312480342340661,0,4.0,0.9023476414272846,19,743.0,0.11933238647678483,15,1344.0,0.1429196552445808,0,4.0,0.8730671758452563,1,22.0,0.7905085406400539,3,15.0,0.4306595520252142,0,0.0,0.6699848831239668,15,892.0,0.23309078818496887,33,1847.0,0.12185964764914575,3,21.0,0.569699519754928,0,4.0,0.8398154853886389,32,1738.0,0.021125602100224995,28,1823.0,0.1675990929057501,181,9994.0
440.0,387,74,178,715,1102,0,3294.0,8.511627906976743,3.494873171347202,28,1105.0,0.0780744382354577,7,478.0,0.19092699509370067,6,48.0,0.16771917396799274,0,4.0,0.8809574410304772,20,826.0,0.07905231714769537,11,1385.0,0.13618420734302059,0,0.0,0.7138362300226395,1,27.0,0.8012947836479005,8,52.0,0.31107519111588927,2,6.0,0.5244158442620778,11,954.0,0.20205001339023548,36,2023.0,0.1541179779164813,0,12.0,0.8284834533368571,2,9.0,0.3721830107683698,23,1422.0,0.08608648116559126,23,1750.0,0.10901929343378368,178,10101.0
445.0,391,80,164,721,1112,0,3203.0,8.191815856777493,3.9563002212710945,29,1074.0,0.11286310414620598,6,326.0,0.3090775964647287,0,44.0,0.6941579169540475,0,4.0,0.39685066359280285,22,933.0,0.05520942190146803,14,1448.0,0.12523552262982698,0,4.0,0.42869656863737005,0,0.0,0.6447267719565936,9,97.0,0.510565381330823,0,2.0,0.5658534174685375,12,996.0,0.18188460039844906,36,2199.0,0.048519985253663744,0,0.0,0.8150293564067549,0,8.0,0.22927916837647522,14,1416.0,0.23833722433780583,22,1472.0,0.1663361000597019,164,10023.0
450.0,383,81,156,736,1119,0,2654.0,6.929503916449086,4.098103159092889,24,870.0,0.1594969775133762,2,246.0,0.40949600085542726,0,8.0,0.8655252991243332,0,4.0,0.8632561041172623,23,932.0,0.04997636276778296,23,1546.0,0.04784813485007805,0,4.0,0.8612312929116376,5,17.0,0.43558805727507827,3,94.0,0.4930509284177395,0,4.0,0.7919847785255918,21,1079.0,0.07001396445383709,30,2116.0,0.03569150200885081,1,3.0,0.5937865480672151,0,4.0,0.8430300886296278,13,1484.0,0.26580865449129487,11,1355.0,0.20693076552975034,156,9766.0
455.0,385,84,153,747,1132,0,2047.0,5.316883116883117,4.015857410017157,18,583.0,0.21226391681711065,6,267.0,0.3319849901462218,0,4.0,0.4804041801191525,0,4.0,0.8996829243364672,20,824.0,0.12331672527092304,28,1678.0,0.1746063531458239,0,2.0,0.9250075510930375,1,18.0,0.2124910883949641,1,44.0,0.41895009880058753,0,4.0,0.8141195531725206,30,1212.0,0.01829924025078905,22,1777.0,0.18507204163014265,3,16.0,0.5347279375404425,0,4.0,0.8925328384616208,14,1542.0,0.1714444283952482,10,1385.0,0.1565369002018766,153,9364.0
460.0,387,88,166,757,1144,0,1821.0,4.705426356589148,3.6645787663247593,7,623.0,0.2764419039162065,14,322.0,0.2246125830101711,6,25.0,0.05024629847921411,0,0.0,0.8632673115314368,17,916.0,0.1035153820595388,33,1832.0,0.18317496333640462,2,4.0,0.18862445317452398,5,16.0,0.35963915615457664,3,38.0,0.3951151580003062,2,7.0,0.7269994736455734,32,1353.0,0.025832204746304776,14,1409.0,0.308626521678944,0,14.0,0.6950917602179186,2,7.0,0.22161332492774305,17,1380.0,0.09455947757040954,12,1440.0,0.13273988060111414,166,9386.0
465.0,390,90,170,760,1150,0,1932.0,4.953846153846154,3.4245193412944084,8,639.0,0.2848842502808949,19,408.0,0.11405600104595204,2,35.0,0.468920945229823,0,4.0,0.7053819915461832,13,995.0,0.10118991277466871,35,2003.0,0.14383684101541225,5,25.0,0.08396387367377661,5,41.0,0.5063789647952849,8,68.0,0.27373194023629205,0,4.0,0.5218816247164016,36,1510.0,0.12466119563206336,5,1343.0,0.25693797138678065,1,8.0,0.6018999676941461,1,9.0,0.17455349785041716,14,1446.0,0.15630718126697754,18,1527.0,0.07642781832919185,170,10065.0
470.0,402,90,176,764,1166,0,1947.0,4.843283582089552,3.585905110236091,10,608.0,0.23878342051320647,26,529.0,0.14117153445535988,0,16.0,0.7142873729641525,2,9.0,0.41715602258787143,9,941.0,0.22690494773510939,30,1969.0,0.061184359352246365,5,56.0,0.4570580392000346,5,66.0,0.3965205480466405,5,75.0,0.3295591144027633,5,22.0,0.36276052183961266,30,1468.0,0.14719138853100996,6,1365.0,0.3195319806171623,7,33.0,0.28612544681608504,0,5.0,0.8236322485158745,17,1501.0,0.1511886563338366,19,1412.0,0.16484056646230236,176,10075.0
475.0,412,91,170,769,1181,0,1806.0,4.383495145631068,3.804349120931715,8,498.0,0.21935213887055074,26,661.0,0.19493299664489416,3,21.0,0.49756052779637694,8,36.0,0.4060296543640384,7,978.0,0.2246955543462225,28,1732.0,0.0680934996892545,5,81.0,0.6089502340486657,0,47.0,0.4457841159538877,3,34.0,0.4702918127511683,0,24.0,0.6874512203683664,24,1260.0,0.08682315875990303,12,1415.0,0.25248474963671214,11,80.0,0.13592298288591925,1,9.0,0.7750966763960102,19,1592.0,0.06388404328047423,15,1091.0,0.3163990059511221,170,9559.0
480.0,414,92,163,774,1188,0,1673.0,4.041062801932367,3.2969238206860894,2,446.0,0.22955003725879886,23,651.0,0.11553434718588029,8,51.0,0.4595893938351709,8,72.0,0.17751028350226453,11,1024.0,0.19013614606287343,18,1832.0,0.13703694955875467,1,60.0,0.4153910201178595,2,5.0,0.6114146123543687,2,36.0,0.366893625223949,2,8.0,0.716855093871695,17,1355.0,0.11002692370649285,21,1503.0,0.12595928988468102,12,144.0,0.0672370213917555,3,18.0,0.175605398963061,22,1691.0,0.041411372161600644,11,1150.0,0.27527752143859396,163,10046.0
485.0,425,95,158,776,1201,0,1413.0,3.324705882352941,3.7707575813562397,8,455.0,0.23620484575735848,21,531.0,0.15688363127703872,4,58.0,0.25260546971281345,2,75.0,0.28348652009244074,18,1100.0,0.10543768312346231,14,1880.0,0.25108988614843103,2,16.0,0.2857413638157448,0,2.0,0.7891270433599721,3,43.0,0.6832902220109364,1,4.0,0.5185069788509812,13,1416.0,0.194152604190536,21,1415.0,0.02251290704780953,12,208.0,0.30759300265272743,2,21.0,0.20417700433230176,28,1821.0,0.12025919728080238,9,1194.0,0.23266000904657805,158,10239.0
490.0,426,103,156,783,1209,0,1355.0,3.18075117370892,4.603564834011728,14,509.0,0.2145970294993107,10,591.0,0.2090973416295008,5,33.0,0.18055692155021202,0,26.0,0.7437293604071887,22,1204.0,0.018115763888736817,11,1744.0,0.28817535649913345,6,37.0,0.43301199189851797,0,0.0,0.8695588036611832,0,18.0,0.7778643839757666,6,26.0,0.3947137308362308,8,1295.0,0.2961981803905305,16,1155.0,0.11776215907065343,6,206.0,0.5416253031952211,0,8.0,0.7817013428109612,34,1981.0,0.13577804367967844,18,1265.0,0.07035902163101192,156,10098.0
495.0,421,98,140,801,1222,0,1226.0,2.9121140142517814,4.200049768165523,14,490.0,0.16928837364754618,9,636.0,0.2293434712769501,3,39.0,0.11980633233075973,0,6.0,0.8703765684398542,24,1180.0,0.02275423814363678,11,1425.0,0.1805875314004575,6,69.0,0.6097468605521719,0,0.0,1.0,1,4.0,0.6352995574920771,0,28.0,0.6123047411225678,6,1064.0,0.23829828511609805,10,1111.0,0.2886524119041239,1,126.0,0.3635068733472604,0,6.0,0.8513040271324265,32,1944.0,0.054903983418397084,23,1374.0,0.05768900441938845,140,9502.0
500.0,418,101,148,817,1235,0,1252.0,2.9952153110047846,3.7496265706073335,11,394.0,0.18276456102606928,12,692.0,0.2005910907867855,6,53.0,0.06439223611623872,0,4.0,0.7672932708055482,19,1084.0,0.05891739791951613,14,1475.0,0.12304024885745377,6,93.0,0.45356737717407253,0,0.0,0.9568739259501453,3,17.0,0.43270803311124584,3,13.0,0.6906451968422092,6,1092.0,0.11210046109312548,11,1163.0,0.267702771668866,3,111.0,0.20765579736896267,2,10.0,0.6178974741640937,27,1607.0,0.07753091262352255,25,1496.0,0.16497561487101864,148,9304.0
505.0,416,105,138,831,1247,0,1131.0,2.71875,3.6274543983308214,12,446.0,0.17985761252059235,20,780.0,0.16289473114781325,0,45.0,0.5625505140145346,0,5.0,0.850952689764123,19,1186.0,0.06995712111743584,13,1526.0,0.12782710203445066,3,79.0,0.16208317886884274,0,4.0,0.790024529344721,0,13.0,0.5091590099753295,0,9.0,0.6344826796285362,11,1133.0,0.13470610664587057,13,1214.0,0.20284806024791296,8,135.0,0.12681753013536012,1,13.0,0.28956896381826464,15,1600.0,0.21826702361907874,23,1387.0,0.1679914250882637,138,9575.0
510.0,411,109,158,840,1251,0,1231.0,2.995133819951338,4.258405267636792,14,516.0,0.1611412541482213,27,901.0,0.10848218140088317,0,8.0,0.8829679526153793,0,3.0,0.8824626066892735,17,1275.0,0.17160757107810656,14,1383.0,0.09189245728755258,2,24.0,0.5408796464497289,0,4.0,0.83963733725511,0,0.0,0.7672941708136723,4,14.0,0.32200845351207324,15,1202.0,0.16663281035524813,19,1299.0,0.11159862691083287,12,188.0,0.30313853620415787,5,24.0,0.41645134717690885,11,1643.0,0.2934119111143524,18,1057.0,0.2623484892784695,158,9541.0
515.0,411,114,166,851,1262,0,1450.0,3.5279805352798053,4.182360904484613,9,483.0,0.20059614813235818,33,1059.0,0.10240900172036108,2,11.0,0.580184175273059,0,3.0,0.8861287433552628,18,1357.0,0.24631021298600078,13,1072.0,0.109545393106382,2,17.0,0.5994560114165751,0,4.0,0.8461004472282604,2,3.0,0.5963800526409356,9,51.0,0.23691071505358888,23,1302.0,0.16642055756519875,26,1417.0,0.08794202538684713,6,168.0,0.41052627878756326,0,27.0,0.5890000564784377,13,1695.0,0.2377919219871413,10,922.0,0.2821566173338579,166,9591.0
520.0,428,110,185,854,1282,0,1948.0,4.5514018691588785,3.8124606026404932,10,487.0,0.15681619137630856,34,1225.0,0.0981975594115654,6,26.0,0.2859908902668873,0,0.0,0.81857744501941,24,1460.0,0.16694102184818527,9,1033.0,0.2612915708169555,5,37.0,0.5064455321542629,1,5.0,0.39268018252412207,4,15.0,0.4766591110594165,9,96.0,0.2959431733115169,29,1431.0,0.07936569059088346,29,1559.0,0.1155281368481463,2,72.0,0.22484537817712386,1,10.0,0.6712816140086622,14,1560.0,0.18797810739610007,8,966.0,0.23348576028277548,185,9982.0
525.0,425,112,199,863,1288,0,2405.0,5.658823529411765,3.583949246721877,14,542.0,0.1347390395231358,30,1249.0,0.10073180184703572,4,34.0,0.06966007561089392,0,2.0,0.8168297433962417,31,1599.0,0.07947341290919548,7,1024.0,0.34304932642212627,8,73.0,0.11010532309570234,0,5.0,0.5708739371066694,1,16.0,0.5837960676523553,3,96.0,0.37076403126605134,36,1598.0,0.014137682845543693,29,1704.0,0.08786086182363022,7,45.0,0.1669231120104135,1,10.0,0.6053247181639185,16,1248.0,0.17354215744538307,12,1018.0,0.1967548845611738,199,10263.0
530.0,426,114,194,876,1302,0,2500.0,5.868544600938967,3.9234156077523084,16,612.0,0.12409847378556155,21,1119.0,0.15633300614513418,3,26.0,0.1844366477184573,0,1.0,0.8292606286190981,36,1770.0,0.00027990411337020166,14,1078.0,0.23721500580299038,11,123.0,0.30422473307971537,0,0.0,0.6980070457482218,0,4.0,0.8724915030842368,3,20.0,0.4832264275151476,31,1593.0,0.12831130574269803,23,1596.0,0.07874183778507284,1,42.0,0.4739480145230051,1,7.0,0.4865158866940695,14,1220.0,0.13679252501310624,20,1100.0,0.1370159758385109,194,10311.0
535.0,421,120,186,891,1312,0,2382.0,5.657957244655582,3.9558453872741373,22,710.0,0.1189325249306204,15,1205.0,0.18978394247574792,2,27.0,0.5948978577246132,0,5.0,0.7464928506774896,31,1754.0,0.10199438224891416,21,1171.0,0.13319761856444362,12,181.0,0.3052136311604245,0,0.0,0.3111988535862795,1,8.0,0.7765426638736079,1,19.0,0.5686946270620948,22,1386.0,0.19108513348267184,15,1266.0,0.1765285394247886,0,14.0,0.7909033726545154,7,33.0,0.15744931883837981,12,1268.0,0.12553350600719249,25,1213.0,0.028254727510543386,186,10260.0
540.0,413,123,184,904,1317,0,2056.0,4.978208232445521,4.058041792541903,31,849.0,0.08469898287315637,14,1275.0,0.19054695352762083,2,32.0,0.69864141897344,0,3.0,0.790758280616346,22,1541.0,0.19793847814404844,23,1288.0,0.2468789940955721,7,178.0,0.09419375274185408,0,4.0,0.578675333864996,4,16.0,0.4958519196855091,1,5.0,0.8382933940644504,19,1406.0,0.11722583500093368,12,1217.0,0.2266299133795708,0,4.0,0.8984788609195077,11,83.0,0.2589471783675106,13,1136.0,0.10466621981667004,25,1163.0,0.06924910491350274,184,10200.0
545.0,404,128,155,924,1328,0,1700.0,4.207920792079208,3.910921743321627,34,1004.0,0.09142338598237668,12,1199.0,0.2007599851559969,0,8.0,0.5952050639833951,0,0.0,0.808606673116796,16,1632.0,0.16026095547558936,26,1407.0,0.06725106292580411,6,119.0,0.21802781332121085,0,4.0,0.8759865294435868,1,17.0,0.43929034443280474,1,10.0,0.8343228175949365,12,1471.0,0.10582916435941393,10,1266.0,0.2408028637039418,2,7.0,0.5202343431694959,6,100.0,0.46537870461840997,11,1008.0,0.11419721756426492,18,909.0,0.16640166472263637,155,10161.0
550.0,405,134,141,933,1338,0,1535.0,3.7901234567901234,4.307162193094906,36,1173.0,0.10879985880298684,9,1000.0,0.20599620691393275,0,4.0,0.6631240172578174,1,4.0,0.08538104877011919,12,1705.0,0.08783109631891321,23,1317.0,0.025585913380973765,3,108.0,0.40355320404280864,0,4.0,0.7612434488949453,1,9.0,0.7321654152948969,0,0.0,0.7699726772982359,15,1537.0,0.20981989151695676,13,1319.0,0.12756992423864952,2,17.0,0.6180914690785476,1,61.0,0.5672843007555035,11,1043.0,0.19033685492632127,14,855.0,0.3021845706241607,141,10156.0
555.0,411,130,130,939,1350,0,1306.0,3.1776155717761556,4.329198255989887,31,1197.0,0.10410350436556019,4,965.0,0.23293883126407114,2,11.0,0.33846395011033076,0,0.0,0.30115028087559964,9,1582.0,0.21929728198671422,15,1006.0,0.20381121502511165,5,108.0,0.694085317092907,0,4.0,0.46985327207214683,1,5.0,0.7762045121857454,2,9.0,0.48998245502350224,15,1435.0,0.2261685460574904,20,1410.0,0.05648004069868355,0,4.0,0.8039195760623037,2,57.0,0.2809145988584697,13,1071.0,0.1741470711918459,11,911.0,0.2720246232542147,130,9775.0
560.0,417,133,139,946,1363,0,1219.0,2.92326139088729,4.405107602817013,24,1064.0,0.16863314000542123,7,988.0,0.25063405268450234,8,43.0,0.26848376003066576,0,4.0,0.815555246610093,6,1276.0,0.2683137427193095,8,1046.0,0.2927140159214323,5,129.0,0.6486369437943861,6,25.0,0.11535660992840462,2,9.0,0.5718644445914225,0,5.0,0.8050785471621716,12,1161.0,0.1215649521392199,26,1528.0,0.17403455309558677,0,0.0,0.7617970203864991,8,82.0,0.1578834513141686,15,951.0,0.10653864161914356,12,966.0,0.1762896057239094,139,9277.0
565.0,413,137,141,962,1375,0,1134.0,2.7457627118644066,3.8551941926721014,16,1086.0,0.19155946000488241,6,895.0,0.20849643832622025,8,85.0,0.37391060850102914,0,4.0,0.8906118712101385,6,1221.0,0.16935126538506257,12,1097.0,0.22347016751238596,8,162.0,0.2524632138790866,7,59.0,8.530625845693782e-06,1,13.0,0.5326108482101749,0,2.0,0.9205976002160893,10,1138.0,0.09774927817746054,26,1447.0,0.174231944684212,1,5.0,0.17037657743723783,11,133.0,0.3092735585813662,16,726.0,0.0999389803213544,13,885.0,0.1085935802054024,141,8958.0
570.0,409,137,147,974,1383,0,1173.0,2.867970660146699,4.1019415335812806,14,1157.0,0.1808570645826172,4,678.0,0.20891034119338453,8,123.0,0.46450079956905466,0,0.0,0.889692094854175,11,1267.0,0.11725173431879286,16,1166.0,0.13116942949228674,11,214.0,0.1510831773513518,7,94.0,0.2834241027557639,1,9.0,0.8107839735326329,0,0.0,0.6509203325398564,13,1207.0,0.20973915474911645,21,1165.0,0.10588816076852582,5,31.0,0.6120530726822924,12,193.0,0.30780346934792363,13,775.0,0.19777229357957052,11,671.0,0.10215465463404289,147,8750.0
575.0,403,145,145,988,1391,0,1369.0,3.3970223325062037,4.183933274964518,9,1069.0,0.20136395344805882,6,695.0,0.23787570564699625,8,165.0,0.4383762967772914,0,0.0,0.9663377246656506,14,1329.0,0.1985868114632506,21,1265.0,0.02939268778674695,11,269.0,0.25300465106311687,7,129.0,0.4746984318497373,1,8.0,0.7963742818949537,2,11.0,0.6174303693253361,14,1269.0,0.2304210330322847,16,1154.0,0.10971253383558237,0,30.0,0.7245277211656457,12,249.0,0.07432949941241282,14,827.0,0.23011672354348148,10,605.0,0.15527976264763368,145,9074.0
580.0,409,141,135,1002,1411,0,1146.0,2.801955990220049,3.834915929055481,7,907.0,0.22971655123796506,10,727.0,0.23758179957853318,5,149.0,0.29851160523077974,0,4.0,0.7971735017707486,15,1222.0,0.24555384404265465,28,1396.0,0.055497362117916414,5,221.0,0.2957564381323969,1,108.0,0.5223810522452093,3,17.0,0.579134535467956,0,2.0,0.7466640512032737,20,1355.0,0.10640968392398346,11,1212.0,0.24264154565562887,1,7.0,0.3954781594329246,6,234.0,0.11355172351849767,16,891.0,0.18061872475374383,7,647.0,0.2544925837953918,135,9099.0
585.0,409,138,153,1013,1422,0,1234.0,3.0171149144254277,3.844758563830755,7,826.0,0.2267347708472326,16,794.0,0.15946123635939205,0,66.0,0.5121253352312385,0,4.0,0.8744255533419155,13,961.0,0.244846095821736,30,1545.0,0.07337240863150751,2,70.0,0.4540922357260101,3,11.0,0.49696063557048525,1,10.0,0.4783757286470997,0,2.0,0.9068019916572385,25,1279.0,0.036139070819902315,15,1274.0,0.2755984267853797,4,14.0,0.1413625558428023,1,133.0,0.579880839727218,23,993.0,0.06395694822264945,13,695.0,0.27574402251830127,153,8677.0
590.0,422,140,183,1014,1436,0,1796.0,4.2559241706161135,3.719132233652166,7,846.0,0.2290552199885525,23,891.0,0.12671992269042837,2,47.0,0.3267487835034017,0,6.0,0.8768272276235156,12,941.0,0.14973929552088683,36,1711.0,0.0928724338018138,0,46.0,0.4190114565469337,2,22.0,0.5508561403221567,1,7.0,0.6697120010470491,0,0.0,0.7736979622397904,24,1394.0,0.1358439345166193,20,1363.0,0.1415892666078679,4,29.0,0.5297560275702882,3,114.0,0.6282109416920796,29,1132.0,0.021890114922601126,20,777.0,0.18905365158178508,183,9326.0
595.0,425,146,217,1021,1446,0,2309.0,5.432941176470588,3.99111890712945,13,897.0,0.18949880226200913,29,1024.0,0.10992431112836082,7,74.0,0.002488833837011856,0,2.0,0.9024437873997156,14,1001.0,0.13860501629977523,31,1637.0,0.16776700209368423,3,64.0,0.5984069306061816,1,8.0,0.3847249834602702,1,12.0,0.8143329345751599,1,3.0,0.6140995918052344,24,1505.0,0.18876814650068707,28,1491.0,0.08815301345379897,4,48.0,0.5861183816707832,5,132.0,0.568106027722737,30,1106.0,0.1238826545102959,26,899.0,0.17775434936657786,217,9903.0
600.0,425,146,209,1029,1454,0,2582.0,6.075294117647059,3.770105706649462,14,846.0,0.18315768318441755,32,1187.0,0.1233899029770886,9,123.0,0.0754302159363168,1,3.0,0.8119100980308407,14,1065.0,0.08999149369417003,23,1341.0,0.18496560801517625,3,79.0,0.718747267120519,6,27.0,0.1451444531795403,0,0.0,0.6880307816981512,0,3.0,0.6268299576386713,21,1611.0,0.16078413083194273,31,1643.0,0.11169033948813538,0,33.0,0.29757883838166665,7,165.0,0.16511453893036004,22,946.0,0.2350265972492595,26,1031.0,0.22064379524618044,209,10103.0
605.0,420,148,198,1048,1468,0,2485.0,5.916666666666667,3.2614193397672473,11,793.0,0.15908940001992117,28,1165.0,0.1075736703658416,3,103.0,0.45540380329295477,1,10.0,0.6908714317813336,27,1179.0,0.04971805285554465,15,1332.0,0.16405685046286853,3,94.0,0.5975053570843722,8,65.0,0.19544918178779846,2,12.0,0.4697453390192373,0,2.0,0.9643029046355119,23,1714.0,0.07692846086327686,25,1548.0,0.08722939641787936,0,4.0,0.40165422551051805,12,216.0,0.29094825683969466,16,770.0,0.22809738080212139,24,1005.0,0.09348679454882214,198,10012.0
610.0,417,153,172,1062,1479,0,1971.0,4.726618705035971,3.7246722383175777,14,855.0,0.15120857145224192,22,979.0,0.17609762650627395,0,43.0,0.8320996979303743,1,15.0,0.7946839864364609,27,1309.0,0.04575632261153414,11,1390.0,0.1556492739205925,2,41.0,0.1889775309381595,8,109.0,0.36356931479039717,0,8.0,0.7170387699493398,0,2.0,0.7101244589641063,30,1852.0,0.019234775164054075,18,1272.0,0.11231515669578561,0,8.0,0.772862355281649,6,184.0,0.38556232837180354,9,826.0,0.2744984887467296,24,809.0,0.08854582192254555,172,9702.0
615.0,415,157,159,1068,1483,0,1787.0,4.306024096385542,4.586785623461808,17,941.0,0.12389321413433928,16,686.0,0.22751374953757245,2,33.0,0.7574966502051709,1,5.0,0.7934923882451866,33,1437.0,0.12530258878726966,13,1452.0,0.10998230746733603,1,9.0,0.4521319966896345,8,149.0,0.5450619545755584,0,4.0,0.9184156114697875,3,10.0,0.4583259091609411,36,2021.0,0.10613721173341127,7,1232.0,0.1436098906821615,0,8.0,0.9021977465596134,2,65.0,0.31667733451128566,9,853.0,0.265673945335107,11,819.0,0.15150123975099813,159,9724.0
620.0,420,159,154,1077,1497,0,1526.0,3.6333333333333333,4.227853041769945,19,1029.0,0.1412949754755782,4,711.0,0.2916488433151579,4,46.0,0.3477803707671317,1,6.0,0.6339429671261889,31,1403.0,0.1520582651899675,15,1330.0,0.18959229555726087,2,6.0,0.6440367009257715,4,130.0,0.3794661361468094,2,6.0,0.6490055827920189,0,5.0,0.5436312987622992,30,1950.0,0.1645151655212193,9,1272.0,0.15233525710928406,0,4.0,0.8431828485475152,6,28.0,0.2410731776908695,18,923.0,0.09904768368745484,9,856.0,0.21126524692593285,154,9705.0
625.0,422,161,155,1089,1511,0,1325.0,3.139810426540284,4.0392376574810305,19,995.0,0.1338555497345206,9,727.0,0.32767101660188064,8,81.0,0.05514678789151197,1,4.0,0.1440320592123674,24,1177.0,0.08727076596021617,11,1040.0,0.2323287060805499,3,23.0,0.7550173013289532,6,46.0,0.20630730788159496,5,25.0,0.3008176142969261,0,0.0,0.9023919189699002,23,1637.0,0.13602134388017645,15,1332.0,0.2598853742515558,2,7.0,0.42631234276659236,0,26.0,0.7210256667149572,22,791.0,0.0523065291990812,7,777.0,0.24278571822924666,155,8688.0
630.0,418,161,149,1101,1519,0,1168.0,2.7942583732057416,3.793856177584044,18,831.0,0.15877141686791876,15,788.0,0.2220569341193018,10,132.0,0.3142360292467666,3,19.0,0.5697440195164917,23,1291.0,0.07586330047026066,9,1017.0,0.11749902465044784,3,38.0,0.7080226176002822,3,56.0,0.2127671583087848,12,72.0,0.2312752030565282,0,0.0,0.8044693154845152,17,1637.0,0.13539397053506277,15,1222.0,0.26697982669806536,0,10.0,0.4772711006016882,0,4.0,0.7986047394606731,16,865.0,0.08351307597142418,5,552.0,0.13960983987929274,149,8534.0
635.0,418,167,150,1111,1529,0,1044.0,2.4976076555023923,3.878924833538391,17,844.0,0.18108421193077595,21,880.0,0.13988009383075825,10,184.0,0.41356795510086874,3,34.0,0.71006744304075,15,1372.0,0.21072409913044388,11,1074.0,0.1289209944570964,6,58.0,0.2890953095387163,7,62.0,0.10494973566395537,7,93.0,0.3045956758899828,1,5.0,0.608478531092447,13,1707.0,0.12875463997413247,14,866.0,0.21091489260011823,0,4.0,0.7338895058773097,4,10.0,0.32916346465072577,16,908.0,0.19138414917326949,5,566.0,0.13323994109480225,150,8667.0
640.0,415,175,155,1122,1537,0,1240.0,2.9879518072289155,4.024218301256602,12,913.0,0.20018680543108291,28,1003.0,0.11509064986919945,14,245.0,0.3510762890013722,3,45.0,0.625126499405217,16,1423.0,0.22257798666149398,15,1135.0,0.19279836697133793,9,98.0,0.001321147208704445,8,100.0,0.2565906295629868,3,65.0,0.47239429370759645,0,5.0,0.7659880453762998,14,1774.0,0.21108259174487115,10,917.0,0.18667300342521728,0,4.0,0.8874681951512672,2,23.0,0.13849287393970558,12,866.0,0.22850341898547533,9,600.0,0.15610240408594342,155,9216.0
645.0,415,171,152,1134,1549,0,1403.0,3.3807228915662653,3.8524057003920342,9,825.0,0.18782130806978123,25,991.0,0.14595986931683816,17,323.0,0.22988908131414248,3,60.0,0.4212313788967745,21,1512.0,0.1267771612944653,22,1228.0,0.1223055582250362,4,88.0,0.31171145379572307,2,82.0,0.5426304994215625,1,56.0,0.3338324693237037,0,4.0,0.9115519657654415,14,1645.0,0.1891183253922256,9,959.0,0.23244951214596188,0,4.0,0.5037883339884851,3,23.0,0.5380408240664655,7,691.0,0.14126547438198217,15,661.0,0.2501145719690737,152,9152.0
650.0,422,172,148,1142,1564,0,1499.0,3.552132701421801,4.088588978696168,8,679.0,0.19605964028450248,16,773.0,0.1780613594102727,17,412.0,0.13159331957343043,3,77.0,0.11393298705967977,23,1440.0,0.05173033807242753,27,1351.0,0.031019027936535177,0,33.0,0.7551386247783046,0,27.0,0.8200429357540941,5,74.0,0.5764918128495041,1,7.0,0.5454350830786688,13,1332.0,0.0919751353907191,14,1018.0,0.16546648896489302,1,8.0,0.7040308391848029,0,10.0,0.8649721420409896,7,709.0,0.0931548235629151,13,616.0,0.2620903817265625,148,8566.0
655.0,426,173,158,1153,1579,0,1616.0,3.7934272300469485,3.917768246645636,6,704.0,0.1819828330274814,13,793.0,0.2132683171113951,17,499.0,0.228512481467933,3,94.0,0.5605445240765723,23,1098.0,0.16702187398692261,30,1496.0,0.055559358730890976,3,33.0,0.6579880778671382,1,21.0,0.592783657630893,5,97.0,0.5903190686571871,1,8.0,0.4265599639810654,14,1393.0,0.09394541128991082,17,935.0,0.04664692349442823,0,8.0,0.8368999590268643,0,0.0,0.7237403505317781,11,733.0,0.13420588662533783,14,432.0,0.22238157151432025,158,8344.0
660.0,423,175,152,1162,1585,0,1532.0,3.6217494089834514,3.866604399028077,10,741.0,0.1543779966956338,10,847.0,0.22127146606385112,11,472.0,0.2186892926130694,0,39.0,0.7185750876983382,17,1181.0,0.285514095232628,35,1662.0,0.012464973781298877,3,48.0,0.46327056268586,2,28.0,0.2655574232869879,6,124.0,0.2770820620793273,3,12.0,0.41734236486008847,14,1457.0,0.20254382672896,14,738.0,0.2378919586566885,0,4.0,0.8797469502968133,3,7.0,0.2030778403487995,14,786.0,0.1962924039875289,10,484.0,0.11858261570260853,152,8630.0
665.0,427,180,145,1169,1596,0,1300.0,3.0444964871194378,4.314715692321443,11,661.0,0.17856036148677204,13,903.0,0.2283669780275091,7,308.0,0.3935471506434514,1,9.0,0.6897824000817485,12,1235.0,0.19717991611629762,30,1625.0,0.14489699118456506,3,67.0,0.2755266488633295,8,57.0,0.0006885753469341721,12,173.0,0.17527130337698332,0,7.0,0.5123747400140097,10,1330.0,0.22729279430928084,9,719.0,0.33087090440006184,0,4.0,0.9550556220645252,7,38.0,0.0473688925435312,15,742.0,0.19530466633015783,7,516.0,0.1854319336385972,145,8394.0
670.0,432,180,130,1180,1612,0,1144.0,2.6481481481481484,4.105958305186919,11,473.0,0.20176265437490679,12,854.0,0.19985012188881984,3,326.0,0.38896986130510924,0,5.0,0.533388535127514,16,1301.0,0.09900103228802067,20,1383.0,0.28212805787059503,3,82.0,0.6030288442242053,2,51.0,0.1630339113515962,13,241.0,0.24580358217729464,0,0.0,0.9179495361275565,9,972.0,0.13706852363734548,7,747.0,0.27576147278548374,1,6.0,0.5219229209461212,7,75.0,0.3477506946356335,13,551.0,0.10073672325631826,13,571.0,0.22515488509935702,130,7638.0
675.0,424,178,145,1198,1622,0,1150.0,2.7122641509433962,3.6820223193806245,5,463.0,0.20269050488678095,11,682.0,0.1672077618550098,8,359.0,0.24626792320218244,2,7.0,0.23900409867125044,27,1412.0,0.05287407399741202,13,1370.0,0.26164120815326636,0,33.0,0.8433625984790551,0,21.0,0.6711999383983361,13,306.0,0.382381592777373,2,4.0,0.5550833784927056,7,914.0,0.14095517605851224,15,806.0,0.11946908431468282,6,28.0,0.3454632513621758,1,68.0,0.5561866750822925,15,577.0,0.1021171416362681,20,656.0,0.1899532440529672,145,7706.0
680.0,429,181,170,1206,1635,0,1334.0,3.1095571095571097,3.679643029432907,11,504.0,0.2094348827013848,11,727.0,0.18413815116567242,11,322.0,0.2119188937946232,5,25.0,0.1428573216926953,34,1569.0,0.05880944289970503,11,1430.0,0.217478696149962,0,0.0,0.8753591279058306,0,8.0,0.8709343246527356,8,276.0,0.32090963750981155,3,20.0,0.43285583788993875,8,943.0,0.2470705497059382,22,904.0,0.060521624801053546,7,63.0,0.11462338398487851,2,20.0,0.275314347677691,11,632.0,0.21595262034626211,26,776.0,0.17202827822922312,170,8219.0
685.0,430,189,176,1213,1643,0,1649.0,3.8348837209302324,3.970567041730047,13,504.0,0.19802534146122708,12,786.0,0.2039575955775208,5,182.0,0.23359976960381454,4,39.0,0.5374592953731125,35,1724.0,0.09934528516574875,14,1486.0,0.2178499649992573,2,3.0,0.284425106499612,2,10.0,0.6578654268917692,5,165.0,0.30892045145372987,0,12.0,0.653938916138533,8,832.0,0.28740424170981504,29,1040.0,0.14006242353632775,7,98.0,0.11378498878843041,0,14.0,0.25936045688555986,9,578.0,0.2360581436548166,31,928.0,0.0995610923707105,176,8401.0
690.0,435,181,165,1224,1659,0,1917.0,4.406896551724138,3.4864773973016403,12,451.0,0.16738789994714307,15,849.0,0.17888467243609452,3,183.0,0.1846509253907155,4,57.0,0.6833150830885076,36,1862.0,0.05771409717742878,15,1383.0,0.17758544117992903,1,8.0,0.18079183978320307,1,4.0,0.3212569837442951,2,123.0,0.32152560467817776,0,4.0,0.8505344963178872,6,601.0,0.16172659093310102,32,1194.0,0.17314489365860378,1,81.0,0.12646175194948636,0,8.0,0.7773123230529192,8,513.0,0.13015382353763688,29,938.0,0.023269188207167307,165,8259.0
695.0,437,182,180,1237,1674,0,1999.0,4.574370709382151,3.6187308427333127,11,493.0,0.14068332017362886,21,940.0,0.13295049886620713,7,198.0,0.34059953649316244,2,40.0,0.4505726958346653,35,1823.0,0.033199340604549744,13,1118.0,0.16820830345924828,0,9.0,0.8049314676620466,7,31.0,0.08382730011406872,8,140.0,0.2645432296970573,0,0.0,0.6647428511830014,7,620.0,0.10752135535554455,36,1359.0,0.09486868752653918,1,24.0,0.6687069352162336,0,8.0,0.9056454450803528,8,542.0,0.08864573589809766,24,837.0,0.1582275419931478,180,8182.0
700.0,442,184,189,1246,1688,0,2233.0,5.052036199095022,3.8711931859822646,16,557.0,0.15569184772071457,30,1070.0,0.10525453074820472,10,248.0,0.1936875798339714,6,29.0,0.1850296562137266,25,1580.0,0.1869602441653165,9,1090.0,0.18836190470734285,2,15.0,0.7964976405568707,3,46.0,0.44340425774208175,11,194.0,0.25471113335919116,2,4.0,0.6605593958796183,10,646.0,0.21784495640481127,37,1544.0,0.09456541099128232,0,4.0,0.783110372107571,1,10.0,0.5658470867322328,13,573.0,0.18361375609482208,14,914.0,0.2153854986101068,189,8524.0
705.0,435,188,189,1257,1692,0,2330.0,5.35632183908046,3.7051143928261263,17,637.0,0.12135387649347876,33,1230.0,0.08156440267158876,8,211.0,0.15528938570045525,7,68.0,0.09088336877143804,16,1580.0,0.2011070072515769,8,1125.0,0.2430063700191193,5,27.0,0.31534965176025415,0,20.0,0.823880550583765,11,249.0,0.20419683700311086,0,1.0,0.6281945709751185,17,709.0,0.2614703427662169,31,1510.0,0.10235768117875528,0,4.0,0.7257303214762174,2,15.0,0.2079227674621004,21,659.0,0.20626284351783788,13,968.0,0.18632261347240034,189,9013.0
710.0,439,190,191,1267,1706,0,2319.0,5.28246013667426,3.744829788596066,22,735.0,0.12068011872077808,33,1395.0,0.10437521305017337,0,117.0,0.43799259195671214,1,64.0,0.6226998112515585,15,1639.0,0.14685492175103393,14,1182.0,0.2532500358622998,4,29.0,0.06998427299842133,3,23.0,0.5292545757827006,11,304.0,0.2511433878319889,0,0.0,0.8761726549576796,24,809.0,0.16688285929564123,24,1173.0,0.15481153828033162,1,6.0,0.561287692675819,6,31.0,0.4008812905345417,23,649.0,0.14755432922919756,10,905.0,0.15006150452356484,191,9061.0
715.0,441,194,194,1277,1718,0,2322.0,5.26530612244898,3.840342710505054,24,745.0,0.12659869962606818,33,1562.0,0.11053715787795747,3,123.0,0.46546051104578356,0,18.0,0.8814396551760887,10,1529.0,0.13785637877981685,21,1274.0,0.13724649002837633,2,17.0,0.3915258040654204,5,41.0,0.22648543481670144,5,261.0,0.3283673408149593,1,4.0,0.6239646734727324,30,945.0,0.07610340577563574,16,1253.0,0.1761735368251068,6,25.0,0.4887317388489189,7,65.0,0.4082227759581928,25,748.0,0.1475973231682887,6,679.0,0.12236782600668046,194,9289.0
720.0,439,192,198,1289,1728,0,2444.0,5.567198177676538,3.4742233898029093,23,805.0,0.1068501337903872,34,1731.0,0.09876441232994274,9,159.0,0.26661457541539063,0,4.0,0.40314856816158107,6,1166.0,0.2700320980204677,27,1405.0,0.08228089813988743,2,14.0,0.46965122916322616,8,78.0,0.23108034686372517,2,120.0,0.40951363914060485,3,15.0,0.6844864230756506,35,1111.0,0.02717263099598787,14,1319.0,0.17905015627090293,2,36.0,0.16953458260503823,2,61.0,0.3202130436752065,24,848.0,0.1377032261931228,7,699.0,0.2764033852218915,198,9571.0
725.0,433,199,196,1304,1737,0,2454.0,5.6674364896073905,3.4954612129190448,21,908.0,0.1306469409405472,30,1703.0,0.10414315785943713,8,146.0,0.2736410970833541,6,27.0,0.10608185162527262,7,1186.0,0.3396295230143608,28,1348.0,0.09080996804998072,3,28.0,0.527196492859639,2,65.0,0.6067420141593582,2,125.0,0.36522200082337125,0,6.0,0.7066261968660879,36,1293.0,0.012421864596293675,16,1387.0,0.163553808320023,6,29.0,0.20845355388329798,4,34.0,0.20535214279012284,19,951.0,0.13102603092354806,8,730.0,0.31882483231473907,196,9966.0
730.0,430,203,184,1319,1749,0,2322.0,5.4,4.142295116724154,18,1000.0,0.12991971249864998,22,1460.0,0.17313308342252856,2,86.0,0.5283737175429568,6,57.0,0.40877542209676704,10,1223.0,0.31100441115686994,20,1098.0,0.22372549487389431,0,13.0,0.588252373870095,0,19.0,0.7172067194440618,5,146.0,0.5925042803802643,1,3.0,0.5627155242257319,30,1279.0,0.14464798097230144,22,1487.0,0.06661964621926773,6,52.0,0.46426733859010544,6,56.0,0.4415615258360363,22,1055.0,0.06705888151832455,14,787.0,0.19218943566645438,184,9821.0
735.0,429,207,178,1324,1753,0,2224.0,5.1841491841491845,4.097466919039469,20,1094.0,0.10036100147686332,16,1085.0,0.21987907509891552,2,75.0,0.3761736040131444,6,91.0,0.4048782128785665,16,1289.0,0.2875670760317882,14,1176.0,0.25411157531590894,0,4.0,0.8075587319287144,3,23.0,0.12166244316125363,1,94.0,0.6682171746397604,1,14.0,0.38466967936633134,22,1152.0,0.2275476454666655,29,1621.0,0.03527668855139013,0,46.0,0.5977450718862531,0,49.0,0.48137007222154327,28,1182.0,0.006804253428603037,20,878.0,0.10816356950292512,178,9873.0
740.0,433,209,200,1334,1767,0,2218.0,5.122401847575058,4.106659959676271,28,1220.0,0.12460634089027245,8,828.0,0.3183683945867547,7,102.0,0.13178977487861315,4,80.0,0.35170646824548907,23,1387.0,0.14795795021891384,11,1238.0,0.24888425350176122,0,0.0,0.8243006731555043,4,43.0,0.2942034267528678,3,10.0,0.6555849778824888,4,19.0,0.6072912957350027,19,1246.0,0.14624635824683588,34,1783.0,0.0006588925923949906,1,5.0,0.09546604418652943,0,8.0,0.6465286712724846,29,1168.0,0.059754405112844966,25,1003.0,0.06338417190870409,200,10140.0
745.0,431,215,189,1346,1777,0,2466.0,5.721577726218097,4.254614883604996,33,1376.0,0.11833953524689,2,818.0,0.40645224864861507,10,145.0,0.03534749687270506,0,22.0,0.5570514983923257,28,1515.0,0.038188760727826856,14,1300.0,0.1781160124811365,0,0.0,0.7741572889458531,0,21.0,0.7528323190986002,2,8.0,0.4594540371867611,0,16.0,0.6527850784674798,15,1332.0,0.13410383760304673,35,1961.0,0.021770561534612893,0,10.0,0.23217553032322782,3,16.0,0.4964915633596849,22,1026.0,0.24483644724571416,25,1128.0,0.11464773901624102,189,10694.0
750.0,420,215,197,1365,1785,0,2430.0,5.785714285714286,3.9132691288210366,32,1385.0,0.09938328661827486,7,808.0,0.3211933397499067,4,139.0,0.41286902554259813,4,31.0,0.33401608219586704,29,1468.0,0.018920916482543234,21,1395.0,0.07202885871476247,0,0.0,0.305613931563931,0,0.0,0.9036437166257896,7,32.0,0.2569797946264229,2,8.0,0.5216423289871934,17,1410.0,0.13458367729699583,29,1895.0,0.15090146160376575,0,8.0,0.7338251024294825,5,33.0,0.4995861395914704,17,1061.0,0.25614200196581766,23,1104.0,0.032804230500676865,197,10777.0
755.0,411,220,173,1385,1796,0,1929.0,4.693430656934306,4.297027104528434,25,1233.0,0.1440961148383874,10,731.0,0.3043637857004301,0,60.0,0.7521806620858608,7,66.0,0.4167046257589425,23,1228.0,0.21035144626284244,21,1296.0,0.08490443020208238,0,4.0,0.43773901250455866,1,1.0,0.6345359856971131,14,92.0,0.21072951726394681,1,7.0,0.3784215726234919,22,1420.0,0.06483075276847279,19,1646.0,0.2703155191017026,0,8.0,0.8514659881487764,1,27.0,0.5963634135880899,13,1135.0,0.16711615483519648,16,938.0,0.10404646417638821,173,9892.0
760.0,407,227,158,1398,1805,0,1610.0,3.9557739557739557,4.2356565348171635,16,1323.0,0.17232096310901807,7,548.0,0.25337740446835805,1,27.0,0.6349011193804539,7,99.0,0.5467176188628637,19,1329.0,0.2540583289090024,19,975.0,0.07112038958721659,0,4.0,0.8456469337345018,3,12.0,0.6229211718444204,15,168.0,0.3420730850783078,3,15.0,0.4324951221156735,27,1540.0,0.01470620614437128,15,1636.0,0.16395274874035273,2,10.0,0.6784920384412438,1,8.0,0.4511782272364681,14,1200.0,0.09476801447098371,9,932.0,0.16268579133280334,158,9826.0
765.0,404,226,144,1410,1814,0,1324.0,3.277227722772277,3.611611001709322,14,1398.0,0.1615988556199468,2,508.0,0.23668254137051128,4,45.0,0.17311821914778117,11,142.0,0.32224902319935184,14,1396.0,0.14901168584933538,14,976.0,0.11212524126222838,0,4.0,0.9390788492706517,3,27.0,0.4230934000477258,16,245.0,0.22137421474483296,0,14.0,0.5252659521114348,28,1673.0,0.12914359163204003,11,1696.0,0.12350965653481198,2,8.0,0.39384152727982447,1,5.0,0.2826878174628344,15,1145.0,0.0794843493785823,9,978.0,0.2924769628810574,144,10260.0
770.0,406,232,170,1418,1824,0,1583.0,3.899014778325123,3.845836457394951,9,1309.0,0.19777820739552465,7,515.0,0.27044063460361256,9,82.0,0.34069484712792963,15,204.0,0.17234479202783426,17,1469.0,0.09715580296170498,10,1032.0,0.12043580676487939,0,0.0,0.7261790278556547,3,42.0,0.6621417435255272,21,340.0,0.14559215007206652,0,0.0,0.8207341154650406,30,1816.0,0.15853765103553552,14,1759.0,0.21793960049279687,5,18.0,0.3520957553980929,4,22.0,0.5176717622812593,12,959.0,0.17179349973005673,14,1041.0,0.2621692566759593,170,10608.0
775.0,413,233,191,1426,1839,0,2066.0,5.0024213075060535,3.679213263278969,7,1084.0,0.2241255692310437,13,570.0,0.3421046082241015,3,68.0,0.5513786606557296,15,283.0,0.043422615652920826,23,1572.0,0.044075844364675834,14,1088.0,0.22770414722903778,2,2.0,0.09215628173551847,3,57.0,0.7258039438652818,16,381.0,0.17624400393995573,2,8.0,0.5948592870589428,31,1960.0,0.07578449991124686,22,1853.0,0.22429348405263097,6,47.0,0.13495270523131062,0,17.0,0.6390744721940692,14,954.0,0.25621846627417655,20,1128.0,0.09426038147744732,191,11072.0
780.0,410,234,200,1436,1846,0,2423.0,5.909756097560976,3.3501534836125035,7,1047.0,0.1930372467746236,14,523.0,0.2180942712819633,1,28.0,0.5117163193136224,15,362.0,0.35122428858825117,24,1480.0,0.09374365464565593,18,1173.0,0.2262088823142074,2,12.0,0.0,5,75.0,0.4226556062989844,9,334.0,0.28379163735078783,3,19.0,0.5954226313153522,34,2128.0,0.028091233997371984,27,1971.0,0.12729875968051796,0,40.0,0.16016733261247942,0,4.0,0.4526903881333223,13,1019.0,0.2473518466318193,28,1251.0,0.0839394893604908,200,11466.0
785.0,416,238,202,1442,1858,0,2683.0,6.449519230769231,3.413997659737973,11,1091.0,0.19479979544685894,13,356.0,0.2079471976432019,1,12.0,0.12304278604168316,15,437.0,0.2837726960165984,19,1213.0,0.20012243353754636,24,1284.0,0.16279205925024073,2,24.0,0.15264080117432316,4,47.0,0.14274689249171102,2,313.0,0.41848170190624195,0,10.0,0.7428720827822154,31,2070.0,0.14067684841575748,29,2120.0,0.05245015445473003,1,5.0,0.19966866263845584,4,14.0,0.4531434498386637,14,1081.0,0.18422214802796988,32,1405.0,0.18328820331488266,202,11482.0
790.0,422,242,208,1448,1870,0,2900.0,6.872037914691943,3.480914800195603,14,1149.0,0.19296601283372275,3,320.0,0.2878180973512951,2,20.0,0.30026098209479185,16,429.0,0.07041851549791174,16,1226.0,0.2814925228642965,32,1430.0,0.0023834357560038673,0,4.0,0.814820069219035,6,28.0,0.2471340925945992,7,332.0,0.27886200288914903,3,8.0,0.4851807279622083,22,1792.0,0.23544653726844172,29,2269.0,0.07682115161835505,0,4.0,0.8671620544379456,5,40.0,0.6054141864404826,21,1171.0,0.04668593786352268,32,1565.0,0.16888024759241355,208,11787.0
795.0,427,241,207,1452,1879,0,2814.0,6.590163934426229,3.349029391965308,14,1091.0,0.15158924410328428,10,347.0,0.2723733097541056,2,4.0,0.18835486282211067,11,305.0,0.10762845405705686,13,1296.0,0.20496046168639273,29,1393.0,0.11613287898258629,0,4.0,0.7610011452092011,2,37.0,0.3234377492259096,13,385.0,0.14644000852823713,6,32.0,0.28897449513999457,17,1810.0,0.14162644247616682,29,2188.0,0.14203612719869013,0,8.0,0.810952573241661,1,36.0,0.489787560093124,28,1296.0,0.012956914313593009,32,1725.0,0.09434250380128166,207,11957.0
800.0,426,248,193,1462,1888,0,2502.0,5.873239436619718,3.61357406636855,14,908.0,0.1753938272004575,14,408.0,0.291808163049631,5,28.0,0.19613066001511847,1,320.0,0.3803490522866474,14,1358.0,0.11662779060201878,19,1145.0,0.22463325109047472,0,4.0,0.7533967353598783,2,23.0,0.371089132730085,19,473.0,0.11394254767660898,7,66.0,0.3381754066607265,11,1871.0,0.09746246696481058,20,1879.0,0.27839172424592956,1,9.0,0.6279240015846339,6,28.0,0.3411444400882711,33,1457.0,0.023686842401759944,27,1675.0,0.025799089625090057,193,11652.0
805.0,431,250,187,1471,1902,0,2340.0,5.4292343387471,3.835610876040158,13,906.0,0.21270693954949485,19,497.0,0.18100715986999655,6,56.0,0.45822702793953946,7,327.0,0.3171578513293254,18,1332.0,0.07020049321665413,13,1134.0,0.18558709459449524,0,4.0,0.8585380264012095,0,9.0,0.6871510527213098,22,583.0,0.15138579570977836,1,58.0,0.46737765050474833,14,1934.0,0.1228628068543511,12,1369.0,0.2603785443765632,5,23.0,0.5686980085813224,2,31.0,0.23571994137747437,36,1635.0,0.1187094372576745,19,1330.0,0.0755667524818684,187,11228.0
810.0,428,248,181,1484,1912,0,2040.0,4.766355140186916,3.8024007747199935,15,976.0,0.1943927840834608,23,607.0,0.13470317036168752,0,52.0,0.6329383435776039,14,381.0,0.13284462356953106,20,1425.0,0.02153574760424805,9,1198.0,0.1280758793420381,0,4.0,0.7249681931454072,0,4.0,0.9299800231814991,16,584.0,0.1795706745848188,2,10.0,0.5495451632225564,22,2029.0,0.1472499838037686,10,966.0,0.28118062675895616,6,37.0,0.4153693056906522,6,30.0,0.0649679809828886,30,1631.0,0.13944910494010299,8,1291.0,0.15182705968266194,181,11225.0
815.0,429,253,171,1494,1923,0,1792.0,4.177156177156177,3.8412884152155895,8,892.0,0.22146034055873542,25,732.0,0.11283281153322569,0,8.0,0.5462975852597541,17,469.0,0.04762575676959777,25,1541.0,0.013046958425304723,13,1258.0,0.17285537935662307,0,4.0,0.819645189250313,0,0.0,0.8270616525727441,8,456.0,0.27140119529102874,4,24.0,0.6343422680435198,22,1931.0,0.17072612492928127,7,906.0,0.34920165397473774,7,42.0,0.2804213045973248,3,40.0,0.10624845054024679,25,1516.0,0.08522017304575757,7,1325.0,0.15149444702776785,171,11144.0
820.0,422,256,172,1514,1936,0,1973.0,4.6753554502369665,3.583221526230472,8,683.0,0.2198618064753038,25,859.0,0.21891317793915044,0,8.0,0.5967147998152454,17,551.0,0.24667070670229768,29,1683.0,0.021925406560483172,21,1345.0,0.10040324632895413,0,4.0,0.9415451223910187,0,0.0,0.7969217680578715,3,417.0,0.3278622694206319,0,15.0,0.651644269703094,21,2014.0,0.0864656857762466,7,909.0,0.35285472362738457,11,81.0,0.061339226069831644,0,9.0,0.4256405360692409,17,1615.0,0.08983413315586268,13,1377.0,0.23310460709844436,172,11570.0
825.0,422,258,198,1520,1942,0,2346.0,5.559241706161138,3.4032159429236626,4,634.0,0.19435570391894325,22,823.0,0.13866764222543865,1,7.0,0.5081056195489596,17,634.0,0.3850650514731945,29,1827.0,0.12819289577098741,26,1461.0,0.0019783616428526445,0,0.0,0.9320177272013311,1,2.0,0.19115761028193554,8,448.0,0.24226775545594115,0,4.0,0.5636239249489683,23,2126.0,0.08006830813286947,13,941.0,0.1385878283086253,18,160.0,0.21893782498750056,2,13.0,0.6525460751807037,14,1684.0,0.18192223556559062,20,1461.0,0.28296545928075545,198,12225.0
830.0,427,264,222,1525,1952,0,2742.0,6.421545667447306,3.202644927698251,8,660.0,0.19207990707766256,18,662.0,0.1719892478188274,2,11.0,0.08043325672662244,19,720.0,0.10687976845418767,34,1981.0,0.1270716020357448,29,1605.0,0.0900794773131197,0,3.0,0.42004812096247535,1,6.0,0.4984038214315068,14,511.0,0.3502407512433096,2,9.0,0.3626187906091647,21,2238.0,0.1406935783742324,16,818.0,0.026646193455431507,18,250.0,0.28347780281641655,2,23.0,0.6292144043587133,11,1575.0,0.2680072027097378,27,1583.0,0.20794788999116487,222,12655.0
835.0,425,270,219,1537,1962,0,3389.0,7.974117647058823,3.3486423832111845,12,711.0,0.1990349244639023,11,723.0,0.22561686445309445,2,17.0,0.4226416867978258,23,831.0,0.03613349374161072,36,2154.0,0.04065223481903892,29,1750.0,0.20738631804111732,0,3.0,0.8822949318049575,0,1.0,0.8267935684847678,17,588.0,0.2125157679652503,3,21.0,0.43474975333149024,23,2349.0,0.1671253259332519,8,547.0,0.14765790691964376,18,340.0,0.33781021429395525,0,5.0,0.28148088251893594,8,1297.0,0.17406921892293634,29,1731.0,0.1403635281852197,219,13068.0
840.0,433,267,222,1540,1973,0,3838.0,8.863741339491916,3.249749173958579,14,643.0,0.16109404384499418,9,770.0,0.2136942246273409,2,27.0,0.6972110850669136,23,946.0,0.18166347896212334,31,2095.0,0.038609426849863356,29,1899.0,0.23267892385222164,0,2.0,0.9093288810681782,1,3.0,0.5390277168737196,16,552.0,0.17849308314137982,1,21.0,0.34680962089737344,30,2481.0,0.0965769521951267,3,457.0,0.3823774529744527,20,432.0,0.15651956922282267,0,2.0,0.47425487337380345,10,1338.0,0.17796552118612963,33,1890.0,0.016037920235580164,222,13558.0
845.0,438,272,229,1546,1984,0,4317.0,9.856164383561644,3.7681462437020667,12,397.0,0.18022753485432536,16,833.0,0.19232670014909264,1,2.0,0.7361202481646492,23,1065.0,0.25786177227988666,24,1783.0,0.195679261772444,29,2044.0,0.16969865786804728,0,0.0,0.8527120197044659,1,8.0,0.0,8,400.0,0.28825961117243026,1,9.0,0.7224306919585963,36,2652.0,0.025107540043910397,7,465.0,0.3568626963021133,24,541.0,0.0011512783617659652,0,4.0,0.8781655643830804,12,1382.0,0.24317904391886677,35,2067.0,0.08729290092454797,229,13652.0
850.0,437,276,222,1559,1996,0,4603.0,10.533180778032037,3.3160934080263935,9,438.0,0.19718906125705732,22,930.0,0.13253399139156455,3,17.0,0.2889837292692905,23,1176.0,0.10160613576706137,18,1786.0,0.261556236947881,33,2201.0,0.026747943163546773,2,3.0,0.1665683170064645,0,0.0,0.949122452101159,1,353.0,0.31510647684434273,0,4.0,0.8019271184483772,31,2584.0,0.03760580220489149,12,518.0,0.31928345120550056,25,670.0,0.0379552701018552,0,4.0,0.8845357206477025,14,1447.0,0.15851185112615196,29,1987.0,0.17692692225127976,222,14118.0
855.0,439,276,231,1565,2004,0,4503.0,10.257403189066059,3.231520518915144,12,496.0,0.18259128991174498,28,1060.0,0.10194167201430214,2,26.0,0.45441004600581525,25,1297.0,0.05570674655044452,13,1841.0,0.21724404998847713,36,2378.0,4.885705039461554e-06,8,32.0,0.09465623429295349,0,0.0,0.9128471027158758,7,378.0,0.20971684418767794,3,11.0,0.577271763123336,24,2154.0,0.19155445350973607,13,583.0,0.35494774890722547,19,692.0,0.19216749118180992,0,4.0,0.5469108412647173,21,1454.0,0.04566230666964792,20,1648.0,0.22827393715024744,231,14054.0
860.0,437,284,209,1575,2012,0,4090.0,9.359267734553775,3.617316477495644,9,426.0,0.19524747756662444,33,1226.0,0.12074168084723641,0,12.0,0.7405757161040546,25,1422.0,0.183665488348309,16,1906.0,0.16103328576195614,30,2294.0,0.031156972953712243,2,47.0,0.5019056953743072,0,0.0,0.8099052066381224,13,433.0,0.21179643243380838,0,5.0,0.5006927430078167,17,2241.0,0.23794209646649453,13,648.0,0.27913970389985804,9,591.0,0.3626120423046404,0,8.0,0.7412955492398188,27,1580.0,0.027391167986191216,15,1631.0,0.2192612098164021,209,14470.0
865.0,446,282,185,1584,2030,0,3474.0,7.789237668161435,3.9451183875540368,8,373.0,0.19255239605111432,29,1236.0,0.1244450734093788,2,7.0,0.3436031580362936,25,1547.0,0.1917719940257922,21,2003.0,0.10265544676307804,20,1977.0,0.19318229199266057,0,21.0,0.7991590938977272,0,0.0,0.9499638317827924,9,385.0,0.27963652110934245,1,9.0,0.660338479233487,14,2310.0,0.15407556467081834,19,731.0,0.12561891435652398,0,510.0,0.2984619309122671,0,8.0,0.9160691108545753,28,1703.0,0.12707855680877345,9,1686.0,0.20114448023788328,185,14506.0
870.0,442,284,197,1594,2036,0,3488.0,7.891402714932127,3.9889083819289355,13,431.0,0.12513034574946905,24,1096.0,0.1479795025084684,6,31.0,0.4356567727383079,25,1672.0,0.058773388249035725,30,2129.0,0.09826293483631102,14,2059.0,0.2761897138335715,0,4.0,0.8765417350611292,1,1.0,0.7739159175559968,3,224.0,0.515995354232019,1,14.0,0.8224443330579377,9,2135.0,0.11373891918294446,20,834.0,0.0806540157128617,7,533.0,0.11514030451720633,0,4.0,0.8775661323889004,30,1839.0,0.15312619433961755,14,1742.0,0.1979533664362711,197,14748.0
875.0,443,287,192,1606,2049,0,3486.0,7.8690744920993225,3.6903093356372723,13,482.0,0.12932969535123767,17,836.0,0.22535604284395025,7,68.0,0.47385037221261794,25,1797.0,0.04066717512409198,35,2292.0,0.13402207166744534,12,2125.0,0.23700808833543427,1,5.0,0.2527463767442128,1,6.0,0.7628324176803516,2,132.0,0.544330773121842,0,4.0,0.8391878203978694,6,1719.0,0.14232181591073917,14,727.0,0.2096444199790575,12,586.0,0.07306764293340971,1,1.0,0.38909996954563936,31,1986.0,0.10032294727642735,15,1595.0,0.11532333835810306,192,14361.0
880.0,442,293,196,1617,2059,0,3295.0,7.45475113122172,3.9284829037249076,19,550.0,0.17702664260082995,10,633.0,0.312274534446843,7,105.0,0.4694604792038583,19,1688.0,0.22162438829393696,36,2457.0,0.14690976141189957,16,2192.0,0.12857961037340745,0,4.0,0.5291284033436602,0,4.0,0.5193785285926018,7,149.0,0.45040331008261725,2,6.0,0.6204754434345575,5,1735.0,0.21842149677731967,6,475.0,0.12826871161042103,17,662.0,0.34432108181053184,2,11.0,0.38319304090193873,34,2151.0,0.01501753630254944,16,1261.0,0.12484300673029285,196,14083.0
885.0,439,292,179,1629,2068,0,2824.0,6.432801822323462,3.816940941789921,24,570.0,0.10693148774806337,3,577.0,0.37931104895733675,7,140.0,0.3483877244302053,10,1342.0,0.3523254535035812,36,2633.0,0.11316207179306778,16,2043.0,0.05219925787528555,0,2.0,0.8208927076588711,0,4.0,0.7958408971718036,9,133.0,0.23058597991520277,1,7.0,0.39643141000637244,9,1772.0,0.1944003334144172,5,508.0,0.14308934227705888,18,748.0,0.23885879200380206,2,25.0,0.19302253754080861,32,2092.0,0.04639165998842644,7,1228.0,0.1700410738686034,179,13824.0
890.0,440,296,174,1640,2080,0,2219.0,5.043181818181818,4.06794866239325,22,561.0,0.14197108358631913,5,558.0,0.36254764633863895,9,180.0,0.24297629253599254,4,1286.0,0.22456001524576188,33,2546.0,0.03960989559069027,14,1671.0,0.2591327189571087,0,4.0,0.8316786078343903,1,7.0,0.7393458866815298,8,77.0,0.25774983082296476,3,19.0,0.6868195871820121,14,1831.0,0.12363797478666412,9,542.0,0.2638218009295442,22,845.0,0.038468116513214884,0,4.0,0.8661954729304245,22,1790.0,0.16021474824140036,8,1242.0,0.18316695910324862,174,13163.0
895.0,433,301,173,1658,2091,0,2117.0,4.8891454965357966,3.9089053587866274,19,649.0,0.15654557147884404,12,599.0,0.22041591133824817,13,241.0,0.2961054322413423,8,1315.0,0.17358812672483284,28,2194.0,0.09360674689894291,9,1494.0,0.30473338748334955,0,4.0,0.888659756330058,1,8.0,0.7675446933533612,0,63.0,0.29784734560915865,0,11.0,0.7167993067908045,17,1669.0,0.06878201981610607,15,612.0,0.30028186956322994,23,964.0,0.03998900172933453,0,4.0,0.8779193653530636,14,1778.0,0.18405413922449337,14,1298.0,0.09264095423248256,173,12903.0
900.0,426,304,177,1670,2096,0,1962.0,4.605633802816901,3.8051284320037886,16,716.0,0.174897708641877,14,557.0,0.14815531517644778,14,309.0,0.10774300350682812,15,1375.0,0.07097082442689061,16,2286.0,0.1757952779000792,9,1532.0,0.17774921287870799,0,0.0,0.7745817904718594,1,1.0,0.7346604153437147,6,74.0,0.2741178726822112,3,11.0,0.5765873464083909,15,1281.0,0.22128149365387642,20,701.0,0.34264861067801733,17,926.0,0.21138595182252296,0,4.0,0.44374678880301194,11,1843.0,0.1468605543957793,20,1382.0,0.10465204188009308,177,12998.0
905.0,427,310,168,1679,2106,0,1566.0,3.667447306791569,4.107755643611968,16,789.0,0.13495943048486184,10,435.0,0.23913228790087074,9,288.0,0.05580572613528306,12,1236.0,0.2803725302645816,13,2334.0,0.19914844811487872,13,1584.0,0.10357723856935731,0,0.0,0.8776009642990441,1,6.0,0.7489464995944565,12,125.0,0.3558322441806012,1,8.0,0.39726572813641686,12,1209.0,0.27315993090419144,22,803.0,0.11998821790958851,8,705.0,0.36737539275669207,0,8.0,0.7337287287285432,12,1901.0,0.10271032367481142,27,1503.0,0.16778580406381818,168,12934.0
910.0,431,312,163,1689,2120,0,1602.0,3.7169373549883993,4.174485155729752,23,887.0,0.12498563055336184,3,450.0,0.2728357933412022,2,161.0,0.3385573927185843,2,858.0,0.4925952675165402,9,2150.0,0.1508569127838009,19,1670.0,0.0819187057950595,0,0.0,0.7284695463410603,1,11.0,0.6248814953137873,17,205.0,0.23758918738300214,3,13.0,0.5598780195735104,14,1268.0,0.23785371983600748,26,929.0,0.01455833568331959,2,651.0,0.3348440250997156,0,8.0,0.8459205695703601,13,1745.0,0.17177848689636735,29,1647.0,0.23286436903874413,163,12653.0
915.0,424,311,188,1705,2129,0,2139.0,5.044811320754717,3.607066721840619,31,1020.0,0.07660783695060717,9,481.0,0.22969709797188728,2,118.0,0.5158581795494511,4,867.0,0.18993964995287416,7,1737.0,0.1179359836251865,26,1785.0,0.16739094855376577,0,4.0,0.4658558745462027,3,21.0,0.1969677355147178,16,248.0,0.16515191215516947,0,8.0,0.7524722544409145,13,1328.0,0.19520486014108976,27,1066.0,0.1616400793219337,8,657.0,0.17858021681876304,0,4.0,0.8436597429844862,12,1395.0,0.26310365686591686,30,1795.0,0.19096659598292404,188,12534.0
920.0,424,313,212,1719,2143,0,2756.0,6.5,3.1458395645456854,36,1188.0,0.09443702305735069,11,425.0,0.2056155865212156,7,144.0,0.42991267012053225,11,907.0,0.13977593058027615,4,1651.0,0.15202171432882608,30,1930.0,0.1835861363835985,0,4.0,0.9742492585081568,8,54.0,0.34238500728968385,8,211.0,0.23557395212096963,0,4.0,0.7609966941228055,16,1185.0,0.13230165076579392,27,1201.0,0.15551212895087704,8,552.0,0.08462522537286149,1,6.0,0.3588939571030532,12,1333.0,0.263646695184358,33,1954.0,0.04194942825674194,212,12749.0
925.0,431,315,198,1726,2157,0,3177.0,7.3712296983758705,3.658934563692782,30,1219.0,0.1239266402992105,5,309.0,0.32312390310911765,1,111.0,0.15327060496442158,16,974.0,0.26079278724887234,8,1671.0,0.23261828830822798,35,2103.0,0.18252777969779435,0,4.0,0.8641010411990688,3,55.0,0.4233933056969565,3,218.0,0.4114556307465079,0,4.0,0.8500523682334692,15,855.0,0.1603274682917495,27,1336.0,0.13766551838146912,2,335.0,0.23317490513121455,3,22.0,0.5479933615572926,14,1401.0,0.1888059695905558,36,2132.0,0.07547243229839534,198,12749.0
930.0,432,317,206,1731,2163,0,3531.0,8.17361111111111,3.536619634731901,24,1038.0,0.1343019115626892,3,313.0,0.43755292166095067,6,40.0,0.12795328740242096,19,1068.0,0.31721184850300066,15,1728.0,0.27480526560826624,30,2006.0,0.10507400212672126,0,4.0,0.6688821899126426,3,21.0,0.1427934165516969,7,236.0,0.27977515355675975,2,7.0,0.5452588594805888,10,732.0,0.13809417360543824,30,1484.0,0.029022417876273604,3,283.0,0.44826294801375716,3,37.0,0.7014948960159851,15,1468.0,0.10352576301249501,36,2312.0,0.11704336034635371,206,12777.0
935.0,441,317,213,1738,2179,0,3428.0,7.773242630385488,3.387699224220192,15,1059.0,0.18778604914707667,10,339.0,0.35916373829134346,0,28.0,0.4401695802226249,19,1163.0,0.1169382263139251,20,1821.0,0.18181142954125432,25,1649.0,0.11358699052920693,0,8.0,0.7404991386898773,1,21.0,0.5260443717395284,15,294.0,0.13479181851165478,0,3.0,0.46097396339328106,13,787.0,0.14991950752804306,29,1433.0,0.14641329282200774,9,319.0,0.47077125370747225,6,58.0,0.3978291016522342,21,1563.0,0.14992225681303914,30,2216.0,0.09471009879713779,213,12761.0
940.0,445,323,219,1744,2189,0,3134.0,7.042696629213483,3.8345878594445515,11,1118.0,0.21882247999662807,16,403.0,0.1658909948965366,0,6.0,0.8758552618080893,24,1277.0,0.008242077846809661,28,1946.0,0.05893987202298072,17,1628.0,0.0999484150371839,0,8.0,0.8784511624390141,2,20.0,0.6987488296914276,21,383.0,0.15388697727181186,2,7.0,0.5412713434251187,13,844.0,0.23243149806801883,20,1157.0,0.27392744556603826,9,360.0,0.5219051931387338,4,54.0,0.27102900552497566,29,1693.0,0.1455062896478186,23,1832.0,0.08852780746275526,219,12736.0
945.0,447,321,200,1752,2199,0,2662.0,5.9552572706935125,3.920331356263008,6,1037.0,0.24085073822852676,14,383.0,0.18881456593496768,0,4.0,0.8854093688902481,26,1404.0,2.270403600712362e-05,33,1964.0,0.051487907418284636,11,1671.0,0.16348448130055535,0,4.0,0.9031719166183003,2,30.0,0.7138463332778041,16,410.0,0.16819517837522302,0,5.0,0.5884726219687052,17,857.0,0.21365425636483565,12,1163.0,0.21386391121727788,9,405.0,0.3352157560961167,5,36.0,0.19834996532160504,35,1850.0,0.08381212741031509,14,1788.0,0.15976634650748484,200,13011.0
950.0,447,323,187,1766,2213,0,2481.0,5.550335570469799,3.814153221174648,4,845.0,0.2315841098046853,7,249.0,0.39440500463034656,1,6.0,0.6154154813149483,26,1536.0,0.01671828258873949,29,1745.0,0.17017083446247722,15,1727.0,0.2017541790267336,0,0.0,0.6555503466792207,1,2.0,0.5508645514840633,7,328.0,0.3592621630850191,0,4.0,0.8774407913163872,21,950.0,0.03662798128287685,9,1211.0,0.13655913757718494,14,465.0,0.012866219548526917,3,41.0,0.42917501855042606,36,2030.0,1.6191904061634533e-05,14,1852.0,0.24923945855925958,187,12991.0
955.0,443,325,192,1784,2227,0,2468.0,5.571106094808126,3.3928166077016453,4,801.0,0.22718353371017022,3,253.0,0.2970523050722576,6,28.0,0.3797520844838447,20,1391.0,0.19698177225099728,22,1846.0,0.16163829454219292,23,1822.0,0.163606679095671,2,10.0,0.6530418889542877,3,16.0,0.3778247056510594,2,304.0,0.2743572761855862,1,3.0,0.788547877227291,26,1076.0,0.048018078234309175,14,1270.0,0.1108232249941709,16,546.0,0.039286017441223606,3,36.0,0.6176194353210692,32,1966.0,0.03546366746671284,15,1921.0,0.24682766207894444,192,13289.0
960.0,438,327,202,1795,2233,0,2469.0,5.636986301369863,3.5525237504503657,10,828.0,0.19573602724034594,10,283.0,0.21657564643022478,7,63.0,0.14766197671932524,10,989.0,0.30189609596924644,19,1952.0,0.10255478821036623,28,1944.0,0.10626066157147923,2,20.0,0.7077488521611286,1,9.0,0.12370080722947413,6,320.0,0.2549634593372707,2,11.0,0.635223243019091,30,1215.0,0.12085189141438137,15,1171.0,0.1606592438105618,16,630.0,0.23704383901575501,2,23.0,0.17206751221570785,23,1666.0,0.18831628645998777,21,2018.0,0.16101572357594696,202,13142.0
965.0,436,335,193,1805,2241,0,2276.0,5.220183486238532,3.7962632876816813,11,769.0,0.2193254584251106,15,351.0,0.18174377276942003,1,56.0,0.1313411481383545,3,912.0,0.2652386506738767,19,2048.0,0.055419785528349606,32,2097.0,0.17626614265345858,2,30.0,0.6713690168136478,1,5.0,0.6293604730162763,12,371.0,0.14959490807750925,2,5.0,0.41269975983783247,24,1143.0,0.15076347616801133,11,936.0,0.3081302276716355,10,550.0,0.45536487137494236,6,40.0,0.1650560440889818,16,1663.0,0.23117111986080188,28,2144.0,0.012255789915497093,193,13120.0
970.0,436,337,194,1819,2255,0,2237.0,5.1307339449541285,3.583919793082251,9,612.0,0.23755648962611622,21,445.0,0.269781987104898,0,10.0,0.5845036296932767,6,935.0,0.24741922541121497,23,2154.0,0.07352119683943545,32,2257.0,0.1397688278799643,2,2.0,0.3471906820747577,0,4.0,0.8058914470144504,19,455.0,0.16105822472903633,3,17.0,0.5518499465266459,20,931.0,0.1159134764738482,6,972.0,0.26351261007004717,4,311.0,0.3227778230119812,0,36.0,0.6787564479930351,13,1728.0,0.11994929131632728,36,2306.0,0.04683152410346799,194,13175.0
975.0,424,338,199,1838,2262,0,2449.0,5.775943396226415,2.9654259827423157,5,580.0,0.21089723427288154,23,552.0,0.13587938394656024,0,4.0,0.4254813505044823,14,991.0,0.22854515959579616,26,2005.0,0.14719570709351018,26,2114.0,0.11028816626131602,7,29.0,0.07740310793402405,0,4.0,0.8691957058634017,20,555.0,0.12161107846530221,1,10.0,0.5572953601278392,17,930.0,0.10777969998931466,8,1009.0,0.2020758162178593,2,216.0,0.28576003199912997,0,6.0,0.8686979090247035,14,1792.0,0.11945181690806429,36,2485.0,0.12981094236256263,199,13282.0
980.0,432,340,216,1844,2276,0,2797.0,6.474537037037037,3.0799920333531627,8,608.0,0.21657537723050962,28,684.0,0.11916358122535899,0,4.0,0.833522465827424,20,1078.0,0.223063761099998,22,1868.0,0.14493549285671517,21,1677.0,0.08294099226043546,3,45.0,0.4473718299115157,0,4.0,0.7646081438716461,20,655.0,0.16091430586419134,4,14.0,0.4240257493744759,11,992.0,0.22022920251437614,14,1067.0,0.1516897046114863,6,229.0,0.25861756834574684,2,6.0,0.4233772909137652,21,1881.0,0.17398016863567667,36,2665.0,0.15258932990571372,216,13477.0
985.0,441,346,216,1845,2286,0,2908.0,6.594104308390023,3.199883702679315,10,554.0,0.1957813894043594,28,828.0,0.1463081555716062,0,6.0,0.8083065508689256,25,1194.0,0.1979709231226391,19,1969.0,0.06275574285656027,14,1622.0,0.16029300365542326,0,20.0,0.7557500562678774,0,4.0,0.6097778795301241,14,628.0,0.22042875158857042,0,15.0,0.5448751774272292,14,1051.0,0.22254905095786698,15,982.0,0.16153127334598602,12,277.0,0.1389704523588896,8,34.0,0.05228628333274764,27,2005.0,0.13613427226808375,30,2518.0,0.10995590660567438,216,13707.0
990.0,450,342,194,1848,2298,0,2374.0,5.275555555555556,3.4429722231590607,9,403.0,0.2198506326535534,23,820.0,0.17186480113663075,3,13.0,0.6124009041660252,22,1066.0,0.1520338473308734,15,2054.0,0.053925119124983656,10,1661.0,0.15885987803644708,2,16.0,0.32104956059143835,2,14.0,0.6324899015959914,5,419.0,0.3423744177280139,0,4.0,0.8397287699459655,16,978.0,0.09208089925784006,12,773.0,0.1987361701634643,14,348.0,0.28208601576368086,2,44.0,0.48655862249952647,34,2162.0,0.034938104201654004,25,2006.0,0.10791372808655421,194,12781.0
995.0,452,348,181,1856,2308,0,2004.0,4.433628318584071,3.4497764352434266,8,429.0,0.1774093572624417,19,652.0,0.16576249896551776,2,23.0,0.518448083054621,14,756.0,0.10276063192046096,18,2134.0,0.04730721569470543,14,1724.0,0.11413902467911423,2,30.0,0.20843291050073204,0,0.0,0.6581840851733677,4,427.0,0.4549754937359642,1,6.0,0.8029253841555899,18,862.0,0.10669742740264046,10,831.0,0.1314634894429127,16,422.0,0.12653233094482289,0,17.0,0.8288010281452485,42,2359.0,9.587710609933184e-05,13,1967.0,0.12958679739561113,181,12639.0
1000.0,453,350,180,1869,2322,0,1945.0,4.293598233995585,3.493596965541436,13,458.0,0.1886169637882726,11,716.0,0.21719599914882057,1,14.0,0.34105907190955426,5,789.0,0.19509800874557073,24,2250.0,0.04561382536063186,15,1559.0,0.17601410128195538,0,8.0,0.7913533775010725,5,16.0,0.45450791127027657,9,462.0,0.29932063790513896,4,15.0,0.553386250488051,12,915.0,0.20530053377862703,14,894.0,0.0903005167974555,20,510.0,0.16837041432438066,1,10.0,0.5053477117684219,36,2544.0,0.02535186724021924,10,2004.0,0.2582990079204669,180,13164.0
