step,system_total_running,system_total_backlogged,system_total_stopped,system_total_arrived,system_total_departed,system_total_teleported,system_total_waiting_time,system_mean_waiting_time,system_mean_speed,0_stopped,0_accumulated_waiting_time,0_average_speed,1_stopped,1_accumulated_waiting_time,1_average_speed,10_stopped,10_accumulated_waiting_time,10_average_speed,11_stopped,11_accumulated_waiting_time,11_average_speed,12_stopped,12_accumulated_waiting_time,12_average_speed,13_stopped,13_accumulated_waiting_time,13_average_speed,14_stopped,14_accumulated_waiting_time,14_average_speed,15_stopped,15_accumulated_waiting_time,15_average_speed,2_stopped,2_accumulated_waiting_time,2_average_speed,3_stopped,3_accumulated_waiting_time,3_average_speed,4_stopped,4_accumulated_waiting_time,4_average_speed,5_stopped,5_accumulated_waiting_time,5_average_speed,6_stopped,6_accumulated_waiting_time,6_average_speed,7_stopped,7_accumulated_waiting_time,7_average_speed,8_stopped,8_accumulated_waiting_time,8_average_speed,9_stopped,9_accumulated_waiting_time,9_average_speed,agents_total_stopped,agents_total_accumulated_waiting_time
5.0,16,0,0,0,16,0,0.0,0.0,13.715479159929306,0,0.0,0.9850911426596338,0,0.0,0.9862250478124521,0,0.0,1.0,0,0.0,1.0,0,0.0,0.9856519339746127,0,0.0,1.0,0,0.0,1.0,0,0.0,1.0,0,0.0,0.9853372022177048,0,0.0,0.9843142392800788,0,0.0,0.9851805148536827,0,0.0,1.0,0,0.0,1.0,0,0.0,1.0,0,0.0,0.9873254374779875,0,0.0,1.0,0,0.0
10.0,32,0,0,0,32,0,0.0,0.0,13.722591648464427,0,0.0,0.9938672183070122,0,0.0,0.9943225210171555,0,0.0,1.0,0,0.0,1.0,0,0.0,0.9778880261086162,0,0.0,1.0,0,0.0,1.0,0,0.0,1.0,0,0.0,0.9939021929997021,0,0.0,0.9935578942414593,0,0.0,0.9897025353708944,0,0.0,1.0,0,0.0,1.0,0,0.0,1.0,0,0.0,0.8741975076635651,0,0.0,1.0,0,0.0
15.0,40,0,1,0,40,0,1.0,0.025,11.384486108620246,1,1.0,0.6962924214217112,0,0.0,0.7166127608997221,0,0.0,1.0,0,0.0,1.0,0,0.0,0.9639679227840782,0,0.0,0.759863523920283,0,0.0,1.0,0,0.0,1.0,0,0.0,0.7178933340197441,0,0.0,0.9669264129617109,0,0.0,0.9533261468940564,0,0.0,0.7178036780850369,0,0.0,1.0,0,0.0,0.9922341970413979,0,0.0,0.9623404868414193,0,1.0,0.6379751736784862,1,2.0
20.0,56,0,8,0,56,0,26.0,0.4642857142857143,10.78501098237777,3,11.0,0.6958239231270026,3,9.0,0.5603306200559489,0,0.0,1.0,0,0.0,1.0,0,0.0,0.9738115362415093,0,0.0,0.984882235590668,0,0.0,1.0,0,0.0,1.0,2,6.0,0.5574746961966818,0,0.0,0.6224013094835827,0,0.0,0.9553589877478225,0,0.0,0.9615405103304772,0,0.0,1.0,0,0.0,0.9850973010701332,0,0.0,0.9729284828429589,0,1.0,0.9783721791133667,8,27.0
25.0,72,0,2,0,72,0,7.0,0.09722222222222222,9.374482004208195,0,4.0,0.6699956627549586,0,6.0,0.6058544906862472,0,0.0,1.0,0,0.0,1.0,0,0.0,0.699318138972804,0,0.0,0.7848072177177413,0,0.0,1.0,0,0.0,1.0,0,3.0,0.568091538244099,2,7.0,0.5448583830140482,0,4.0,0.753148232546608,0,4.0,0.7016146659085737,0,4.0,0.4482196051058075,0,0.0,0.9025369602054807,0,0.0,0.7760735784633711,0,1.0,0.779301482923923,2,33.0
30.0,80,0,13,0,80,0,39.0,0.4875,8.680419222388116,1,4.0,0.6627522177537414,2,8.0,0.6798907504757018,0,0.0,1.0,0,0.0,1.0,2,5.0,0.5067277515973266,2,5.0,0.19696613139962535,0,0.0,1.0,0,0.0,1.0,0,0.0,0.8778554480373139,0,3.0,0.614021245451874,0,4.0,0.7780143186988934,1,6.0,0.6126900551881316,0,4.0,0.903135375610756,2,10.0,0.19405181613250946,1,4.0,0.49308891832705287,2,6.0,0.3922057218470517,13,59.0
35.0,96,0,10,0,96,0,48.0,0.5,8.98549199018791,3,17.0,0.5658404610080494,0,0.0,0.6387309121238728,0,0.0,1.0,0,4.0,0.4479287604947627,0,2.0,0.6077800701507751,0,5.0,0.3018176681143595,0,4.0,0.4223624274660499,0,0.0,1.0,1,7.0,0.6409667887444012,0,0.0,0.8990561641071944,2,11.0,0.6917333511741494,0,5.0,0.6654741519926424,0,7.0,0.7968778942854268,0,4.0,0.89668635131473,0,2.0,0.5978951242279595,4,24.0,0.14836935440945373,10,92.0
40.0,112,0,15,0,112,0,87.0,0.7767857142857143,9.502444465453296,6,42.0,0.5376271008792339,2,6.0,0.5633568640175535,0,4.0,0.4089990602085225,0,4.0,0.9628487187551317,0,0.0,0.9872774041265017,0,4.0,0.8677503204812705,0,4.0,0.9507991381265649,0,0.0,1.0,2,13.0,0.711783733792023,0,0.0,0.9583413850193093,4,28.0,0.5990036442277449,1,6.0,0.1113218163858576,0,7.0,0.5256557401429024,0,2.0,0.9078402820891459,0,0.0,0.9329966399434136,0,14.0,0.7158136821478268,15,134.0
45.0,120,0,13,0,120,0,30.0,0.25,8.427171314255535,1,35.0,0.45862136038803625,0,5.0,0.5386610818629353,0,4.0,0.9190064212769585,0,4.0,0.9584327913822612,1,1.0,0.6826117220113238,0,4.0,0.8580095265433508,0,4.0,0.9335832813403161,0,0.0,1.0,0,8.0,0.7023581410384419,0,0.0,0.9461362498252687,1,22.0,0.4808753091158248,1,15.0,0.2119553398656786,7,29.0,0.3815768584015472,1,3.0,0.45322724631686967,1,2.0,0.7486821022389505,0,8.0,0.7976849269423276,13,144.0
50.0,136,0,18,0,136,0,69.0,0.5073529411764706,8.55795916454044,2,12.0,0.6021475067585917,0,4.0,0.8667201117717394,0,8.0,0.8019214960014617,0,0.0,1.0,2,10.0,0.5909727041913986,1,6.0,0.13536500199153534,1,6.0,0.042317969954599,0,0.0,0.9416798327788518,1,6.0,0.5589026585377856,0,0.0,0.9505656080379016,3,9.0,0.517890718996182,0,9.0,0.8284287806934741,1,32.0,0.40324336472164146,5,21.0,0.37460088791578544,2,10.0,0.5994132900035976,0,4.0,0.8340009620156288,18,137.0
55.0,152,0,15,0,152,0,57.0,0.375,8.636655271621036,3,13.0,0.539271695179711,0,4.0,0.9315618710013558,0,4.0,0.8204554246047964,0,4.0,0.5828130201009843,0,3.0,0.6494978016283869,0,10.0,0.22705583783492625,0,5.0,0.3105539198124547,0,1.0,0.8212605217731376,0,2.0,0.5503376068094694,0,4.0,0.7902533502327951,1,6.0,0.4446740382291369,0,8.0,0.9156594331907629,4,22.0,0.4705658045121153,2,28.0,0.36344542995599977,5,33.0,0.3946010802995085,0,4.0,0.9270249105718006,15,151.0
60.0,160,0,20,0,160,0,101.0,0.63125,9.234032774963117,6,35.0,0.49671010327765946,0,4.0,0.4215520356856173,0,4.0,0.8685600594009253,0,4.0,0.8601041933259377,1,4.0,0.7895225400293227,0,4.0,0.8894411265178999,0,4.0,0.8487491290776794,1,4.0,0.6079456583386149,3,12.0,0.4387020211889933,0,4.0,0.8213839139843424,4,22.0,0.5795098905126043,1,5.0,0.5785385423402044,4,34.0,0.2756395475623937,0,2.0,0.4053202223696039,0,24.0,0.5747087438792576,0,2.0,0.8696052087419993,20,168.0
65.0,176,0,16,0,176,0,69.0,0.39204545454545453,8.738088720912584,2,33.0,0.4537122139222024,0,6.0,0.4877327581825621,0,0.0,0.7390916520521593,0,4.0,0.8390880303563084,0,0.0,0.5847527218467936,0,4.0,0.8841115026604918,0,4.0,0.8784776716123082,3,14.0,0.5265030619793246,0,11.0,0.5049340519559867,3,14.0,0.662489791501041,6,46.0,0.4883402563234251,0,1.0,0.3859168065290396,1,30.0,0.3042681965612143,1,4.0,0.14183566303337597,0,4.0,0.8053642300813296,0,4.0,0.8761436116786276,16,179.0
70.0,192,0,31,0,192,0,150.0,0.78125,8.561042671033064,3,16.0,0.5965906108734823,2,10.0,0.6969085311603259,1,4.0,0.6165548361057194,3,6.0,0.42275373547345524,2,5.0,0.5728844492330079,2,7.0,0.49628506638675207,1,5.0,0.558174121461003,2,12.0,0.4329038854745304,0,4.0,0.8500120653828968,1,8.0,0.472593283703094,7,77.0,0.4375120643184351,1,5.0,0.18599847103961537,1,14.0,0.7837795504896881,4,28.0,0.42916117716243213,1,1.0,0.7204893099884004,0,4.0,0.900213158083173,31,206.0
75.0,199,0,42,1,200,0,257.0,1.2914572864321607,8.114315639442921,2,11.0,0.4637863500492749,0,9.0,0.7617607772057299,1,9.0,0.571014035840196,7,37.0,0.07909826482023498,0,2.0,0.7042676916636799,0,6.0,0.4269336616506399,6,26.0,0.5294069053735198,4,25.0,0.5890813035645085,2,9.0,0.7680700201332095,3,14.0,0.533750112748265,10,124.0,0.21076599053325584,4,26.0,0.14520428754701203,0,6.0,0.9079371179034363,0,22.0,0.7641241326632655,3,12.0,0.6462858753099088,0,0.0,0.3923727369302002,42,338.0
80.0,204,0,48,12,216,0,407.0,1.9950980392156863,7.909269601967571,6,25.0,0.46108429757091624,2,8.0,0.5717773662600215,1,16.0,0.8505036767548243,9,82.0,0.27624621291315693,0,0.0,0.8021620087364041,1,8.0,0.6166750030920944,6,58.0,0.5477160616696867,0,14.0,0.4898472263794368,2,15.0,0.5119464090521463,1,6.0,0.7623003932105563,12,178.0,0.37379061507133843,0,17.0,0.7206237447441434,2,7.0,0.43649682631798675,0,8.0,0.6183441108870826,4,30.0,0.5187716514245071,2,14.0,0.22975748281002095,48,486.0
85.0,215,0,52,17,232,0,487.0,2.2651162790697676,7.5387154839601545,2,31.0,0.5443689351274916,5,32.0,0.36371706805314497,0,2.0,0.8264063662003535,3,86.0,0.5250712422831578,4,10.0,0.5660995699987438,1,10.0,0.6421303776414664,6,88.0,0.4307413766360827,4,13.0,0.06481034815723696,0,4.0,0.5427249372972364,2,8.0,0.7206807507294344,13,238.0,0.3602476880909138,0,4.0,0.9090443777208442,1,11.0,0.20274061790477949,4,25.0,0.3324913804992511,7,59.0,0.4497928398128179,0,4.0,0.9313567980416656,52,625.0
90.0,218,0,41,22,240,0,466.0,2.1376146788990824,7.440843537807357,2,9.0,0.522760302762556,2,33.0,0.555443791759207,2,5.0,0.4480859786023579,2,32.0,0.633052551115225,0,9.0,0.6057451356918336,2,15.0,0.3847496185446859,2,71.0,0.10422909542988232,2,27.0,0.1794415021828591,0,2.0,0.726972390169613,4,23.0,0.4958984797559827,15,308.0,0.2330521847631795,0,0.0,0.8831538282306783,1,11.0,0.7305224979713093,0,17.0,0.6307129617424958,7,94.0,0.386648088406206,0,4.0,0.9188059465107694,41,660.0
95.0,225,0,50,31,256,0,613.0,2.7244444444444444,7.992082929283887,2,6.0,0.5449274053987686,2,17.0,0.7433348304242887,2,8.0,0.09342160962402035,4,28.0,0.44675354066268397,2,8.0,0.7184592686023915,7,37.0,0.32271621717553856,0,11.0,0.3785589102930266,0,10.0,0.7684015608490014,0,4.0,0.9250660690480752,2,18.0,0.32909022594477916,18,394.0,0.12554976404368878,0,0.0,0.26022823042033205,0,4.0,0.896190657318126,1,11.0,0.7751311312659447,10,138.0,0.4225223459607547,0,0.0,0.9343731012045009,50,694.0
100.0,227,0,66,45,272,0,857.0,3.7753303964757707,7.47535104636956,4,18.0,0.593997767361438,2,12.0,0.4294112291671219,2,17.0,0.6359981830772126,5,40.0,0.18131395483039664,4,21.0,0.5248738280395934,9,79.0,0.39854760312654414,1,11.0,0.4663903118288699,0,4.0,0.9240733707947969,0,4.0,0.9180213867434189,3,16.0,0.5338471050728895,19,486.0,0.26666089729311315,3,14.0,0.12781686727098898,0,0.0,0.8513482077852687,2,11.0,0.49603128629557625,12,195.0,0.3513145924673012,0,0.0,0.9744459482618781,66,928.0
105.0,215,0,73,65,280,0,969.0,4.506976744186047,6.702515992100163,2,21.0,0.41750242814672,6,39.0,0.319335813470897,0,2.0,0.9147679621958685,6,43.0,0.25353074513095464,6,46.0,0.3245103454440746,9,124.0,0.3658191907788437,5,30.0,0.49163433599508155,0,4.0,0.8062959320611609,1,1.0,0.7162578067224461,3,31.0,0.536787478050623,21,586.0,0.24540634077963885,0,9.0,0.7733873911273985,0,0.0,0.903245109019875,6,35.0,0.5308905349459279,8,185.0,0.20051717708634853,0,6.0,0.43153755249329656,73,1162.0
110.0,221,0,73,75,296,0,1132.0,5.122171945701357,7.0539800733550955,3,19.0,0.5207178387501133,4,45.0,0.5132647758023796,2,4.0,0.5571611224065945,6,59.0,0.47182805258375277,2,38.0,0.4166977091633909,9,173.0,0.1524217408241403,5,53.0,0.24600209700734924,0,4.0,0.9013022768797863,3,13.0,0.45286680358836645,3,46.0,0.7179640791271219,22,689.0,0.1507893073021633,0,4.0,0.9126817068649258,1,1.0,0.4565344254617118,7,66.0,0.45453173741923186,5,118.0,0.3254253436063668,1,10.0,0.7944707631756845,73,1342.0
115.0,231,0,58,81,312,0,915.0,3.961038961038961,6.97021353229678,2,16.0,0.5524433786774583,3,31.0,0.581614992262281,6,24.0,0.1328153933476885,6,87.0,0.4871807498354669,1,6.0,0.5577884225578962,9,220.0,0.3700264429349991,1,38.0,0.13180668255379735,0,2.0,0.7506808559563948,0,10.0,0.6935222570926072,0,16.0,0.7066625714564301,19,684.0,0.1130819878667162,0,4.0,0.7486083425395511,1,10.0,0.21606876102545602,7,101.0,0.28990410071020734,3,106.0,0.4341817102056501,0,6.0,0.870776050324775,58,1361.0
120.0,228,0,48,92,320,0,404.0,1.7719298245614035,7.263254775448321,4,17.0,0.5189900290719787,5,39.0,0.42580063954169606,4,39.0,0.1602199942274409,2,74.0,0.43273490558027466,3,12.0,0.5641511345158727,3,190.0,0.4952383462418882,1,15.0,0.32108756294487656,0,4.0,0.8833024243273703,0,4.0,0.8594890860157178,1,3.0,0.629809980655713,13,551.0,0.28212737520714215,1,6.0,0.7423940850670682,0,4.0,0.8059874708638547,1,83.0,0.22789046003078223,8,111.0,0.3030737559727874,2,5.0,0.5347221577369395,48,1157.0
125.0,236,0,51,100,336,0,271.0,1.1483050847457628,7.430219653263751,6,43.0,0.47136869616699745,3,30.0,0.3209903660978282,0,17.0,0.6578558800606115,4,21.0,0.15658851661334383,6,37.0,0.5597551015551887,0,85.0,0.5243908163118037,1,20.0,0.79154895725623,0,4.0,0.7683506229021468,1,5.0,0.6043344218007441,2,13.0,0.43325026734754596,5,481.0,0.3902542298364156,1,15.0,0.7059222487993188,0,4.0,0.9054919603402224,3,25.0,0.1585490652399568,13,169.0,0.1278738546214541,6,25.0,0.21614930099455684,51,994.0
130.0,244,0,47,108,352,0,326.0,1.3360655737704918,7.496850585691185,8,78.0,0.4833292396301482,3,17.0,0.5278307068303443,1,12.0,0.6438321830252725,2,26.0,0.21123275061889163,4,44.0,0.46387849795140346,0,6.0,0.6149017292801842,0,8.0,0.8863832455316334,1,8.0,0.32997894214772155,6,26.0,0.2823118920977326,0,7.0,0.5983301101123935,6,498.0,0.30855280238536775,0,4.0,0.7492772456623467,0,0.0,0.9426133243718979,0,9.0,0.372132855766713,15,245.0,0.3296797423400236,1,35.0,0.1784111683524698,47,1023.0
135.0,235,0,74,125,360,0,606.0,2.578723404255319,6.912020338759002,9,121.0,0.37888735778301047,3,31.0,0.5475466251883262,4,27.0,0.6552616746804202,0,10.0,0.7896757268377074,5,32.0,0.306666107260926,3,9.0,0.4356619315906591,1,6.0,0.5777246687150973,2,18.0,0.6391539491086983,12,73.0,0.2396923257044267,0,0.0,0.8546742207692368,12,547.0,0.19858106565237765,4,13.0,0.6025937515308831,0,0.0,0.8621446838437027,0,4.0,0.8798587763014051,18,327.0,0.3651487137258486,1,13.0,0.46567697032595595,74,1231.0
140.0,240,0,85,136,376,0,890.0,3.7083333333333335,6.2485332458770335,11,169.0,0.3298960763664434,1,13.0,0.6054193648550922,0,15.0,0.5387071026108388,0,4.0,0.8973805239986831,6,45.0,0.3704883812447872,4,29.0,0.5203351667112398,6,31.0,0.15490926129500296,0,4.0,0.8621441130452993,12,137.0,0.25478213958000157,0,0.0,0.9636411958258232,18,626.0,0.17567797010134092,6,36.0,0.4486785552649663,1,1.0,0.609323285849175,0,4.0,0.8608075063043813,19,415.0,0.3013635074174732,1,12.0,0.8003222175359546,85,1541.0
145.0,250,0,100,142,392,0,1093.0,4.372,5.80819613313484,8,166.0,0.34725237936954195,2,10.0,0.5416616320951864,1,3.0,0.2742371169748499,1,5.0,0.03197418619095361,6,47.0,0.5537700238906561,8,59.0,0.18971260687144045,11,77.0,0.30213809877615,0,0.0,0.7142021795993314,7,148.0,0.3879361876187696,0,2.0,0.8618462953406061,24,735.0,0.11351494390161994,6,66.0,0.24289758291403146,2,10.0,0.3703981571550118,2,6.0,0.6404729285518393,21,517.0,0.22134860851580648,1,15.0,0.8409285746658505,100,1866.0
150.0,249,0,102,151,400,0,1387.0,5.570281124497992,5.52099428609658,4,95.0,0.38417401392337863,0,6.0,0.7491261426554378,1,10.0,0.13623502316691904,0,4.0,0.329488138083159,7,65.0,0.5432350852571207,11,109.0,0.24843670165853066,12,134.0,0.3324204583845704,0,2.0,0.45394766287151295,3,99.0,0.37525146761036743,0,4.0,0.8735739734620301,28,870.0,0.049670070889350736,6,100.0,0.10329507498771703,0,3.0,0.1993226882647617,6,25.0,0.21962406736848886,23,629.0,0.150703776761967,1,20.0,0.8304572921116488,102,2175.0
155.0,253,0,99,163,416,0,1562.0,6.173913043478261,5.801409285803199,4,99.0,0.41061805222337117,0,4.0,0.9035477826135387,5,27.0,0.4196738376402913,0,7.0,0.7577867959459721,9,108.0,0.41240618575373383,11,162.0,0.40169897860001347,12,190.0,0.1667616253605294,0,4.0,0.9162530078899739,4,107.0,0.2840694532292485,1,4.0,0.8325027856815947,24,866.0,0.06366311629405627,0,80.0,0.5921228436926356,0,4.0,0.4828328160020169,4,38.0,0.20689740392533293,24,747.0,0.1486868661875617,1,25.0,0.7326563255618006,99,2472.0
160.0,259,0,90,173,432,0,1425.0,5.501930501930502,6.266409024993616,7,123.0,0.36000390958939044,1,6.0,0.5483130893622056,5,50.0,0.4379411657896246,0,5.0,0.8985124822903653,6,107.0,0.30105215152504416,11,221.0,0.38943718748948664,12,250.0,0.0,0,2.0,0.865845963986728,9,136.0,0.31842571851438234,2,8.0,0.651363193048059,16,715.0,0.2341786419087671,0,8.0,0.8542089616851576,0,8.0,0.8179717687050454,0,19.0,0.35534088795353724,20,744.0,0.1447815621870002,1,34.0,0.49872346428836795,90,2436.0
165.0,257,0,72,183,440,0,906.0,3.5252918287937742,6.259586142485704,13,179.0,0.2730617226379512,6,28.0,0.3769335034809985,1,42.0,0.12157135620187162,0,4.0,0.885298528540941,5,54.0,0.32500572667000127,11,276.0,0.4127831598117637,6,242.0,0.11645022046173821,0,4.0,0.48241677169977853,4,120.0,0.3188297340167347,2,8.0,0.37913085516682865,10,731.0,0.27819483576437837,0,4.0,0.8367390105469974,0,8.0,0.901259539228647,0,0.0,0.626205763583516,14,615.0,0.1411807461239144,0,4.0,0.7625099733460446,72,2319.0
170.0,259,0,55,197,456,0,566.0,2.1853281853281854,6.586574353229921,10,176.0,0.2969330111297397,6,58.0,0.38437619538812395,0,5.0,0.6780774910698474,0,0.0,0.8412862993254528,3,46.0,0.3104963021009208,11,331.0,0.29435837228060135,0,143.0,0.610604318366106,0,4.0,0.861592103685758,2,38.0,0.4894143934416939,3,23.0,0.6571419837065307,9,778.0,0.21231089573581796,2,7.0,0.46430528827930195,1,5.0,0.36232393651572203,1,5.0,0.7166342369610339,7,612.0,0.23838377026932198,0,2.0,0.8740954739380894,55,2233.0
175.0,263,1,72,208,471,0,611.0,2.32319391634981,6.2587937923158385,4,114.0,0.36760056071534936,0,50.0,0.6494918448660241,4,14.0,0.6282317480982216,0,0.0,0.8009839924473929,8,53.0,0.40100735008568844,16,399.0,0.006228252617883473,2,97.0,0.5774245762279094,0,4.0,0.9092179008331283,1,22.0,0.4394179250550142,2,16.0,0.7224269756109312,13,835.0,0.11698928241932169,7,31.0,0.33844146799988795,6,27.0,0.10862466375750822,1,8.0,0.7641030278058297,8,644.0,0.3010195585404028,0,2.0,0.626628306538385,72,2316.0
180.0,265,0,82,215,480,0,794.0,2.9962264150943394,5.666607389014211,4,119.0,0.3502801525361694,2,9.0,0.7414928914405158,4,32.0,0.32759934644455113,3,4.0,0.18814852434482135,4,55.0,0.40099261338994524,19,495.0,0.19047047496458358,4,110.0,0.00015945800426811805,0,0.0,0.7989066751919046,2,28.0,0.7280754908666113,3,15.0,0.5899439903862246,15,781.0,0.09019075491979553,1,35.0,0.34913548566350583,0,30.0,0.5194453768157806,2,16.0,0.23495603686332792,14,700.0,0.25002288038218706,5,17.0,0.34081510412252564,82,2446.0
185.0,276,0,80,220,496,0,905.0,3.278985507246377,5.796290126837373,9,150.0,0.27734363512723115,2,7.0,0.4694144300309884,3,35.0,0.15071651212495302,4,28.0,0.2504968366649421,2,25.0,0.5743558784898257,19,590.0,0.28820582331414,0,59.0,0.30021486630310973,1,5.0,0.38236782563088395,1,5.0,0.8035037886687731,2,13.0,0.39732550765610886,12,621.0,0.23928500761956537,3,13.0,0.5205313213941839,0,8.0,0.8610466418620089,1,18.0,0.476294365572269,19,786.0,0.07599887375402635,2,30.0,0.2635040501288831,80,2393.0
190.0,277,0,94,235,512,0,1206.0,4.353790613718411,6.257471801338972,15,213.0,0.2546337671342899,6,29.0,0.4294638643153934,0,13.0,0.6538802665441223,0,21.0,0.6454455000246817,2,25.0,0.5222752849755438,22,691.0,0.08921530372399647,0,4.0,0.8303932922360556,3,22.0,0.5380285512419327,2,7.0,0.6051218182045315,3,24.0,0.6967356450838614,11,629.0,0.2775301095927939,0,12.0,0.8404741968549904,0,4.0,0.746388352600917,0,9.0,0.8762109143943759,27,904.0,0.04333116617612141,3,19.0,0.2493315405867929,94,2626.0
195.0,278,0,101,242,520,0,1529.0,5.5,5.963031105574316,19,301.0,0.22884590567212154,0,26.0,0.42223978842633186,0,4.0,0.8856930470823798,1,4.0,0.814482979116097,9,58.0,0.3725422015974901,25,816.0,0.0340030622862787,0,4.0,0.8764660316901502,0,16.0,0.7847413451477545,1,7.0,0.5688635102038238,0,13.0,0.6947537241084855,11,681.0,0.18786815230696627,2,10.0,0.5046127789546019,2,11.0,0.2609334917010161,0,4.0,0.8176851559771003,31,1056.0,0.12957713361129722,0,10.0,0.659971364574924,101,3021.0
200.0,286,2,117,248,534,0,1997.0,6.9825174825174825,5.787007842354647,20,398.0,0.2020909201205324,3,10.0,0.5323327735991495,1,5.0,0.5555357233107572,1,7.0,0.655387858669048,6,64.0,0.2439890580718631,25,945.0,0.14500648950848177,0,0.0,0.8349598852544705,0,4.0,0.921473700912683,1,9.0,0.8218725556961803,3,10.0,0.5265954365368548,14,741.0,0.1873126606354993,6,28.0,0.1700545879007198,1,15.0,0.5402682376101372,3,13.0,0.3311754960935274,33,1218.0,0.1749134149902536,0,4.0,0.9672410975035027,117,3471.0
205.0,294,1,126,257,551,0,2506.0,8.523809523809524,5.563440292158689,22,506.0,0.20114932244839168,0,4.0,0.7604219431713488,7,23.0,0.0023486691400025467,1,5.0,0.23800202722735475,3,37.0,0.5163881888675423,25,1070.0,0.2645306364828787,1,1.0,0.5308140786899972,0,0.0,0.842586744240698,1,3.0,0.7629447563473805,2,9.0,0.48999040719936476,21,829.0,0.12548862215864975,7,67.0,0.10275428604629455,0,3.0,0.7854996052355426,1,14.0,0.5188249359039735,35,1389.0,0.130508808679937,0,0.0,0.8905252380203207,126,3960.0
210.0,283,2,133,275,558,0,2889.0,10.208480565371024,5.000895940644983,19,522.0,0.1625658170582865,0,4.0,0.7712105142950471,7,58.0,0.12700134203791963,2,15.0,0.6784162986060563,1,22.0,0.5894015671030357,28,1195.0,0.15268652323938528,6,22.0,0.3053541374763453,0,0.0,0.9206508242225836,3,12.0,0.5724999479091495,2,15.0,0.7194875214913853,27,951.0,0.05921119517209391,1,58.0,0.5432040739091739,1,8.0,0.39228987558354245,0,10.0,0.7902446723094472,36,1569.0,0.07358969684484021,0,0.0,0.8924958611790855,133,4461.0
215.0,284,4,124,288,572,0,2855.0,10.05281690140845,5.085584398363765,13,441.0,0.21600251738457915,0,4.0,0.9066158286419489,1,53.0,0.5554573733719609,0,8.0,0.7284228230089704,6,31.0,0.4825153914166734,33,1352.0,0.17653618889056802,4,37.0,0.08453858793971154,0,4.0,0.4218479351473349,0,4.0,0.47623092594948596,2,7.0,0.7093953009450661,33,1106.0,0.026135082478363318,0,12.0,0.8479808418108569,1,13.0,0.6746601490137428,0,4.0,0.7352767370110693,31,1565.0,0.09104100203569053,0,4.0,0.433595208863543,124,4645.0
220.0,291,6,108,295,586,0,2671.0,9.1786941580756,5.86842060774527,5,467.0,0.27059956918503386,0,4.0,0.8902907575291187,1,12.0,0.6365230013601487,0,4.0,0.8786647540568847,8,69.0,0.2389102509168917,33,1517.0,0.11163640623317757,0,17.0,0.348351940684485,0,4.0,0.8916519695866597,1,5.0,0.7439389436947064,3,17.0,0.6674526938650996,31,1129.0,0.0400535794187497,0,6.0,0.6774680034597,0,8.0,0.858075152178528,2,10.0,0.2030071498841529,24,1373.0,0.11710222320103206,0,4.0,0.8486827326432778,108,4646.0
225.0,287,8,88,305,592,0,1969.0,6.860627177700349,6.2204454846899795,8,495.0,0.22620703643005058,2,3.0,0.6456959068597564,0,0.0,0.3464772940583598,0,6.0,0.8214693912949611,5,73.0,0.26081294560741736,27,1494.0,0.08944469814756552,2,17.0,0.2468884418849517,0,2.0,0.8840054857730775,1,10.0,0.7843373558247988,1,7.0,0.4434250374110051,23,1002.0,0.20327532787337485,0,4.0,0.8418760356738353,0,2.0,0.8865505073649306,0,14.0,0.519602996287205,19,1036.0,0.11382352177563786,0,2.0,0.9190621851169882,88,4167.0
230.0,279,12,69,325,604,0,1054.0,3.7777777777777777,6.551267988174636,15,555.0,0.20444845859116367,1,2.0,0.4820263295328184,0,0.0,0.8560802847032557,0,4.0,0.8043276248823572,2,74.0,0.29407596923417734,22,1269.0,0.09999585565519624,5,37.0,0.6204918456766119,0,0.0,0.7532028873469293,1,15.0,0.8586278409746686,1,6.0,0.7299371215866527,15,750.0,0.31052583530033195,0,6.0,0.8340108114965904,0,0.0,0.6483091953700132,0,6.0,0.8393544848128879,6,1069.0,0.19576046698685068,1,1.0,0.7462318576955013,69,3794.0
235.0,277,16,68,339,616,0,648.0,2.339350180505415,6.126184103913672,21,650.0,0.16351379488737705,2,11.0,0.6397144285477544,0,0.0,0.9307300547127143,0,2.0,0.8249526747176373,8,103.0,0.38069249449346665,15,1263.0,0.1997061790166353,0,28.0,0.6983064510338518,0,0.0,0.9550952037698076,0,0.0,0.7297490843325086,1,13.0,0.7480175698990054,7,785.0,0.28899244324929757,1,9.0,0.6455076573292914,1,5.0,0.6260238251228564,0,4.0,0.7913723693545939,7,1084.0,0.19764307915613216,5,18.0,0.30853018471425936,68,3975.0
240.0,284,15,94,341,625,0,663.0,2.334507042253521,5.382168431148924,26,774.0,0.13078434478835185,0,0.0,0.6258021097770653,0,0.0,0.7829281629241915,0,2.0,0.5292413380851158,12,158.0,0.337549861126381,10,1311.0,0.25499461442556365,2,6.0,0.32238703800285823,1,1.0,0.49039518985003755,2,13.0,0.4316216170090319,0,2.0,0.915679161738075,8,817.0,0.3101568598343504,6,27.0,0.3514422588375301,1,1.0,0.463355154685877,2,8.0,0.5025265678624761,13,1139.0,0.2581444753503283,11,61.0,0.07728604271718682,94,4320.0
245.0,297,9,122,350,647,0,1093.0,3.68013468013468,4.602028697791737,30,920.0,0.13076099162059057,2,8.0,0.5405095870370077,4,8.0,0.11427033239988782,0,4.0,0.5684505990966079,14,223.0,0.17067952989114285,15,1371.0,0.20932748955901873,3,14.0,0.0652103482438509,1,8.0,0.7539956846320711,0,8.0,0.6171624144194686,1,3.0,0.7641510174279,14,874.0,0.2054846030666759,12,73.0,0.12753920515302436,1,10.0,0.2686233077548538,0,7.0,0.2348205823636756,14,1055.0,0.25436563959222824,11,120.0,0.26861640735734504,122,4706.0
250.0,296,8,116,368,664,0,1243.0,4.199324324324325,4.6077902672662905,26,933.0,0.15836678224153972,0,5.0,0.5739594867857062,2,17.0,0.15933633677409134,0,4.0,0.7783834820857384,16,301.0,0.13626488984029525,21,1463.0,0.07196499745219444,4,25.0,0.1357231492903098,0,4.0,0.8744628727185516,0,4.0,0.9468033243950374,1,3.0,0.6271981684390272,15,823.0,0.15386099516713828,7,102.0,0.14142043378001656,0,4.0,0.8633114352613691,0,4.0,0.5189267426303843,13,844.0,0.19824269016568166,11,175.0,0.42621336719977626,116,4711.0
255.0,295,6,108,379,674,0,1132.0,3.8372881355932202,4.960312569201749,20,810.0,0.15003136505993694,0,4.0,0.8258697029200064,0,7.0,0.7060471538718504,0,4.0,0.7980190111362185,12,309.0,0.1633241906053517,27,1588.0,0.08868255613575318,1,21.0,0.60297513949297,0,4.0,0.9199097522202785,2,6.0,0.6310540852523309,4,16.0,0.4005074664172839,12,668.0,0.10637288614492073,1,70.0,0.6085989323288525,0,8.0,0.8323317197017696,4,14.0,0.5132981766485716,14,784.0,0.1212177110906558,11,230.0,0.3202436240888362,108,4543.0
260.0,303,8,101,385,688,0,975.0,3.217821782178218,4.8805647528341485,16,891.0,0.1620116693451021,1,8.0,0.7163270208040279,2,16.0,0.6332277996195405,2,9.0,0.2676013612007122,6,222.0,0.39180127303493706,29,1737.0,0.15422775195584912,1,11.0,0.8206530993493032,0,0.0,0.7085387891641158,2,16.0,0.5725933896778985,0,10.0,0.6093248124783381,14,734.0,0.11341588416329339,2,67.0,0.5345575491988056,0,4.0,0.873085224582688,4,34.0,0.5306791698784061,12,843.0,0.1779113017148041,10,235.0,0.0649561379844913,101,4837.0
265.0,308,13,95,391,699,0,898.0,2.9155844155844157,4.808468651598275,13,957.0,0.19515093899987074,3,15.0,0.6282666962091735,3,27.0,0.6342160987222877,0,12.0,0.23976468640732435,3,237.0,0.43710566465823736,34,1895.0,0.05059741985639283,1,12.0,0.6162533886450361,0,4.0,0.3829593655056922,0,0.0,0.8157213049072736,2,8.0,0.5333279903795357,14,804.0,0.18704044048957227,7,93.0,0.1504536313825183,1,5.0,0.5292085191394077,0,26.0,0.1371081974748719,9,770.0,0.1966572666197307,5,175.0,0.34723188501091273,95,5040.0
270.0,306,12,83,402,708,0,771.0,2.519607843137255,4.968381034061816,8,886.0,0.19014192885799922,1,8.0,0.4490856127037726,0,14.0,0.7050993842686701,0,4.0,0.8384861571672949,9,269.0,0.2597229359673973,30,1834.0,0.03926416852661595,1,7.0,0.30425935416436123,0,6.0,0.786600797306688,2,5.0,0.6915059535324292,0,6.0,0.7437319427745368,10,746.0,0.2258171902408466,7,98.0,0.13124636591490335,6,28.0,0.10415404476218032,0,4.0,0.46612072722365144,7,596.0,0.22012897741147816,2,147.0,0.5219073018206791,83,4658.0
275.0,318,9,76,409,727,0,689.0,2.1666666666666665,5.523785087588909,8,640.0,0.19453251107063416,1,10.0,0.8193207406705869,1,5.0,0.45036446339494146,0,4.0,0.8981391677819766,16,338.0,0.11629469963865126,21,1548.0,0.1727164028799403,1,14.0,0.7679934009811108,0,6.0,0.919729025332057,0,2.0,0.5560375790170714,0,4.0,0.9485964522212447,6,581.0,0.18305835498330947,1,45.0,0.6443149337598321,6,62.0,0.41742071389891683,0,4.0,0.9220129482880931,7,611.0,0.12276299890069327,8,175.0,0.3080587885765715,76,4049.0
280.0,320,12,78,420,740,0,586.0,1.83125,5.162247642722773,3,600.0,0.22916819088961365,0,4.0,0.8331926641969878,6,23.0,0.2127490950650342,2,6.0,0.4602588011588691,17,382.0,0.2711473459654849,12,1530.0,0.282342699241006,0,8.0,0.8573670009612626,0,2.0,0.8389856666229801,3,9.0,0.4238769649220449,1,1.0,0.6670458622161778,7,565.0,0.12489000403700962,4,48.0,0.5779020640840388,0,51.0,0.655018491578882,0,8.0,0.8027054401328795,10,642.0,0.11269592415170085,13,235.0,0.02824636059281321,78,4114.0
285.0,324,11,97,425,749,0,619.0,1.9104938271604939,4.551546054138228,7,625.0,0.20767558916722417,3,9.0,0.5830220932909507,7,59.0,0.07160649263059121,0,0.0,0.1231524801149989,17,463.0,0.23452950145928572,10,1581.0,0.18656534307092,2,8.0,0.6003735489452522,1,7.0,0.29340386852685696,0,14.0,0.6038837389745647,2,10.0,0.4337077171762725,11,609.0,0.2165482192670279,9,76.0,0.22783782616707726,0,8.0,0.649700980831122,1,9.0,0.526045235799902,15,704.0,0.18927216516994108,12,232.0,0.2248097405432392,97,4414.0
290.0,334,13,87,429,763,0,591.0,1.7694610778443114,4.835132457856721,7,561.0,0.2513756791596694,1,10.0,0.40552715249502874,1,55.0,0.5387756412451741,0,2.0,0.5035411011516705,18,548.0,0.10418988002683709,13,1638.0,0.11421779188801796,6,26.0,0.38568284690386057,0,4.0,0.8020252900706678,2,9.0,0.7203383627461855,0,9.0,0.6964166169708287,8,552.0,0.2512829868292868,7,97.0,0.1472183365742426,1,3.0,0.3089543712718563,6,35.0,0.4620762290668766,15,654.0,0.18689451280693536,2,137.0,0.42007104859642386,87,4340.0
295.0,340,12,87,440,780,0,691.0,2.0323529411764705,5.554006451734274,9,425.0,0.24202752327020813,3,20.0,0.6897256177774356,0,13.0,0.8348179592823779,2,8.0,0.6657803230830532,21,644.0,0.072112996521301,13,1514.0,0.0960304060202803,7,64.0,0.20993322365329023,0,4.0,0.9161892269912733,0,2.0,0.5093990178369329,0,4.0,0.9332314740581796,5,398.0,0.1835408258086655,3,68.0,0.5746402362815736,4,28.0,0.46446793651386753,6,63.0,0.5214082919017127,12,427.0,0.13090979797586455,2,139.0,0.48116705914366964,87,3821.0
300.0,344,9,80,447,791,0,674.0,1.9593023255813953,5.252703059159838,4,401.0,0.2024636305887347,3,35.0,0.672512835427544,0,0.0,0.7190435664129524,2,20.0,0.7337451806114179,25,764.0,0.059676450924247865,10,1116.0,0.25099210239204156,2,57.0,0.48818367842315946,0,4.0,0.7087959176861182,4,13.0,0.42998390195599984,1,1.0,0.6343458355187873,4,413.0,0.11624706540207395,2,55.0,0.5961133975793289,0,23.0,0.7841880858425712,2,59.0,0.3857607528234582,13,435.0,0.11072415980434708,8,170.0,0.25832581458465764,80,3566.0
305.0,346,11,101,459,805,0,901.0,2.6040462427745665,5.064050260148781,9,421.0,0.2046988607293635,0,16.0,0.4477862832919333,3,7.0,0.029705823193480155,2,11.0,0.6674870328276581,29,900.0,0.1601237100396192,6,1060.0,0.23376110362388072,1,20.0,0.7390434032173432,0,6.0,0.8012119893555715,0,16.0,0.5377436917228391,3,12.0,0.4625495542152738,9,444.0,0.204003427316857,7,70.0,0.2957213301180696,0,4.0,0.7875825656526805,5,32.0,0.4619178675112401,13,501.0,0.24246255625113386,14,226.0,0.23707129438077337,101,3746.0
310.0,346,17,113,469,815,0,1062.0,3.069364161849711,4.988638306370535,13,476.0,0.2195534655178937,1,4.0,0.5120900858632699,0,15.0,0.3508843626995794,6,30.0,0.49381640550764716,25,908.0,0.18796200690915632,7,1095.0,0.2058481624664249,3,18.0,0.17085015838746298,0,8.0,0.9166952226065762,1,9.0,0.6946249147207981,0,9.0,0.6646782590110575,15,505.0,0.23742095775930303,12,125.0,0.138766770579616,1,1.0,0.4215405095540798,5,55.0,0.47539631275395017,12,561.0,0.2483669434992254,12,238.0,0.3344654177284968,113,4057.0
315.0,352,9,117,479,831,0,945.0,2.684659090909091,4.605250416930498,14,455.0,0.14692922534023065,2,9.0,0.4609004747701987,0,4.0,0.8712548693035242,11,70.0,0.2995121180114937,17,715.0,0.20361719669126485,12,1144.0,0.1737098698391957,8,51.0,0.33608392199341475,0,4.0,0.8824731325554783,0,7.0,0.7786531234069916,0,4.0,0.9113155145408042,21,598.0,0.14976147351476407,7,136.0,0.1219445960992449,3,22.0,0.26016306959577756,3,51.0,0.33374851762315544,14,499.0,0.20000441525529866,5,173.0,0.342009650594482,117,3942.0
320.0,359,11,111,486,845,0,836.0,2.328690807799443,4.653070028946583,12,358.0,0.1559298396878511,2,18.0,0.7400102961997965,0,4.0,0.9096752054682924,14,138.0,0.17853438531835708,12,723.0,0.1444844060356205,20,1230.0,0.07822796683149305,3,51.0,0.44001630445946205,1,9.0,0.6868127191158777,2,6.0,0.47240441234232394,1,2.0,0.6694843512468673,24,600.0,0.054891118510464666,2,85.0,0.5437431559355544,3,37.0,0.7038524049781467,1,15.0,0.49806945670765196,11,402.0,0.18364614349685976,3,153.0,0.329687476276665,111,3831.0
325.0,372,11,108,489,861,0,691.0,1.85752688172043,4.746369552113255,11,404.0,0.17795690604372794,0,4.0,0.7850241136876833,0,0.0,0.4082577766033136,14,210.0,0.15843109355186247,11,777.0,0.15698144170407827,19,1131.0,0.17472726798589222,2,23.0,0.3992568321322066,0,4.0,0.7930830127788435,1,10.0,0.5000617916527929,3,14.0,0.545334774028412,24,503.0,0.06961049747654063,1,48.0,0.6655974398375604,0,19.0,0.8466386622299059,2,17.0,0.18200620389276118,12,419.0,0.16806947201400718,8,180.0,0.24400344829638548,108,3763.0
330.0,367,15,124,498,865,0,873.0,2.3787465940054497,5.1928169599805365,14,468.0,0.1729475404777733,3,10.0,0.6148521960513167,4,12.0,0.0023944583124339497,14,280.0,0.42137990872867187,13,834.0,0.230677694034,13,781.0,0.3285158124456459,6,28.0,0.39994047516183434,0,4.0,0.8017337763277604,1,6.0,0.728389623072468,0,11.0,0.6930888880595963,16,562.0,0.20875408388397115,4,63.0,0.5682657970085474,1,5.0,0.451414493815016,7,47.0,0.4309910382712638,14,477.0,0.15391430672443832,14,239.0,0.20086680023321893,124,3827.0
335.0,369,20,109,507,876,0,921.0,2.4959349593495936,4.789244788094685,12,444.0,0.19110010219064563,2,12.0,0.426733543192741,0,18.0,0.32432206187800816,16,353.0,0.19991924168517639,14,778.0,0.2603344094619597,5,825.0,0.32201692332854887,2,38.0,0.5228450489821265,2,7.0,0.4393945045311325,1,7.0,0.6675810449981793,0,2.0,0.899472287130739,13,616.0,0.23553434254115493,6,90.0,0.12883741012457095,3,11.0,0.1646977796821993,7,82.0,0.5253514235456626,8,457.0,0.22891514389211634,18,325.0,0.2769801337027006,109,4065.0
340.0,376,19,112,517,893,0,1040.0,2.765957446808511,4.669956748083032,10,332.0,0.20259044543510338,3,21.0,0.6803089235214462,0,4.0,0.8967967001558548,21,449.0,0.038691881508323415,11,541.0,0.19217349239026538,7,852.0,0.28139383282613367,2,12.0,0.5046612410628032,4,14.0,0.3852635942771279,3,16.0,0.4110811204290831,0,0.0,0.7332364968773433,8,571.0,0.12489474046611895,5,82.0,0.3723077278717461,4,25.0,0.5062060222373481,9,122.0,0.34110369329833273,6,356.0,0.2614618292531444,19,417.0,0.30767364094748223,112,3814.0
345.0,379,17,115,524,903,0,1310.0,3.4564643799472297,4.773254016471607,9,356.0,0.1741794949556089,0,11.0,0.7523126084665782,0,4.0,0.9350564548611674,21,554.0,0.12011362017243636,7,585.0,0.13523259454673328,13,907.0,0.2793906056485025,2,18.0,0.44911817326052844,4,25.0,0.4968933262889205,6,43.0,0.39878994616715135,1,3.0,0.487891678605807,11,479.0,0.11713435708484803,0,23.0,0.7377671096643559,0,22.0,0.7597802876185525,13,180.0,0.2085154946585007,7,238.0,0.17895211580826043,21,514.0,0.11595183744862494,115,3962.0
350.0,382,17,122,537,919,0,1676.0,4.387434554973822,4.323613741320671,10,400.0,0.19167576318870272,2,6.0,0.6091636065537426,2,6.0,0.3024635951400359,21,659.0,0.2536956610801507,10,637.0,0.15140559754641864,21,996.0,0.17203813378527177,1,15.0,0.23323597974656782,1,22.0,0.4102218273625258,1,37.0,0.5868164850668468,0,5.0,0.609360150758014,7,508.0,0.21965363025926915,1,20.0,0.574925003650264,2,9.0,0.6068343136639918,14,255.0,0.21650202090453924,4,258.0,0.19764574142552915,25,633.0,0.06732040328973471,122,4466.0
355.0,380,23,133,549,929,0,2028.0,5.336842105263158,4.473882175658719,15,466.0,0.1744484726901752,1,5.0,0.4931172542819486,0,10.0,0.2788172657494996,21,764.0,0.1995110844392402,7,583.0,0.24288086259259783,26,1120.0,0.04194118924167531,0,9.0,0.22194709761416717,2,18.0,0.6351875295930028,2,15.0,0.7356800084208097,0,4.0,0.8822030945688301,9,523.0,0.26936866895561923,4,40.0,0.09680645627170721,0,13.0,0.2909462871200293,14,325.0,0.2473270750745807,7,280.0,0.32648577631548986,25,662.0,0.19677537004300985,133,4837.0
360.0,383,18,143,559,942,0,1786.0,4.663185378590079,4.495326193411204,16,460.0,0.15494610369408762,2,15.0,0.556498415358125,0,8.0,0.8346805504417214,15,746.0,0.11776111902144293,6,430.0,0.25470104520170184,30,1269.0,0.04311275541289225,0,4.0,0.8987216671555894,2,9.0,0.36658797094912854,1,7.0,0.4082394753173408,0,4.0,0.8976076829459337,15,586.0,0.22753548828081469,10,84.0,0.33799724719655716,6,24.0,0.15167326822738963,12,323.0,0.30109714629441514,13,334.0,0.3254623290756945,15,530.0,0.2572247811652149,143,4833.0
365.0,391,14,128,571,962,0,1396.0,3.5703324808184145,4.460311335392,12,397.0,0.1798678131586358,0,4.0,0.8152964588616382,0,8.0,0.893819932973134,9,596.0,0.1279933341370503,4,436.0,0.23074528548864442,35,1434.0,0.0340858256519704,0,4.0,0.9254635900761006,3,20.0,0.3165097628491477,5,28.0,0.34293406848240604,1,2.0,0.679626265682877,21,679.0,0.08327041829180391,4,89.0,0.46080222776472995,2,39.0,0.48109826502044317,4,229.0,0.2122298417764275,21,417.0,0.23282016849027137,7,543.0,0.16450617006430357,128,4925.0
370.0,395,16,126,581,976,0,1347.0,3.410126582278481,4.854357508376087,14,307.0,0.23293038190814244,2,10.0,0.8176205576393126,1,6.0,0.46925405339406745,1,559.0,0.26204843884532814,9,466.0,0.26050560535072315,30,1383.0,0.1695071477107903,0,0.0,0.8789106235085477,1,12.0,0.10256133550749899,1,33.0,0.5246121891395511,0,4.0,0.7325102841152741,29,810.0,0.009219854712251853,2,41.0,0.34083686415015585,1,22.0,0.7426915394019737,3,240.0,0.3254857694198817,26,537.0,0.17953944506903163,6,570.0,0.151018452286243,126,5000.0
375.0,383,19,155,598,981,0,1633.0,4.263707571801566,4.6930984192156044,7,340.0,0.25353352423917774,1,4.0,0.6387024314203158,6,30.0,0.18997080998333243,8,575.0,0.417304646357795,16,531.0,0.20342314187662416,20,1110.0,0.23422322747093222,2,7.0,0.6468418538727938,1,11.0,0.7041632355929709,2,14.0,0.6668210314616525,0,4.0,0.8546458890110965,35,973.0,0.021419962959771187,2,31.0,0.17118199068270024,0,6.0,0.789686693073385,10,271.0,0.3818041786303977,33,687.0,0.11204368243927193,12,619.0,0.08149572028161241,155,5213.0
380.0,375,23,179,618,993,0,2009.0,5.357333333333333,3.7150258466331287,7,363.0,0.3018623685828605,5,17.0,0.35264408551538423,0,28.0,0.5990835723727104,14,633.0,0.30761767374396176,26,644.0,0.10129473279280156,16,1193.0,0.12522224064846338,2,21.0,0.6292514862701568,1,16.0,0.7369950160624206,2,10.0,0.5439145741903656,0,2.0,0.7809683796077749,36,1152.0,0.11774930683880577,2,34.0,0.6801332036170883,2,10.0,0.27144502091536205,15,337.0,0.2260827757978184,31,758.0,0.018420880875483304,20,708.0,0.1957967321613765,179,5926.0
385.0,383,23,191,626,1009,0,2092.0,5.462140992167102,3.827521743033069,9,350.0,0.25696818845157327,11,62.0,0.28467894857005,0,4.0,0.7983234678701485,19,713.0,0.1735539535495983,32,786.0,0.04679283383402621,11,1255.0,0.09512291662485152,0,6.0,0.6282194816249308,1,17.0,0.7912075684546099,4,26.0,0.4703764403230467,2,8.0,0.6831199522085789,30,1188.0,0.1770265826857489,2,43.0,0.6899921672953561,8,36.0,0.33922453644530354,19,423.0,0.078395466512804,26,726.0,0.06403951869000621,17,696.0,0.33537950573098724,191,6339.0
390.0,388,24,174,628,1016,0,2145.0,5.528350515463917,4.124714433917262,7,272.0,0.244033820424037,11,117.0,0.42930429501830614,0,4.0,0.8097233889104132,22,817.0,0.194054673215289,36,938.0,0.057903585577545436,15,1319.0,0.06655837801758886,5,20.0,0.5935643516203066,1,22.0,0.7927625637014237,1,14.0,0.558076969830503,1,3.0,0.5663713564923883,23,1080.0,0.11103004873600178,2,53.0,0.7423904500719747,2,44.0,0.5036710100347576,19,524.0,0.05825976816272504,17,771.0,0.1033999994222068,12,565.0,0.2392312580322049,174,6563.0
395.0,393,27,164,636,1029,0,2124.0,5.404580152671755,4.33007654556876,4,262.0,0.23711712994528775,11,172.0,0.3612754727217949,0,4.0,0.8903786683035961,22,927.0,0.13603926007736064,35,979.0,0.09181838437260423,21,1417.0,0.05823544650749393,5,41.0,0.5963544915397724,2,28.0,0.6799316378002734,2,9.0,0.5167572507390484,1,9.0,0.784959245850755,21,881.0,0.13364233082015575,2,63.0,0.7468581793179488,2,14.0,0.33665320058111214,13,501.0,0.3662450319606172,15,835.0,0.10017338129277939,8,565.0,0.23810168064424914,164,6707.0
400.0,389,33,130,650,1039,0,1525.0,3.9203084832904884,4.182851342875691,8,292.0,0.20336582871850986,10,180.0,0.22226597891557284,0,4.0,0.5941536962132962,16,872.0,0.10914662254785633,28,883.0,0.12588685620136536,28,1545.0,0.1603582721160105,5,66.0,0.5249242213280405,2,38.0,0.4389377190817191,0,2.0,0.6352281273226295,1,7.0,0.7334535982075407,9,934.0,0.30451629051763834,1,7.0,0.5851963521694515,0,8.0,0.24557156095872038,6,357.0,0.33169940885892835,8,787.0,0.13335328050093578,8,598.0,0.2921186603025546,130,6580.0
405.0,389,33,126,658,1047,0,1230.0,3.1619537275064267,4.541507551594299,14,353.0,0.16951597985902042,5,139.0,0.3199154829733775,0,4.0,0.8739290856547473,11,642.0,0.25836517595992714,27,1009.0,0.06473707682058705,34,1702.0,0.19859748085996465,1,48.0,0.25926321017483195,0,4.0,0.45083318689702384,0,4.0,0.8691896208644374,2,13.0,0.5800711064597497,7,941.0,0.3527637478575977,2,8.0,0.336156633239453,0,8.0,0.8607108419886029,4,338.0,0.2297686284365574,5,647.0,0.2620706033296749,14,659.0,0.19160481181162667,126,6519.0
410.0,397,32,138,667,1064,0,1206.0,3.0377833753148615,4.37717864678306,20,445.0,0.1421295904873615,3,122.0,0.3550439200132827,0,4.0,0.9416388782429143,7,608.0,0.3110042078319907,19,1088.0,0.08346885974154916,32,1653.0,0.18329447421536882,5,25.0,0.08496324416384929,1,12.0,0.6533429873613228,0,4.0,0.928866385330324,0,3.0,0.5704460459916841,13,983.0,0.23638975936602705,4,27.0,0.27765861112969914,0,8.0,0.9105133017395817,9,373.0,0.1408019194387589,3,626.0,0.32632839849356615,22,754.0,0.055008133844705216,138,6735.0
415.0,400,32,143,680,1080,0,1143.0,2.8575,4.242274398084363,22,475.0,0.12336477975888298,9,152.0,0.2992993712261378,0,2.0,0.7289325188467589,8,628.0,0.252280379753196,15,1090.0,0.20066841837036986,25,1400.0,0.12667009081306985,1,32.0,0.5627067459506775,0,8.0,0.885053048288265,1,1.0,0.7017752052874084,0,0.0,0.9414717773836107,15,938.0,0.14245849727867665,1,21.0,0.605598145187614,1,6.0,0.6270142286053457,15,436.0,0.27121279722406494,7,655.0,0.2607877202841139,23,753.0,0.05397602474593611,143,6597.0
420.0,401,30,157,689,1090,0,1257.0,3.134663341645885,4.268533447052657,20,388.0,0.1326802998595135,11,207.0,0.4177737186524401,0,8.0,0.7469173922867128,15,691.0,0.059360201212886626,22,1164.0,0.21738115235776193,19,1422.0,0.12383627525491359,0,4.0,0.8317271077565404,3,12.0,0.6076997993336765,4,15.0,0.4726304918366348,0,0.0,0.8074639708348205,15,793.0,0.10957118769091434,1,15.0,0.8281561453112619,0,5.0,0.35046564390666907,20,524.0,0.21215233231469505,13,708.0,0.16775873907872385,14,629.0,0.22128392374305775,157,6585.0
425.0,412,31,166,693,1105,0,1423.0,3.453883495145631,4.161948129232584,16,473.0,0.17771571359359323,7,189.0,0.33984059550730633,0,8.0,0.9290524143400537,20,783.0,0.09543168866090927,29,1296.0,0.1858757015407124,12,1470.0,0.15356830115333703,2,7.0,0.5474277491459145,5,30.0,0.4916639177335339,0,14.0,0.4989106596347659,2,6.0,0.7044952865040954,11,791.0,0.12302254577538062,1,16.0,0.8159113549905054,7,23.0,0.1763771355030869,25,638.0,0.08204468113944086,21,796.0,0.05219100612236641,8,677.0,0.29740956701291144,166,7217.0
430.0,413,38,176,701,1114,0,1842.0,4.460048426150121,4.142328055721725,13,538.0,0.21373414758547657,4,109.0,0.31613880394684585,0,4.0,0.896842714863535,22,890.0,0.2857223677706709,35,1459.0,0.0921120838887595,15,1508.0,0.20895164977829567,2,7.0,0.19565339275988897,1,29.0,0.41872858069699254,0,4.0,0.8605063009364144,1,5.0,0.4907440136695962,14,834.0,0.19585076951683988,1,3.0,0.273017768126146,8,63.0,0.4050722161602486,25,767.0,0.03175028606944114,26,921.0,0.11858239846172988,9,712.0,0.2528734861847027,176,7853.0
435.0,411,38,189,711,1122,0,2279.0,5.545012165450122,4.014912772955125,8,518.0,0.2025809015865216,2,70.0,0.3786366462932711,1,2.0,0.6129630380748146,24,1005.0,0.16834072446800646,31,1460.0,0.03763973152409915,20,1598.0,0.19466480370604727,4,17.0,0.2749850388349816,5,23.0,0.5049142853419696,1,5.0,0.7429454573698177,5,19.0,0.38450027307321905,8,766.0,0.23167532836095395,3,22.0,0.2534696292821882,8,101.0,0.5757188430423251,25,892.0,0.167541367050502,28,950.0,0.1436541552774112,16,782.0,0.11414435727167482,189,8230.0
440.0,406,39,186,731,1137,0,2605.0,6.416256157635468,3.9328853957771437,7,400.0,0.2120694357728175,6,83.0,0.446141774832682,1,7.0,0.6358333733641005,27,1135.0,0.0523314354617897,26,1172.0,0.05246878738747128,28,1725.0,0.21899986532263888,1,14.0,0.6924135755998488,0,24.0,0.6286182474693586,3,14.0,0.6144432756807728,0,17.0,0.6901861014079439,6,580.0,0.1192154294140293,0,15.0,0.7897330853536795,8,139.0,0.38119103944442534,25,1017.0,0.19543656885360677,24,857.0,0.09119227166117679,24,893.0,0.1481234824249267,186,8092.0
445.0,406,44,173,742,1148,0,2864.0,7.054187192118227,3.7429120809524226,3,380.0,0.21618777246226262,4,71.0,0.4676141340938128,0,2.0,0.8504729699138841,27,1272.0,0.10890159459072209,16,1257.0,0.12718828937169532,34,1883.0,0.09391222791736278,1,8.0,0.803170462200483,3,10.0,0.5232223815168416,0,11.0,0.35546975983412454,2,3.0,0.6829937882883681,6,609.0,0.12984000211990213,0,8.0,0.9056282487988856,13,197.0,0.056556723140190036,25,1138.0,0.12035184381384291,18,957.0,0.109722083240551,21,874.0,0.11409067877988166,173,8680.0
450.0,410,44,172,746,1156,0,2895.0,7.060975609756097,3.9048400629018096,7,399.0,0.2003152687995554,2,33.0,0.2854448615909192,0,4.0,0.8076466379557596,27,1407.0,0.14741640943678513,12,1318.0,0.23548435232694598,37,2063.0,0.02326167262544919,1,1.0,0.36271445331501867,6,33.0,0.41278432261630355,4,22.0,0.6268278074988907,0,2.0,0.563589700536859,10,646.0,0.1997567781812358,2,7.0,0.4185735787751099,16,273.0,0.22667081947934375,19,1090.0,0.06325725685055114,15,1028.0,0.1810465151863643,14,712.0,0.28924048312438144,172,9038.0
455.0,407,52,160,757,1164,0,2653.0,6.518427518427519,4.112949159505956,10,372.0,0.23141314981290612,3,36.0,0.3521786917692959,0,4.0,0.8103419333940178,28,1545.0,0.08884302792266664,12,1373.0,0.24555745271269483,32,2005.0,0.01967938032213981,4,20.0,0.26236646846121064,6,63.0,0.28381696448174615,2,23.0,0.6075690571837633,3,11.0,0.46927600435058536,15,711.0,0.20009572489551278,2,12.0,0.14870122517543966,16,357.0,0.25252460020132167,11,880.0,0.28865771352672664,9,968.0,0.21496664162185813,7,455.0,0.3302913175959562,160,8835.0
460.0,414,46,135,772,1186,0,2261.0,5.461352657004831,4.032295718569126,6,294.0,0.2269874536767268,9,72.0,0.4302652970705309,1,5.0,0.5697996704482905,28,1685.0,0.0,19,1458.0,0.0924512049929388,22,1750.0,0.11386458720433526,0,18.0,0.7221733543661596,6,93.0,0.44363488840110904,4,22.0,0.49155743344822656,0,10.0,0.7521142602689455,15,661.0,0.10777077939385751,3,25.0,0.534251145513623,10,349.0,0.3213056894111638,4,830.0,0.338843824722012,7,792.0,0.14703230411036428,1,460.0,0.2990894127847145,135,8524.0
465.0,418,44,139,778,1196,0,2072.0,4.956937799043062,3.831930683847773,4,281.0,0.19953548777792293,8,89.0,0.3778719523852045,6,22.0,0.15968979289733648,28,1829.0,0.11226813300813453,31,1588.0,0.013461603070761406,16,1743.0,0.22175213585233772,0,4.0,0.8841523531755362,1,70.0,0.4840317277937167,1,23.0,0.3532331461273106,1,6.0,0.719284297126448,16,520.0,0.09872039722226658,0,15.0,0.8291403359128128,7,244.0,0.16776606936575061,7,853.0,0.34435720658299557,7,640.0,0.15454415799587687,6,476.0,0.21324323238919066,139,8403.0
470.0,424,46,144,786,1210,0,2221.0,5.238207547169812,3.9800257119029547,9,296.0,0.20859670244268208,1,48.0,0.32560921668576076,5,37.0,0.14339473831537095,28,1973.0,0.22310712771643976,33,1735.0,0.025764829866448034,12,1809.0,0.27208086161988954,2,2.0,0.5491732137996599,2,7.0,0.4875005331323664,3,20.0,0.6581785040508475,0,5.0,0.5207612608386688,14,530.0,0.22266010441145076,0,4.0,0.8695204647550765,2,250.0,0.31691372067496704,15,915.0,0.10989001491925719,4,657.0,0.1681529005448081,14,533.0,0.2631761646117124,144,8821.0
475.0,424,54,174,794,1218,0,2783.0,6.563679245283019,4.173787653774733,9,288.0,0.21578734153544876,2,52.0,0.3414900458643282,0,22.0,0.6221889918950291,28,2109.0,0.18251835069489125,36,1898.0,0.11168589713370797,14,1865.0,0.19018976194411963,5,21.0,0.04574071915809379,0,2.0,0.7509790728459826,3,35.0,0.6871147576043614,4,17.0,0.3640165949529796,14,584.0,0.24282960275457235,1,3.0,0.4708154986929457,8,265.0,0.4023549780538784,21,1005.0,0.161706532415217,10,678.0,0.25426076551266985,19,616.0,0.20662879872625656,174,9460.0
480.0,432,48,198,800,1232,0,3299.0,7.636574074074074,3.8713791397044237,8,225.0,0.2098686551379605,7,76.0,0.4021821117553561,0,14.0,0.6206651846583398,33,2263.0,0.058068504518397894,30,1879.0,0.1368761827237998,16,1706.0,0.13598419270682996,7,57.0,0.050977728186995946,0,0.0,0.8432842980723365,1,20.0,0.3756192826450093,7,53.0,0.2986057039186508,14,645.0,0.1666537997943735,2,14.0,0.6106664599037143,14,319.0,0.3604965427069912,24,1121.0,0.23465971721561296,9,620.0,0.30741995427980306,26,730.0,0.08351568945945011,198,9742.0
485.0,439,48,196,809,1248,0,3573.0,8.138952164009112,3.5013515429299638,3,197.0,0.21582853886643627,8,90.0,0.362257211514143,4,30.0,0.6004861213232846,36,2440.0,0.11427736994653917,25,1667.0,0.08035903995470567,15,1300.0,0.20606851777864907,8,98.0,0.45132246572768486,0,0.0,0.46226161563624046,3,16.0,0.4764895379861945,7,90.0,0.5126532250836494,15,604.0,0.08943215194225897,0,5.0,0.7841726699112856,18,402.0,0.09206338756451458,24,1239.0,0.13089529264458777,6,396.0,0.24875159856129953,24,743.0,0.1098582788686925,196,9317.0
490.0,443,51,179,818,1261,0,3670.0,8.284424379232506,3.703240612069451,6,207.0,0.22735180014658152,5,64.0,0.29242381407297385,4,52.0,0.6593549782359982,36,2620.0,0.16819789471013538,17,1768.0,0.1106832825100243,11,1347.0,0.14073413153359626,2,90.0,0.6464369041703864,3,13.0,0.5324129918027702,2,11.0,0.5563571784739128,7,125.0,0.506008712284754,11,448.0,0.21501046700813942,0,4.0,0.8108518228534424,23,510.0,0.01807068075574204,24,1359.0,0.1055081366070014,10,432.0,0.1435851346829262,18,628.0,0.14746440204482883,179,9678.0
495.0,449,52,169,819,1268,0,3645.0,8.11804008908686,4.189581728080381,12,254.0,0.18356286937429764,4,68.0,0.2980087500943932,4,72.0,0.598313832017908,36,2800.0,0.11004284347469492,15,1837.0,0.1974506912418321,11,1398.0,0.13245595724583886,1,30.0,0.658311803008203,1,11.0,0.3436702507889758,3,21.0,0.6621012162408779,4,114.0,0.29087292179710184,9,332.0,0.34436058364450206,3,12.0,0.6783446166570807,23,627.0,0.16600231217875006,18,1279.0,0.1509693088494694,11,478.0,0.14067988470661597,14,694.0,0.20933898089476638,169,10027.0
500.0,456,57,167,823,1279,0,3172.0,6.956140350877193,4.286863433389955,13,257.0,0.16984185070386137,10,96.0,0.2319285564493171,10,101.0,0.025348118824365367,31,2661.0,0.03246913831841427,9,1712.0,0.31104775956347364,15,1466.0,0.21971215411810144,4,19.0,0.46567085542324216,1,8.0,0.627919519241037,1,15.0,0.4382391409878195,1,48.0,0.41580039609584435,9,364.0,0.283704885664384,3,23.0,0.7244565725182195,23,742.0,0.25792958623492773,10,989.0,0.11978365403336433,15,546.0,0.12876319832784489,12,750.0,0.14626744343676937,167,9797.0
505.0,459,54,176,839,1298,0,2611.0,5.688453159041394,3.9656359898072604,13,198.0,0.20276940763918472,8,114.0,0.4196502395347875,13,163.0,0.22944864653593441,24,2009.0,0.07341371424932054,7,1411.0,0.2196357322990989,21,1560.0,0.20567734036246335,7,52.0,0.3170730361290258,2,2.0,0.14817511211149484,2,10.0,0.5025266714947425,3,50.0,0.5110387332271836,9,397.0,0.23646080035949762,1,15.0,0.5589061683072036,26,858.0,0.0989729763611669,3,1017.0,0.1606709383235441,22,642.0,0.18812376858331298,15,817.0,0.08688264213677342,176,9315.0
510.0,454,52,196,854,1308,0,2529.0,5.570484581497797,3.693342136612067,13,154.0,0.18363109906123073,2,74.0,0.477348779490695,10,204.0,0.3568908936748921,14,2084.0,0.21133082655657448,9,1450.0,0.09614051260705991,28,1680.0,0.10650980960819438,2,51.0,0.19009777180541515,6,30.0,0.11139284244211461,2,13.0,0.5780265027296781,8,80.0,0.42846661792441315,14,457.0,0.14215101003836791,7,24.0,0.2719232276918862,28,999.0,0.032359560841810985,10,1050.0,0.29121328374619504,28,772.0,0.2159333094195918,15,774.0,0.1942265065626757,196,9896.0
515.0,448,54,190,874,1322,0,2473.0,5.520089285714286,3.8444021898960985,6,180.0,0.258720661060031,1,63.0,0.3284693537806897,10,247.0,0.4254448649054483,10,2129.0,0.2196986329411729,15,1505.0,0.20334949894506224,30,1609.0,0.06662890709619317,2,27.0,0.613098511225769,0,36.0,0.6734523580870563,3,23.0,0.6680729580375929,5,71.0,0.3001367491317272,15,461.0,0.10366547556763828,3,40.0,0.1794641780609368,28,1141.0,0.15870450387494886,15,1115.0,0.2378383702749796,35,932.0,0.12428405417715876,12,597.0,0.2709285090420366,190,10176.0
520.0,448,57,178,887,1335,0,2591.0,5.783482142857143,4.168167217173452,7,200.0,0.30438557492201856,7,87.0,0.2675484965088777,10,297.0,0.21783125049872998,12,2176.0,0.19727748655871521,16,1482.0,0.2065261409659664,23,1312.0,0.13556615702907437,1,18.0,0.8077959189043851,0,8.0,0.9319234570259667,0,12.0,0.4398927725563974,2,44.0,0.41231408507692885,12,382.0,0.22942939105246105,4,33.0,0.6337706051991995,28,1283.0,0.21420460651882367,18,1201.0,0.08711319254569475,31,967.0,0.03475702289532016,7,642.0,0.20382734130424982,178,10144.0
525.0,456,52,187,892,1348,0,2620.0,5.745614035087719,4.015092151163314,11,211.0,0.22408637370301063,13,141.0,0.1608273477171309,8,257.0,0.20268405377666202,19,2259.0,0.1913839958619226,22,1578.0,0.06443361740422586,13,1171.0,0.271609875421869,1,19.0,0.8011881973981795,2,6.0,0.6492172677704126,1,4.0,0.5350864479738221,2,37.0,0.488158746903671,8,266.0,0.28157975118950096,0,19.0,0.7932283424300187,33,1430.0,0.07086372636423555,18,1295.0,0.04213199027973528,27,842.0,0.053933873219444865,9,680.0,0.16502630829903298,187,10215.0
530.0,456,56,184,904,1360,0,2677.0,5.870614035087719,3.713896227219663,8,185.0,0.23209477408309354,14,166.0,0.3022173133382172,0,133.0,0.49367493193547024,26,2375.0,0.16860960168242486,26,1691.0,0.03544669323628283,10,1211.0,0.26252130228914156,1,3.0,0.26997815370115397,0,3.0,0.3620727240702481,3,11.0,0.5062812826030076,7,60.0,0.46944279833283087,7,304.0,0.2592459767463709,1,3.0,0.5481445444370296,35,1602.0,0.01202546568947018,12,1171.0,0.273371915528387,17,933.0,0.1395883689934884,17,748.0,0.1928606389438029,184,10599.0
535.0,455,60,183,917,1372,0,2517.0,5.531868131868132,3.7978754709691813,6,202.0,0.19685725011343624,7,134.0,0.2608273954474707,3,139.0,0.42829659121973007,31,2520.0,0.027621308559171383,26,1793.0,0.13993431687827873,7,1058.0,0.13687570275843872,5,20.0,0.2469230016252743,4,17.0,0.6660741471683213,3,26.0,0.677045520238826,11,104.0,0.25798936161963715,8,341.0,0.21570703579498438,6,20.0,0.08592334001645925,29,1570.0,0.15363705019737275,2,831.0,0.445696508167877,13,988.0,0.22249854774215583,22,843.0,0.2532200803059974,183,10606.0
540.0,458,59,190,923,1381,0,2520.0,5.502183406113537,4.1445016381966,9,221.0,0.20528160473686605,5,156.0,0.24567208125366824,8,167.0,0.06836920493153625,34,2688.0,5.734780709637043e-05,31,1924.0,0.12191358107849073,7,687.0,0.18616586876557695,5,47.0,0.6129899494917715,0,13.0,0.6891946650005091,0,13.0,0.7164104177033846,13,172.0,0.19855520186268003,8,323.0,0.27682741881656414,9,63.0,0.11291163890944385,20,1357.0,0.2395607889222106,3,342.0,0.5906256385077889,9,919.0,0.22845401524422407,29,975.0,0.17239052261027185,190,10067.0
545.0,462,58,181,936,1398,0,2626.0,5.683982683982684,4.0337440056411715,11,226.0,0.18928845228885133,11,196.0,0.23129514623809058,4,135.0,0.23388038434653807,34,2866.0,0.043900458419062365,35,2085.0,0.026935773195387758,2,695.0,0.3186688528034165,0,37.0,0.7128742450909438,1,6.0,0.40495135222971057,3,7.0,0.5594884016535797,14,241.0,0.37210477417281523,4,229.0,0.3101325589360872,8,104.0,0.46419835523534697,15,1357.0,0.16972333407279186,2,291.0,0.5244421680284594,7,734.0,0.13509728935583765,30,1126.0,0.10531806143856155,181,10335.0
550.0,463,60,193,949,1412,0,2783.0,6.010799136069115,3.5830800052416993,9,197.0,0.2092013069021064,17,264.0,0.29425772030904984,4,144.0,0.4076662020127645,30,2708.0,0.14654745338796243,37,2266.0,0.00014405316566107665,7,699.0,0.35080652612399754,1,6.0,0.4609080610551745,2,9.0,0.08927336997469204,0,5.0,0.5937579421393797,8,241.0,0.33858256193464287,5,250.0,0.18421882617780547,10,151.0,0.4219983618998691,11,1422.0,0.1296996427546494,6,307.0,0.22079712538945742,11,723.0,0.1408141001018534,35,1291.0,0.0008677805782632521,193,10683.0
555.0,460,58,195,962,1422,0,2595.0,5.641304347826087,3.659528655594988,5,185.0,0.21041319885119894,16,287.0,0.18955960588769422,8,182.0,0.30887635872175434,21,2255.0,0.2641274567591824,32,2197.0,0.04186092477154122,13,757.0,0.21578648697799527,1,4.0,0.1721372719112292,2,14.0,0.2931040894356687,1,9.0,0.6616656546057567,5,170.0,0.2790088558248656,11,291.0,0.1009443675818923,16,214.0,0.14866505805016644,14,1481.0,0.22736129069888222,11,355.0,0.11523269472024329,8,750.0,0.23286568507716363,31,1299.0,0.11509858131452912,195,10450.0
560.0,456,64,194,976,1432,0,2380.0,5.219298245614035,4.058877399394152,9,213.0,0.2279233175014356,12,259.0,0.2166657032749267,8,222.0,0.3587196714132329,14,2333.0,0.2391965164554626,22,1844.0,0.20010324097649282,20,843.0,0.18435942741118422,5,22.0,0.3610740126695993,2,8.0,0.6386594987912326,1,14.0,0.8227383107866815,4,177.0,0.2785694718595608,15,357.0,0.19656394047234713,17,299.0,0.053216827259730884,21,1570.0,0.1964236233260665,7,246.0,0.05817983911738618,16,782.0,0.23569086963221644,21,1066.0,0.21421776363347553,194,10255.0
565.0,456,64,192,992,1448,0,2358.0,5.171052631578948,3.866597099767115,8,210.0,0.2351583008989768,6,300.0,0.25901188282430465,9,263.0,0.4107499192647592,14,2406.0,0.1591404648987663,16,1696.0,0.25028575749937376,23,952.0,0.0628584467762863,1,23.0,0.4683065646072316,2,18.0,0.7713710013344546,0,4.0,0.8166366037848767,10,214.0,0.22761866499807967,22,451.0,0.18844466087497408,17,388.0,0.04446565175976763,28,1691.0,0.11109270956547779,1,66.0,0.5578474649063128,21,871.0,0.136184409803663,14,1147.0,0.1937640651687845,192,10700.0
570.0,451,64,206,1005,1456,0,2342.0,5.192904656319291,3.676584928258363,7,164.0,0.21426734418865165,8,331.0,0.28263917078775813,9,207.0,0.31260330664840474,15,2476.0,0.09371473838814476,12,1762.0,0.2997499321297032,29,1090.0,0.1565723693658171,1,9.0,0.7060896244808512,0,4.0,0.5903931140470083,2,7.0,0.6306450288074893,10,206.0,0.3354927422182232,29,577.0,0.055426101615640835,11,392.0,0.3005500796365221,29,1840.0,0.028041505703969676,1,53.0,0.5031820565787544,29,1001.0,0.10190018579497492,14,1216.0,0.12701435817708193,206,11335.0
575.0,453,68,208,1015,1468,0,2460.0,5.430463576158941,3.4054198565964238,4,158.0,0.21073315413683788,16,394.0,0.17073637068400582,2,226.0,0.28723042277707994,23,2580.0,0.11682901765820852,14,1822.0,0.2507870996504902,29,1235.0,0.1396763885243764,1,4.0,0.1754526258217212,3,10.0,0.45107222126880536,2,6.0,0.41962097689936106,3,125.0,0.38311382168035146,32,638.0,0.03337417377931649,1,291.0,0.5178026851079829,29,1989.0,0.08273152851312363,5,70.0,0.22538416699392552,35,1164.0,0.11143097787917869,9,1140.0,0.1178250106682592,208,11852.0
580.0,459,68,214,1025,1484,0,2738.0,5.965141612200436,3.2841515172612823,8,181.0,0.22920297093324815,21,489.0,0.12516144941100404,9,254.0,0.3217754343782319,28,2709.0,0.15333891339454309,15,1654.0,0.13207364978713268,23,1180.0,0.05499784675163439,3,21.0,0.5734269777070996,2,17.0,0.20052999274438568,2,13.0,0.6139613416315429,4,130.0,0.31794722713348694,24,614.0,0.1828263184028926,3,271.0,0.4542585224108977,35,2150.0,0.12802498199355683,1,50.0,0.20783226506658153,30,1186.0,0.06603747065107864,6,929.0,0.15102013595672226,214,11848.0
585.0,450,69,220,1041,1491,0,2938.0,6.528888888888889,3.415111323845373,9,177.0,0.20910728743760962,27,620.0,0.13557436105540346,13,312.0,0.14471111964153352,32,2863.0,0.055868628640423336,17,1313.0,0.08602699353710273,18,941.0,0.13416835621097126,0,14.0,0.8154068751815065,1,12.0,0.578774681634163,1,3.0,0.6923886297109872,10,170.0,0.23584310924497348,16,508.0,0.26125587233808417,8,281.0,0.37927784411386156,36,2329.0,0.14307866244787182,1,9.0,0.759480054601193,27,1086.0,0.06677518652752122,4,892.0,0.18794172762230849,220,11530.0
590.0,454,73,205,1049,1503,0,2984.0,6.572687224669603,3.328345846129353,8,113.0,0.19960273571766993,28,760.0,0.1471641162745669,19,392.0,0.12524324165826925,27,2689.0,0.023562845157855738,14,1286.0,0.11831904184182881,12,947.0,0.14435127913933907,0,4.0,0.8408881680970993,2,14.0,0.6536794824859918,2,11.0,0.45428511189113535,10,164.0,0.30865733391182093,6,529.0,0.20224143056246147,13,331.0,0.22773368410656972,36,2505.0,0.08225090093180776,0,4.0,0.9518734169669867,19,1025.0,0.12816812929528482,9,924.0,0.23676921344255397,205,11698.0
595.0,456,79,183,1057,1513,0,2706.0,5.934210526315789,3.6432998336178986,2,123.0,0.2407501521459821,33,914.0,0.12919585576737586,20,490.0,0.18843372083964785,17,2054.0,0.22038253758236567,14,1330.0,0.10079487362354556,12,990.0,0.12788521119487142,1,1.0,0.3043805000558165,2,24.0,0.5818681543466103,0,4.0,0.6318814682305413,4,113.0,0.3492764233945593,8,561.0,0.21525344152521553,19,417.0,0.07995470026966821,30,2419.0,0.026037134116051498,0,0.0,0.9150784450305044,7,1060.0,0.23303094832045693,14,983.0,0.30896583633540126,183,11483.0
600.0,456,79,171,1065,1521,0,2372.0,5.201754385964913,4.074954736824715,6,137.0,0.2360146430675623,31,967.0,0.10133197352606604,14,463.0,0.1889386358532958,9,1962.0,0.31767636729238813,9,1198.0,0.12782710261232932,8,894.0,0.24131667957371103,4,21.0,0.1307885253417526,1,3.0,0.6781256567830762,0,4.0,0.7836265325388707,1,75.0,0.39887978972294613,14,619.0,0.2626995349237215,22,523.0,0.07845899343896633,23,2100.0,0.17525731035047512,0,8.0,0.7172759372923324,9,1094.0,0.2757205072574819,20,1068.0,0.23651577126176007,171,11136.0
605.0,456,72,159,1088,1544,0,1905.0,4.177631578947368,4.0414947765869185,12,188.0,0.2172930172343025,22,834.0,0.17281557786931367,7,357.0,0.1107618603342462,6,1998.0,0.22418198836310016,4,888.0,0.2625715034033858,6,644.0,0.33734802995399904,0,16.0,0.7293290032619539,2,13.0,0.7446285223939789,1,5.0,0.7594091570462466,6,87.0,0.3166394298040793,15,614.0,0.2707673341695382,22,637.0,0.0985296516042459,15,2173.0,0.21830613646648656,0,8.0,0.9072356392126264,15,1126.0,0.15476714583538623,26,1190.0,0.10962439928548764,159,10778.0
610.0,457,72,166,1103,1560,0,1824.0,3.991247264770241,3.7969884186259097,19,269.0,0.18174714899381045,12,852.0,0.2163044488979302,4,378.0,0.3290108652751778,12,2049.0,0.10891926468515443,4,907.0,0.3044651872606766,7,666.0,0.2962458117196253,0,6.0,0.8236570768840086,2,4.0,0.6067113868715055,3,15.0,0.6984433284142877,3,77.0,0.373348009199012,12,520.0,0.17041654128112013,22,751.0,0.19008241450033905,13,2233.0,0.14185205304078363,0,4.0,0.9156309735841391,21,1217.0,0.05287819796710418,32,1341.0,0.030356344577213264,166,11289.0
615.0,464,71,198,1105,1569,0,2146.0,4.625,3.393620927544854,28,386.0,0.09782348769985134,10,903.0,0.20718746917075054,8,402.0,0.32903835891334376,19,2130.0,0.08649460914874071,9,940.0,0.24745024946525218,11,712.0,0.26006499837819597,0,4.0,0.6917344119693868,5,20.0,0.5372330783689081,1,10.0,0.4283398694137038,2,31.0,0.5106674811196942,10,531.0,0.09827953346757412,25,868.0,0.1670097400144583,15,2302.0,0.1074950188309867,1,2.0,0.5586185958193828,28,1345.0,0.019970016923558744,26,1313.0,0.06304762657340955,198,11899.0
620.0,467,75,225,1114,1581,0,2648.0,5.670235546038544,3.67094023155411,32,536.0,0.11824061025216277,7,834.0,0.2310718174476117,14,457.0,0.35034407564671904,26,2248.0,0.18436217941545538,15,1003.0,0.157994155089855,13,769.0,0.14482985188388603,0,4.0,0.918329667859164,2,20.0,0.5128237462675735,5,20.0,0.3640317730207027,3,38.0,0.41121945590375125,12,591.0,0.15142085813202907,29,1005.0,0.18725847147502073,21,2395.0,0.15214772995040843,1,9.0,0.25062914366471567,29,1338.0,0.13577098628770254,16,1089.0,0.168480174883942,225,12356.0
625.0,467,77,232,1128,1595,0,3141.0,6.725910064239828,3.693663381469331,34,701.0,0.10803380582748753,6,664.0,0.22349344785083083,15,531.0,0.14367793923744254,29,2389.0,0.13291143740771705,18,917.0,0.05404823613432294,20,856.0,0.04980750713589229,0,0.0,0.8850529837684021,5,23.0,0.43566766042584965,1,31.0,0.5843940721657881,4,55.0,0.49336432353363124,14,649.0,0.2169220685642862,29,1146.0,0.08727110330709206,21,2259.0,0.2254474350424507,1,20.0,0.6536832488402594,23,1237.0,0.263567665324291,12,1074.0,0.2426067604886874,232,12552.0
630.0,460,77,226,1143,1603,0,3316.0,7.208695652173913,3.3558868674676314,31,779.0,0.10228756370797303,6,685.0,0.23421161806673232,21,623.0,0.0038998406269619796,29,2534.0,0.03053547166510195,17,718.0,0.136352413193951,26,970.0,0.12241936614282196,0,0.0,0.9105212931482114,3,27.0,0.4326691339428389,2,15.0,0.681208759037293,2,30.0,0.6186887974052956,14,634.0,0.20221067124206749,29,1297.0,0.04120758820559381,15,1869.0,0.16708006925567903,1,25.0,0.8157015281953973,18,1331.0,0.15631074598111505,12,1135.0,0.2480139058615781,226,12672.0
635.0,462,80,205,1154,1616,0,3380.0,7.316017316017316,3.2965571427892746,25,748.0,0.16465210813980113,8,717.0,0.2719884257391289,16,599.0,0.10080154699001719,29,2681.0,0.013420178745054188,12,650.0,0.27419968688185825,32,1119.0,0.07689662537741286,0,0.0,0.9063229054307514,5,29.0,0.4923335382459308,2,9.0,0.39945781351617105,3,21.0,0.6700712218549396,11,534.0,0.09930290844216641,29,1444.0,0.17928708101721386,6,1681.0,0.1516622408074893,1,10.0,0.6004255645872119,17,1421.0,0.11802882590853225,9,1017.0,0.21395900139969837,205,12680.0
640.0,465,86,197,1161,1626,0,3298.0,7.09247311827957,3.386004904991523,16,761.0,0.22146922968115346,9,656.0,0.19818686294599464,6,454.0,0.4211547109499224,23,2469.0,0.08230419297956387,11,700.0,0.28116120258545974,36,1292.0,0.07312510661007714,0,0.0,0.9646964107207222,2,31.0,0.21241339586513372,6,28.0,0.36650003532426434,0,13.0,0.47460209719687774,18,576.0,0.09755060566282218,33,1598.0,0.14444025195899737,6,1703.0,0.3053531860379059,5,32.0,0.3665066416653177,18,1500.0,0.06354074363177759,8,786.0,0.11947461302034182,197,12599.0
645.0,459,87,205,1174,1633,0,3436.0,7.485838779956427,3.423250378982686,13,823.0,0.2005965976031255,8,499.0,0.18039383982092153,3,468.0,0.32901739698207094,18,1912.0,0.08588873526981865,13,758.0,0.15691198859309022,36,1476.0,0.02316621567096356,1,1.0,0.0012197226158394742,7,26.0,0.0006687315663652258,6,60.0,0.5378731074273249,5,20.0,0.3460582846757737,12,636.0,0.21392631723887032,36,1773.0,0.06447984948362648,13,1752.0,0.26443432649922466,6,62.0,0.4194906013873272,24,1608.0,0.03273049889666149,4,680.0,0.23230903715872445,205,12554.0
650.0,460,91,190,1185,1645,0,3448.0,7.495652173913044,3.5526172908528024,8,788.0,0.23193723548629117,7,488.0,0.24841807268311927,9,492.0,0.2693858888769044,14,1992.0,0.1016948573696179,16,754.0,0.07355142793214993,30,1457.0,0.14835191988864221,1,10.0,0.6333081391717353,1,32.0,0.10791659968467697,6,90.0,0.5519092755033163,1,26.0,0.4480608458394569,13,670.0,0.2287787064496198,36,1957.0,0.020285655271044686,12,1573.0,0.14459742882705703,0,52.0,0.5031038500435371,30,1746.0,0.12704215482596387,6,689.0,0.3334685065034348,190,12816.0
655.0,458,89,203,1205,1663,0,3289.0,7.181222707423581,3.5290564949593617,6,633.0,0.2427944646581167,6,517.0,0.2581369547653847,16,555.0,0.06010637333271923,13,2062.0,0.2194066459628389,22,854.0,0.03040929472666365,21,1241.0,0.22576954250920708,0,4.0,0.876334400373639,0,6.0,0.5911141264448855,8,123.0,0.2539909830650695,3,13.0,0.48101240680135,19,748.0,0.10263414126063987,30,1917.0,0.14935008927222865,11,1182.0,0.23706908524134068,0,6.0,0.6245793306663099,35,1916.0,0.20324013140557481,13,744.0,0.21666722224738758,203,12521.0
660.0,459,88,207,1213,1672,0,2980.0,6.492374727668845,3.49359242352128,4,612.0,0.21774672632750655,12,568.0,0.17111832007356234,23,660.0,0.03591992885152683,16,2132.0,0.22757352704041672,26,960.0,0.08653918463820473,12,889.0,0.2501593981447239,0,4.0,0.8502030608368308,1,9.0,0.00015366202359759916,7,118.0,0.26457831397848647,0,13.0,0.47704681232889967,25,862.0,0.029342494575726748,20,1634.0,0.2494978528274753,2,1087.0,0.3998180986579325,3,14.0,0.5310855393956652,36,2092.0,0.1500177962402226,20,830.0,0.039737701645332454,207,12484.0
665.0,462,92,224,1222,1684,0,3067.0,6.638528138528138,3.422945116267356,7,630.0,0.21581845948989098,19,650.0,0.11880353452021471,24,780.0,0.17549637540303203,22,2229.0,0.08508031754242466,30,1100.0,0.12372262900710632,6,931.0,0.31248311444600024,1,5.0,0.6191424806331474,1,14.0,0.6940499809914245,1,45.0,0.4164391086857968,0,4.0,0.8322198246311859,32,1011.0,0.10415650696029183,13,1612.0,0.18485009936404612,8,1100.0,0.2519132431375298,6,38.0,0.5294928849934537,32,2043.0,0.07481969798297773,22,943.0,0.06575716180518336,224,13135.0
670.0,465,100,239,1227,1692,0,3234.0,6.95483870967742,3.546804253829477,7,586.0,0.23354909336052887,26,769.0,0.12308686404820274,18,755.0,0.29870533783454684,29,2368.0,0.05570898632944713,30,1247.0,0.08188278979282423,8,954.0,0.2786143313436497,7,25.0,0.06821359186711337,0,0.0,0.8705809313849,3,24.0,0.49301501491563204,0,4.0,0.8783407616314571,36,1188.0,0.15070985636120032,12,1674.0,0.19031362196433008,14,1158.0,0.03227581250948853,0,35.0,0.4943573663129365,27,1784.0,0.067958601116044,22,1053.0,0.2941657295361019,239,13624.0
675.0,467,98,238,1235,1702,0,3370.0,7.2162740899357605,3.090805813246919,8,502.0,0.18905406429559013,31,922.0,0.10403578487690748,10,568.0,0.24191816073235353,29,2513.0,0.1779260988428238,29,1218.0,0.028068388816818887,13,1014.0,0.15919543020937849,6,43.0,0.06369531130891566,0,2.0,0.7912348742446215,1,15.0,0.4723981700141728,2,6.0,0.7047518472740426,32,1221.0,0.07637185666297211,14,1736.0,0.1773360833114406,21,1255.0,0.053406476387749195,2,13.0,0.32408829780899595,16,1787.0,0.10609567034582433,24,1167.0,0.18644539717017158,238,13982.0
680.0,465,103,225,1248,1713,0,3286.0,7.066666666666666,3.044744764470839,4,516.0,0.1810449893349908,36,1091.0,0.09435560151344347,4,588.0,0.127152833319137,34,2672.0,0.2066501674975864,25,1025.0,0.18200806045687182,14,951.0,0.24233871199595752,0,34.0,0.3816441681286241,1,5.0,0.5737394044220359,1,5.0,0.7005062108948247,1,4.0,0.424133610566349,26,1363.0,0.06068718514759989,21,1830.0,0.10916468080885183,16,1124.0,0.22822727320296393,2,25.0,0.36722788008482127,11,1833.0,0.12867211531797143,29,1304.0,0.12609671258647914,225,14370.0
685.0,465,109,226,1258,1723,0,3456.0,7.432258064516129,3.5706659774697953,10,550.0,0.18516498046663157,30,1113.0,0.12567654629635144,8,617.0,0.1488370123210309,35,2843.0,0.19458942560874207,16,1033.0,0.2521668313398189,10,759.0,0.25538414153120576,4,43.0,0.5752069448761108,4,21.0,0.6482256685739556,0,4.0,0.6995242652038502,6,26.0,0.35160041605956266,26,1491.0,0.14535736218768286,27,1953.0,0.060838886639891274,6,746.0,0.3936091359172758,2,37.0,0.7230758419220986,13,1885.0,0.22133316927811003,29,1449.0,0.08719411788900339,226,14570.0
690.0,463,109,222,1268,1731,0,3358.0,7.252699784017278,3.2931242173731237,16,620.0,0.13254555378295896,22,855.0,0.15062039168319474,15,607.0,0.07635810136903368,30,2667.0,0.102307658531839,14,1102.0,0.16588430881705776,10,752.0,0.23723648735958502,6,72.0,0.61064847388056,0,16.0,0.554285605528327,1,8.0,0.713969150386574,2,36.0,0.42142678041339304,24,1607.0,0.14088410876244012,31,2105.0,0.02928938300039004,5,758.0,0.2295488720952939,2,43.0,0.7801554366403078,15,1766.0,0.23511112589211947,29,1596.0,0.12611614791349196,222,14610.0
695.0,474,114,206,1268,1742,0,2750.0,5.801687763713081,3.1579245075074525,26,732.0,0.09784675229031566,14,924.0,0.21331417374514483,15,685.0,0.28090353137514334,26,2151.0,0.0863235112454611,11,1010.0,0.12110839894253668,9,799.0,0.2169907786473781,9,105.0,0.2303034928897676,5,19.0,0.26064911169886484,0,4.0,0.7412736823392361,2,17.0,0.5719013728952889,17,1538.0,0.0735423411306597,25,2017.0,0.07541946276608075,9,797.0,0.08238842902121,0,4.0,0.239339077856029,13,1449.0,0.1465780887884448,25,1522.0,0.1407186250079111,206,13773.0
700.0,484,116,206,1272,1756,0,2231.0,4.609504132231405,3.406102539142144,29,862.0,0.09989792053717356,10,978.0,0.2343204000907265,14,739.0,0.3486578879943588,18,2249.0,0.0852582916537418,7,845.0,0.13237068160464716,17,866.0,0.14759441322607164,13,166.0,0.06113236864169307,1,25.0,0.1757496165508633,2,7.0,0.4287327952206639,2,15.0,0.49270466442822564,18,1391.0,0.08313448168254685,17,1722.0,0.2349726100713041,16,866.0,0.35476341902974234,5,20.0,0.17640670869125685,15,1516.0,0.0937623172607673,22,1243.0,0.09925836601770288,206,13510.0
705.0,472,116,197,1292,1764,0,1949.0,4.129237288135593,3.406922632653565,35,1015.0,0.08364802017416215,7,889.0,0.23966725598542188,18,812.0,0.11137503695128698,11,2295.0,0.14499546427944254,7,864.0,0.2287159915052686,21,966.0,0.0489312793896785,7,169.0,0.33842148583133064,2,17.0,0.6256145931532321,2,13.0,0.38130502501968067,2,25.0,0.601773414917259,24,1499.0,0.14870064928935595,15,1803.0,0.25272808539260017,16,946.0,0.27358180871474425,0,21.0,0.6718216909197524,16,1589.0,0.09431973289735049,14,1313.0,0.10054051247106359,197,14236.0
710.0,465,120,179,1311,1776,0,1716.0,3.6903225806451614,3.788135681084262,32,1051.0,0.10501939076314647,5,683.0,0.2449334860628678,22,913.0,0.0006911258810595175,16,2350.0,0.1946714621090749,8,901.0,0.240335589291019,23,950.0,0.14003625326901115,0,88.0,0.6630811898498472,0,6.0,0.8408972896480411,2,16.0,0.6156937753156618,2,37.0,0.7131310001033327,15,1576.0,0.17849254489279825,13,1868.0,0.19269839001563005,18,799.0,0.09108470002712192,0,8.0,0.8262963347844282,13,1562.0,0.10601979632136732,10,1368.0,0.17472772844141496,179,14176.0
715.0,468,124,183,1320,1788,0,1823.0,3.8952991452991452,4.1203712653749776,25,940.0,0.16639050896525925,4,658.0,0.2961743914410062,23,1028.0,0.0,22,2448.0,0.22764177332475916,14,956.0,0.14590656194142834,15,727.0,0.21441091685240732,3,76.0,0.557349137108607,0,4.0,0.8374661917542852,4,34.0,0.6509819710175733,2,47.0,0.7550390141243829,16,1608.0,0.13481924915314786,16,1937.0,0.08883040015106472,12,440.0,0.1068869668500814,0,4.0,0.8947213270565316,11,1249.0,0.1955321571511699,16,1431.0,0.23781090827585616,183,13587.0
720.0,470,122,184,1328,1798,0,1887.0,4.014893617021277,3.594274922844666,17,966.0,0.1884271831778,8,689.0,0.21464493657615666,17,947.0,0.06397062506806249,30,2584.0,0.18546572989338764,16,910.0,0.05232116558460716,7,724.0,0.1742813141717819,6,104.0,0.47344820690921663,3,6.0,0.475778514411148,2,25.0,0.33417412374796995,0,5.0,0.4967662073985833,24,1710.0,0.06370606722773846,22,2037.0,0.13949275846475628,0,366.0,0.2290943318087359,0,4.0,0.8692812297644278,10,1296.0,0.26581273845316633,22,1533.0,0.17189822967936583,184,13906.0
725.0,472,127,224,1337,1809,0,2227.0,4.718220338983051,3.5733675057546486,14,1035.0,0.18506472720843736,13,744.0,0.17001239177257982,8,723.0,0.32943894872276525,30,2734.0,0.14390760100209812,14,768.0,0.1417708654360411,6,753.0,0.25713715342363064,10,145.0,0.02564866690160512,6,32.0,0.42352426475968136,5,26.0,0.4303149828445994,3,8.0,0.43858676749328623,31,1849.0,0.13644881371220358,29,2170.0,0.15916649533816593,6,362.0,0.29581557414571,2,4.0,0.5169576448811255,17,1362.0,0.24219872537220838,30,1665.0,0.054979966418781535,224,14380.0
730.0,474,131,233,1347,1821,0,2609.0,5.5042194092827,3.421865865113478,14,1103.0,0.18963357186178006,20,830.0,0.13625104889159015,3,741.0,0.3437963894691268,35,2898.0,0.0005735227167088574,14,818.0,0.22518843251282447,12,802.0,0.2848079170854534,8,143.0,0.06877482784049131,1,39.0,0.4515322370436783,2,28.0,0.405693577705253,3,12.0,0.42529873117845596,30,1800.0,0.17220931084959687,30,2318.0,0.110416338455787,7,277.0,0.3531378446985343,4,28.0,0.24310259018111463,16,1441.0,0.16300985709189175,34,1826.0,0.0771315729096873,233,15104.0
735.0,464,129,221,1367,1831,0,2810.0,6.056034482758621,3.2864352494143994,15,1032.0,0.16262596109667624,26,956.0,0.14199970288534236,10,773.0,0.13034830024482022,30,2679.0,0.03992253571912447,12,885.0,0.20459745301513008,20,888.0,0.13684085738927382,0,50.0,0.4293726271009878,0,6.0,0.530974647470655,3,19.0,0.40842862982515593,4,30.0,0.613310400559975,24,1552.0,0.14242536598276856,24,2209.0,0.16918509999137626,1,153.0,0.2860681994642518,0,20.0,0.7896524104461837,18,1317.0,0.055449516788463306,34,1998.0,0.11435531524096189,221,14567.0
740.0,468,135,213,1373,1841,0,2621.0,5.60042735042735,3.4822996133331117,14,762.0,0.16680304067716076,28,1094.0,0.16252795669169154,15,848.0,0.08049332724004508,21,2170.0,0.17368465410200387,9,814.0,0.14954395217245772,27,1015.0,0.1060061065681549,2,55.0,0.4688805516302241,0,4.0,0.7043696540659791,0,16.0,0.5147942119405362,0,21.0,0.6786235328188732,26,1672.0,0.07205106442698798,19,1708.0,0.159224281128343,3,162.0,0.35890421690088886,0,8.0,0.9228393315029166,19,1408.0,0.03116117379106356,30,1929.0,0.07274222314812567,213,13686.0
745.0,470,136,199,1386,1856,0,2262.0,4.812765957446809,3.360416127521937,11,749.0,0.1985769741224843,26,1083.0,0.11706575970812719,17,932.0,0.3436100735482196,14,2252.0,0.185711066844061,8,636.0,0.14090003104377632,29,1159.0,0.052548340750420135,7,81.0,0.3761724635398272,1,2.0,0.3550184588794773,0,4.0,0.7350505539033302,2,7.0,0.5207013448730279,18,1765.0,0.08928104348320971,13,1792.0,0.15564637780443036,8,187.0,0.5041633771409152,2,8.0,0.28645951487651494,20,1493.0,0.04977322769766178,23,1523.0,0.09276586449757238,199,13673.0
750.0,462,139,198,1399,1861,0,2056.0,4.45021645021645,3.485716297045746,13,808.0,0.20627799936681981,23,952.0,0.14390304208406543,18,1017.0,0.24184392129496798,13,2321.0,0.09287517530615959,6,605.0,0.21580776993741138,34,1320.0,0.012284986733130259,3,70.0,0.08705825923710153,5,25.0,0.3683798356287428,1,5.0,0.7882114403718193,4,23.0,0.3332469467407414,16,1809.0,0.2002210368416113,9,1848.0,0.1161344992883444,11,231.0,0.33883540882550756,7,34.0,0.0008709296275909935,22,1580.0,0.15105906783577316,13,1598.0,0.22740909949455995,198,14246.0
755.0,463,141,199,1412,1875,0,2299.0,4.9654427645788335,3.7552442107872666,11,799.0,0.21628333197490487,17,714.0,0.22414812144252355,23,1119.0,0.18265615709016994,15,2390.0,0.0964978511028987,7,625.0,0.2027564543131635,36,1501.0,0.08929096320306874,4,32.0,0.48935452849993655,0,25.0,0.7205837828133356,3,13.0,0.7819260406507452,0,15.0,0.5268487826541297,22,1891.0,0.1641534425658375,13,1903.0,0.094552048194044,15,299.0,0.1861948924277965,1,37.0,0.18247132243241815,22,1685.0,0.20638266797358895,10,1646.0,0.24647816517220372,199,14694.0
760.0,457,146,206,1429,1886,0,2571.0,5.62582056892779,3.4795495774440584,15,861.0,0.1699896058445804,6,748.0,0.27397567038485565,24,1239.0,0.2241617326150861,15,2139.0,0.17822321206209396,14,679.0,0.10933814881960462,30,1475.0,0.1526606746226842,0,17.0,0.6257529909184859,0,4.0,0.9394315129717967,1,7.0,0.5811334615122683,0,0.0,0.8237935076258299,28,2019.0,0.029761969196891436,21,1997.0,0.03240758850090362,15,378.0,0.05497665572474081,0,11.0,0.7722335971106908,24,1472.0,0.19713939580160178,13,1704.0,0.19611115963520692,206,14750.0
765.0,465,139,217,1436,1901,0,2537.0,5.455913978494624,3.3013927574774624,19,938.0,0.12894824515687886,8,753.0,0.2952306937983758,19,1149.0,0.20902785761181514,13,1636.0,0.2846131703333311,22,773.0,0.05047657787006596,22,1154.0,0.1711290081900679,0,4.0,0.8133454475338447,2,7.0,0.20203136352262624,7,23.0,0.27577074709069155,0,0.0,0.9293793109641587,30,1972.0,0.03849954110861227,27,2121.0,0.13745625698920813,15,453.0,0.25772731013464284,0,4.0,0.9332233047209605,19,1569.0,0.1296599282618627,14,1556.0,0.05703366827157808,217,14112.0
770.0,468,144,211,1444,1912,0,2368.0,5.05982905982906,3.285713494508945,25,1047.0,0.10426798617922145,13,804.0,0.19634706780546493,11,867.0,0.21430301012984043,11,1690.0,0.19398978702262543,28,900.0,0.13085322350117848,14,1235.0,0.1918507179097385,1,7.0,0.646509957143399,0,7.0,0.3473276231556282,11,69.0,0.26014819906653835,0,0.0,0.7268626479033969,23,1713.0,0.19517612145311344,29,2269.0,0.2305530151130325,9,394.0,0.37526523969295666,1,9.0,0.37970015361601317,21,1669.0,0.07676127588362792,14,1226.0,0.09123874819304333,211,13906.0
775.0,463,152,202,1457,1920,0,2199.0,4.749460043196544,3.3558066310358403,30,1188.0,0.10500970683742901,14,748.0,0.1922001564264921,7,898.0,0.12368055926449369,12,1749.0,0.10561828692173163,33,1047.0,0.20751167122561742,10,1291.0,0.1565700187248153,4,23.0,0.3828032065161678,0,0.0,0.9024539309669316,11,126.0,0.27454249893280464,2,7.0,0.5431902239718317,17,1806.0,0.21658051396094186,33,2421.0,0.13946850274406403,1,243.0,0.37662641045481887,1,14.0,0.4576105678011439,19,1768.0,0.09497131077744346,8,1175.0,0.17749540684940307,202,14504.0
780.0,459,156,193,1465,1924,0,2507.0,5.461873638344227,3.7174395912765146,34,1348.0,0.0744452197124013,10,566.0,0.24920314558013204,8,921.0,0.12311049729640262,10,1558.0,0.23648462419810828,36,1222.0,0.16924177108782612,14,1348.0,0.16679658790135213,1,18.0,0.5937037138912417,1,3.0,0.8235705339719748,5,134.0,0.44997697613659726,0,9.0,0.5355395388573162,13,1871.0,0.21024873392520557,35,2595.0,0.05250176228026643,2,168.0,0.249479278897845,0,9.0,0.7419055160512731,18,1621.0,0.14497810931748328,6,1204.0,0.277206879399031,193,14595.0
785.0,463,161,199,1472,1935,0,2675.0,5.777537796976242,3.928465839503129,36,1524.0,0.07262931300377397,4,531.0,0.27078416351614526,16,982.0,0.20087368146860196,5,1147.0,0.31351031800063206,32,1223.0,0.06134519760024535,21,1437.0,0.12671194007746542,2,13.0,0.7537239451719888,1,8.0,0.43384433476544526,2,84.0,0.5686129381580204,0,4.0,0.8523992945297983,14,1937.0,0.20666417639897885,29,2459.0,0.039099077183610983,6,190.0,0.17946421002854926,1,5.0,0.708828751906904,17,1282.0,0.20251632825251056,13,1260.0,0.2710540095405442,199,14086.0
790.0,466,164,215,1482,1948,0,2883.0,6.186695278969957,3.7758294254096403,37,1709.0,0.11615270157095664,7,558.0,0.26629964268793355,22,1078.0,0.2606501193852806,5,1076.0,0.19099157519127244,30,1078.0,0.063505742192141,27,1556.0,0.128715995486489,0,0.0,0.602375416064312,1,9.0,0.38521842829448655,2,67.0,0.3900370505448973,0,4.0,0.9452362897675645,18,1920.0,0.1142515620882758,21,2021.0,0.21093271200277855,7,229.0,0.3980626978084223,2,15.0,0.6907777004837226,17,1343.0,0.1543194713182591,19,1344.0,0.1072442243693013,215,14007.0
795.0,456,166,219,1498,1954,0,2873.0,6.300438596491228,3.4186733442661184,31,1704.0,0.10131080195235004,10,495.0,0.23560779535626974,25,1196.0,0.16623049960129546,7,1111.0,0.14604415080501082,18,1183.0,0.17620358900084077,33,1707.0,0.14050299312429265,5,14.0,0.3888520271199537,0,4.0,0.9107993429149441,9,102.0,0.2538082547759119,0,0.0,0.6528097340544095,26,2034.0,0.04208727418688596,13,1836.0,0.2609368864112575,1,174.0,0.6149930037316726,0,8.0,0.34645579291166273,14,1410.0,0.11954356797057658,27,1468.0,0.05033682437646932,219,14446.0
800.0,453,172,196,1511,1964,0,2584.0,5.704194260485651,3.79715794517566,25,1465.0,0.15696350226495373,4,345.0,0.4353438263172365,20,1096.0,0.05617795112072454,14,1168.0,0.21056853625591512,12,1220.0,0.20754108337031832,35,1881.0,0.12787046979208272,0,20.0,0.5788127428205799,0,4.0,0.7549081503047815,5,99.0,0.46092114932406075,3,10.0,0.4504115521839956,27,2163.0,0.044560793360615567,10,1887.0,0.16533029392900872,0,35.0,0.5490435371823558,0,4.0,0.7472253421864257,10,1258.0,0.12260342143207523,31,1620.0,0.1273896876923251,196,14275.0
805.0,455,177,180,1520,1975,0,2476.0,5.441758241758242,3.783557109880076,15,1468.0,0.203088235218989,2,313.0,0.36836901953561607,14,786.0,0.1536601535998416,20,1255.0,0.34221838209870875,15,1213.0,0.11482253733152992,29,1809.0,0.07683374407622347,0,2.0,0.603959003207122,1,5.0,0.17706303285964198,2,46.0,0.5030060062356206,0,10.0,0.7081191210257255,28,2288.0,0.03935405142931072,13,1943.0,0.11467413781607867,0,2.0,0.3472895790938981,0,8.0,0.821836171052498,9,1041.0,0.21857422514098665,32,1777.0,0.1788735268889507,180,13966.0
810.0,451,176,198,1533,1984,0,2567.0,5.691796008869179,3.548264457181192,12,1527.0,0.22072720213719368,7,336.0,0.25355695339089157,3,735.0,0.33725507353859885,26,1368.0,0.15324860642878296,23,1312.0,0.058399714022803036,23,1577.0,0.13078273335021431,0,8.0,0.7393052379324465,2,15.0,0.6227225635998528,2,37.0,0.37291045555904073,0,4.0,0.9098208231402368,30,2437.0,0.12121735419009663,19,2030.0,0.17703424930848044,6,22.0,0.0987717051364959,1,9.0,0.503784620354857,9,1070.0,0.22683677013014925,35,1945.0,0.10229465059627631,198,14432.0
815.0,451,182,210,1543,1994,0,2792.0,6.1906873614190685,3.434157201475514,7,1412.0,0.21409188573878724,9,299.0,0.19385448247939344,8,747.0,0.2926614447133307,29,1509.0,0.0018476764714817281,22,1406.0,0.12639614653683554,15,1661.0,0.17863747972654048,0,8.0,0.8643466429861166,1,1.0,0.8001669349813049,7,65.0,0.2698989381246834,1,2.0,0.7790015481608916,34,2598.0,0.13922639340461898,25,2142.0,0.16699620117628913,7,57.0,0.40568556229686237,1,11.0,0.5632723201133141,14,1126.0,0.14708281518117652,30,1876.0,0.024784727422227225,210,14920.0
820.0,454,184,200,1554,2008,0,2889.0,6.363436123348017,3.8703543304279764,5,1135.0,0.24118119764397836,7,197.0,0.43541783923790994,8,633.0,0.2863826178672729,24,1409.0,0.03731451356569416,25,1495.0,0.1902059321663205,12,1714.0,0.1387728443348262,0,4.0,0.8419862256526711,1,6.0,0.6280836954034299,6,77.0,0.466878092168619,2,12.0,0.5311484042219144,37,2771.0,0.07725209701011636,28,2276.0,0.06395236587131878,1,56.0,0.4898730927710109,1,11.0,0.29017721842355004,18,1206.0,0.10871670297207674,25,1478.0,0.125345828834448,200,14480.0
825.0,459,182,175,1559,2018,0,2728.0,5.943355119825708,3.7072601694007834,2,995.0,0.22893554469776187,2,162.0,0.313587998105124,8,417.0,0.14376396674210315,14,1073.0,0.16124076843017196,31,1623.0,0.10252883220246382,14,1780.0,0.09228542002932143,1,1.0,0.456424570841539,1,7.0,0.30980972050893835,3,43.0,0.4961735424041958,0,5.0,0.7368934159273527,32,2676.0,0.02801502124524961,28,2422.0,0.04586807200440284,2,18.0,0.3062051234296793,0,17.0,0.4666512149922128,23,1309.0,0.10978051744268731,14,1556.0,0.24319787045241012,175,14104.0
830.0,451,188,185,1577,2028,0,2777.0,6.157427937915743,3.844135780133988,7,1014.0,0.211258149567082,7,180.0,0.24355255377934346,4,434.0,0.15574122842391014,11,943.0,0.24316391984861974,34,1783.0,0.08479771218617373,21,1874.0,0.14323358202577657,3,17.0,0.17481877532494008,0,1.0,0.3133861976716958,2,43.0,0.29133322306359133,0,4.0,0.9080114248863724,25,2312.0,0.17937680503439724,28,2564.0,0.18505013778911325,1,16.0,0.21683096807733282,0,8.0,0.8531895478437925,30,1444.0,0.07453764322563684,12,1603.0,0.23714794895407135,185,14240.0
835.0,441,196,212,1595,2036,0,3089.0,7.00453514739229,3.8393053583656354,14,1071.0,0.21349818840314858,14,234.0,0.17635328746461712,10,452.0,0.2735068734133873,10,997.0,0.2518924198817204,37,1961.0,0.0874637170460383,22,1783.0,0.1781835238342854,0,15.0,0.6993000016026362,3,11.0,0.13496731982166596,8,69.0,0.2858870609892761,0,0.0,0.7793498954655618,15,2147.0,0.23250739330809142,33,2722.0,0.1728295326071871,1,9.0,0.7276913104440507,1,7.0,0.6990778924327123,36,1616.0,0.022295292584952317,8,1443.0,0.13845416029616558,212,14537.0
840.0,431,193,202,1616,2047,0,3083.0,7.153132250580047,3.5308915551674067,14,980.0,0.1646581307042073,19,318.0,0.16287561683364246,16,517.0,0.32804366568417503,8,847.0,0.15179252890940118,31,1918.0,0.08570062589261762,15,1488.0,0.14749156683006193,0,8.0,0.8817171889526642,0,6.0,0.7032388735661976,6,82.0,0.24887285078595886,2,9.0,0.5130862268149761,12,2199.0,0.1991419665122784,36,2895.0,0.13702797674739234,1,14.0,0.801911901907242,3,15.0,0.13554245954879635,30,1555.0,0.14591726143057254,9,1120.0,0.19426060815933913,202,13971.0
845.0,433,199,174,1624,2057,0,2848.0,6.577367205542725,3.842749534992669,12,763.0,0.18563164701693724,20,421.0,0.2843292108181551,21,611.0,0.10666071430231223,10,602.0,0.1402850716851936,22,1664.0,0.12062280849045795,10,1553.0,0.15600012271202035,0,4.0,0.8810274154619901,0,2.0,0.9281541224524142,2,46.0,0.4532570467305141,0,5.0,0.7310562094933012,13,2258.0,0.15193816492430154,36,3075.0,0.08701377115589995,1,5.0,0.36016671070898426,1,21.0,0.2235751155914062,22,1315.0,0.2369886155079397,4,1041.0,0.329280060170516,174,13386.0
850.0,432,202,169,1638,2070,0,2450.0,5.671296296296297,3.472846353028101,13,814.0,0.1783942969264831,15,403.0,0.177796723996437,22,587.0,0.03295518034468846,1,491.0,0.31656067434033547,17,1759.0,0.08316224228025841,12,1605.0,0.18134523764873828,2,7.0,0.4374078215395468,1,7.0,0.3350897226190362,3,43.0,0.3582890069897707,0,4.0,0.9150288180813373,20,2346.0,0.0838014676891654,30,2892.0,0.09127012403954775,6,31.0,0.1550439068223672,0,6.0,0.807581689744868,18,1272.0,0.14721330653050518,9,1066.0,0.26608222265043774,169,13333.0
855.0,430,203,172,1647,2077,0,1876.0,4.362790697674418,3.7739606042311094,14,877.0,0.16158066723944128,13,325.0,0.21765284746036112,12,390.0,0.11819839967977396,8,488.0,0.35931880448799175,14,1837.0,0.0710993664145073,16,1678.0,0.249385013427888,6,32.0,0.09890032387580432,3,19.0,0.587332236377312,5,64.0,0.5962864357808475,1,1.0,0.6183792025903406,25,2451.0,0.14392298194217193,21,2340.0,0.0899595856280824,7,66.0,0.5396660299499632,1,9.0,0.7883014211947577,12,1289.0,0.12792258357939715,14,1126.0,0.18757696348625297,172,12992.0
860.0,426,211,151,1659,2085,0,1486.0,3.488262910798122,3.7031655073178094,9,790.0,0.18604229155111213,4,327.0,0.25868978993491926,3,366.0,0.19649681025401614,14,539.0,0.181086937341609,10,1723.0,0.11501198329968389,22,1780.0,0.2106031830819187,0,33.0,0.22681915909736716,3,38.0,0.6689878948673301,1,47.0,0.6472746290959932,3,15.0,0.45175771714968405,31,2593.0,0.15115812865039163,12,2121.0,0.14717592003790383,1,61.0,0.6147286254092161,3,15.0,0.11030600754562507,13,1330.0,0.19842587454934738,22,1221.0,0.04515904449686634,151,12999.0
865.0,438,207,170,1667,2105,0,1692.0,3.863013698630137,3.7599124324203013,9,594.0,0.20595147629190205,7,351.0,0.35800026116019856,7,394.0,0.3372860992052079,21,634.0,0.045046464324332285,5,1342.0,0.2354490263494745,29,1913.0,0.1749817374547666,1,9.0,0.653672725240226,1,21.0,0.6097891425683318,2,12.0,0.497858128331784,0,10.0,0.7185013411810235,36,2764.0,0.06708023206387596,10,2173.0,0.2514455443111511,1,20.0,0.28700824412445053,1,15.0,0.18755981138994463,18,1391.0,0.22424230298606057,22,1141.0,0.1126832293412256,170,12784.0
870.0,434,209,195,1677,2111,0,2187.0,5.039170506912442,3.6031429008008473,7,574.0,0.19044508451208617,8,328.0,0.20833036224209606,12,443.0,0.42435503153978305,28,759.0,0.15554389816799624,4,1294.0,0.3283203757626627,35,2077.0,0.05577027878146311,0,4.0,0.9427776130562633,6,29.0,0.3656685385166206,2,13.0,0.34051285023226574,0,2.0,0.8811446602570675,36,2948.0,0.02232732175630893,12,2224.0,0.2587975925883579,7,31.0,0.109816518372052,0,4.0,0.7698518139239391,23,1489.0,0.18714127046412546,15,881.0,0.19362646892687704,195,13100.0
875.0,446,209,207,1681,2127,0,2572.0,5.766816143497758,3.4639391820489904,10,617.0,0.18733731319635938,5,238.0,0.2631988713885356,14,407.0,0.27524105766949075,22,749.0,0.21207360228910682,8,1324.0,0.2628232504937084,38,2264.0,0.04743628506413104,0,0.0,1.0,6,49.0,0.07455846550155536,4,26.0,0.6338605093267603,1,3.0,0.639276803011128,31,2806.0,0.13448683027203653,20,2308.0,0.14194794941385128,8,73.0,0.3632657274494326,0,4.0,0.8625237246678094,31,1627.0,0.09523847759894485,9,875.0,0.22160725842179232,207,13370.0
880.0,452,217,179,1683,2135,0,2304.0,5.097345132743363,3.761593286115865,8,540.0,0.24870454892316077,3,218.0,0.30674835318935095,13,312.0,0.10843703182538125,13,626.0,0.1731916014729895,12,1376.0,0.2814972587850037,32,2185.0,0.0931277082430568,0,4.0,0.5087641164624215,6,57.0,0.14214974081264656,0,19.0,0.6912130267443747,3,10.0,0.49087681438479036,22,2335.0,0.19924633762590066,20,2096.0,0.10409112570973693,2,75.0,0.5078396719352855,1,9.0,0.27149912870383947,36,1799.0,0.01944001322334472,8,913.0,0.26346917302079087,179,12574.0
885.0,453,214,164,1693,2146,0,2042.0,4.507726269315674,3.846042903766736,6,349.0,0.22321649126151435,8,248.0,0.34395870056474354,8,323.0,0.12687364568311438,12,679.0,0.1056647344717467,20,1459.0,0.18396698494099328,22,1842.0,0.1926300322456484,0,8.0,0.7600689650546879,1,58.0,0.11886545975893796,2,8.0,0.569127285132401,0,8.0,0.6967674624758929,15,2144.0,0.12200988668748734,17,1541.0,0.21680016681060268,1,30.0,0.6252571328242953,0,10.0,0.49892671971200553,37,1984.0,2.9639113404915157e-05,15,972.0,0.1509085535795458,164,11663.0
890.0,445,217,168,1714,2159,0,1829.0,4.110112359550562,3.9342375089792636,6,175.0,0.21077251739356986,10,232.0,0.273015254927468,7,333.0,0.19622547369439902,12,734.0,0.19862153804171617,30,1591.0,0.029366478916110057,14,1711.0,0.22395536799363983,0,8.0,0.8780142206660385,7,59.0,0.41779079255211554,5,30.0,0.38183146692871067,0,4.0,0.8912079723164238,11,2199.0,0.11593999462797175,13,1466.0,0.26786440579133275,1,20.0,0.5592446465500311,0,6.0,0.7899046903730259,31,1945.0,0.026479852605759847,21,1067.0,0.03598252961073427,168,11580.0
895.0,445,223,157,1724,2169,0,1607.0,3.6112359550561797,4.098948303322182,7,157.0,0.31659199366861607,6,147.0,0.24681914854728285,14,377.0,0.256473044632915,14,794.0,0.20940444545136028,35,1749.0,0.019509588915275447,10,1772.0,0.22095120766346898,2,11.0,0.5788230541241167,1,55.0,0.4268866096298536,0,25.0,0.6723197549431005,1,2.0,0.682098622549953,12,2245.0,0.10983859147411827,12,1517.0,0.20738533508636756,2,30.0,0.319421816435359,1,7.0,0.6477710618161612,22,1676.0,0.19625308876729017,18,996.0,0.29021484144348475,157,11560.0
900.0,449,223,166,1728,2177,0,1705.0,3.797327394209354,4.326910016462019,4,145.0,0.35153893155666405,2,122.0,0.21562438550712126,18,461.0,0.3666591916492816,22,887.0,0.059304606718891775,36,1903.0,0.03586973922156984,12,1823.0,0.12760609056888952,7,33.0,0.46657909345529625,0,4.0,0.5121135978064679,0,4.0,0.821920757238886,2,11.0,0.5370588663988971,12,2025.0,0.1093857102060416,13,1579.0,0.16595053832048876,8,57.0,0.35108030739811047,4,17.0,0.0581032065510927,14,1348.0,0.30492686790284534,12,698.0,0.30590761635732944,166,11117.0
905.0,455,225,175,1736,2191,0,1967.0,4.323076923076923,4.106368740099543,7,136.0,0.3400319236656046,6,141.0,0.21428651378096195,20,551.0,0.173727848462736,29,1021.0,0.025760399077978818,36,2075.0,4.702056203754385e-06,14,1656.0,0.09136186821577205,8,76.0,0.3868298687836762,0,0.0,0.8204416105419847,1,2.0,0.5446139005221095,5,28.0,0.421790377103129,9,1578.0,0.2175260943598671,14,1415.0,0.2221958948953262,9,103.0,0.43075774181295656,1,20.0,0.12965442505822045,8,1297.0,0.2163584699428562,8,676.0,0.25316069975376254,175,10775.0
910.0,453,225,161,1754,2207,0,1880.0,4.150110375275938,4.362966016164539,13,186.0,0.27402946602954875,12,195.0,0.21876810037990865,25,665.0,0.09910852951602475,23,1009.0,0.16667010462150594,30,2023.0,0.037531204986479945,11,1172.0,0.2404740934521645,3,75.0,0.5182511173182496,0,4.0,0.6967883175063884,3,13.0,0.40764560819664575,0,18.0,0.6595007319623647,6,1384.0,0.30277390382149894,10,1032.0,0.26920185655854295,9,146.0,0.438076411600749,0,4.0,0.5578419551248193,7,1317.0,0.18752456136378914,9,726.0,0.20801112162639626,161,9969.0
915.0,443,220,151,1777,2220,0,1619.0,3.654627539503386,4.257455186747072,14,210.0,0.1700780930311868,13,215.0,0.15019510036652695,20,674.0,0.2456348847981859,13,832.0,0.27053731607897147,22,1739.0,0.182131079050368,8,1218.0,0.3229205733082991,3,40.0,0.6226942906152523,2,8.0,0.5265539635163383,0,12.0,0.5135171125338195,0,0.0,0.7735960810888323,10,1419.0,0.25430771108441264,12,1078.0,0.14289967283262858,9,193.0,0.25291434737824864,0,4.0,0.8865329477070975,12,1360.0,0.17682586638154518,13,781.0,0.155553827061693,151,9783.0
920.0,446,222,152,1788,2234,0,1364.0,3.0582959641255605,3.893266920932137,14,190.0,0.19198801348098832,12,192.0,0.2610599336594895,13,556.0,0.24837829795583477,8,880.0,0.17848274055085955,17,1831.0,0.22190290481708608,9,1262.0,0.21276494321239503,2,15.0,0.24174997389201028,4,27.0,0.6221041290175853,0,4.0,0.8500862968592842,2,6.0,0.5146939891101933,13,1469.0,0.18797729141316113,11,1137.0,0.11139522054125253,12,250.0,0.23591917691440142,0,4.0,0.8639724639793549,21,1447.0,0.1915482755506272,14,713.0,0.22481621616594197,152,9983.0
925.0,456,222,156,1794,2250,0,1210.0,2.6535087719298245,3.738722544804857,12,223.0,0.19660621687754137,10,203.0,0.24022364488978548,5,588.0,0.2435248885158836,10,928.0,0.13573233477663466,12,1895.0,0.16359877603728656,14,1323.0,0.11813095337557415,5,24.0,0.23118276480469085,1,20.0,0.564483681318977,1,8.0,0.736328613829465,5,24.0,0.39190820052760234,14,1314.0,0.08970491730017291,15,1206.0,0.10365907256374574,15,324.0,0.2673539346341992,0,0.0,0.8171758094791586,27,1568.0,0.16073184936230916,10,507.0,0.28898423859914896,156,10155.0
930.0,456,224,178,1800,2256,0,1505.0,3.300438596491228,3.7331040887795446,12,283.0,0.19131664290334763,10,248.0,0.20764731218807053,11,627.0,0.2244797322242859,16,994.0,0.24199543645771796,8,1731.0,0.190910317910821,17,1176.0,0.10188883423752135,3,33.0,0.4472477401590153,7,29.0,0.3932688190148862,4,21.0,0.5602965659402681,1,24.0,0.5883381365520144,12,973.0,0.20792187488862962,21,1306.0,0.1734801797402014,15,395.0,0.10161406652204953,0,4.0,0.41715708877246116,35,1725.0,0.09716773031020139,6,483.0,0.1784506756349355,178,10052.0
935.0,455,225,174,1816,2271,0,1720.0,3.78021978021978,3.702845755636492,7,282.0,0.1908526292098268,13,308.0,0.2203467645726862,16,695.0,0.20702413213266688,16,924.0,0.16713206311101939,7,1359.0,0.24391461476035983,13,897.0,0.23092474103355684,2,25.0,0.7286037914241988,3,38.0,0.33324368185901443,2,19.0,0.35335991973209996,0,0.0,0.8954922353107623,13,1017.0,0.2023527318112416,30,1436.0,0.15186982206619778,15,474.0,0.053656439080040384,0,4.0,0.8360378853359186,30,1694.0,0.04153431198060378,7,513.0,0.16061292736343297,174,9685.0
940.0,451,229,185,1832,2283,0,1805.0,4.0022172949002215,3.820966061065706,6,244.0,0.2194426668630136,20,391.0,0.19480558406867185,22,794.0,0.09856450496515885,16,756.0,0.12596437043941824,5,1280.0,0.20864215890457766,11,950.0,0.2568426307824794,1,17.0,0.6339033229220561,5,33.0,0.46944371583457806,3,16.0,0.5073022165103284,2,4.0,0.6236374656988412,12,1072.0,0.1279317545774831,35,1598.0,0.10702740964660085,9,431.0,0.3027846290968682,0,6.0,0.8251368560004997,25,1458.0,0.19447489935142326,13,571.0,0.2827888167686095,185,9621.0
945.0,457,229,178,1834,2291,0,1792.0,3.921225382932166,3.51837675381871,4,262.0,0.17166628689599497,27,509.0,0.09061898073694054,27,921.0,0.00025014357603356826,8,805.0,0.15227084094817936,9,1320.0,0.11074742665158918,12,1012.0,0.1461637554898758,3,20.0,0.5206611198921831,1,29.0,0.25003176277785966,0,7.0,0.55183790331674,4,24.0,0.394379334466634,15,1138.0,0.0883002588588697,32,1520.0,0.09458844483040309,0,279.0,0.5013396370821356,0,2.0,0.6711949652739084,16,1464.0,0.2585202674846022,20,659.0,0.12037967823352638,178,9971.0
950.0,461,231,202,1844,2305,0,2064.0,4.477223427331888,3.7868790807393644,10,291.0,0.18030498538084858,32,656.0,0.10444207245915176,21,903.0,0.07920758315640786,8,823.0,0.30435991062726847,14,1381.0,0.228974562930572,15,1077.0,0.13530854869731276,7,47.0,0.3107263998705552,6,28.0,0.45312602769707566,2,9.0,0.4834208352110835,0,19.0,0.5850860889496196,21,1235.0,0.14466763019551276,24,1115.0,0.12371091902806751,3,281.0,0.43901416917172387,0,6.0,0.7786834591696888,12,1526.0,0.19807625651863836,27,777.0,0.0599803664955555,202,10174.0
955.0,456,235,194,1861,2317,0,2197.0,4.817982456140351,3.7090030202118296,10,290.0,0.19941140435993854,33,825.0,0.12452853379373852,11,669.0,0.2904179885107455,14,883.0,0.26289157856958306,20,1470.0,0.2198281289130147,22,1175.0,0.09443776184492156,2,41.0,0.18108024953181034,0,29.0,0.6405065451439894,0,3.0,0.5908778927665205,0,4.0,0.8315088426456538,29,1365.0,0.15043538749716645,15,1191.0,0.17819469691602863,8,313.0,0.2728028832268947,0,4.0,0.7374749610715798,8,1382.0,0.11950902657931499,22,787.0,0.0850996278731729,194,10431.0
960.0,449,232,201,1879,2328,0,2240.0,4.988864142538976,3.449398680514672,11,314.0,0.15309801430497044,29,888.0,0.11616856472169065,4,703.0,0.3600955526824191,15,824.0,0.05758178450358786,26,1584.0,0.10740189588644375,28,1303.0,0.08088912039136031,4,16.0,0.00017575889300649441,2,12.0,0.627565553871219,0,4.0,0.7809325306531928,2,5.0,0.5363049772462388,36,1527.0,0.04949940383840475,11,1232.0,0.19681712842901364,14,371.0,0.235684439316736,0,4.0,0.8650126244574338,7,981.0,0.18719848778719506,12,637.0,0.29228294160021834,201,10405.0
965.0,454,237,198,1885,2339,0,2370.0,5.220264317180617,3.5357759894122194,11,358.0,0.1425110305016706,22,798.0,0.16033987988892653,9,734.0,0.18927008944291962,17,661.0,0.1452154668710836,33,1734.0,0.015116777702042249,30,1452.0,1.9744759079707442e-05,0,12.0,0.6675290023628001,1,14.0,0.5242233401871056,0,2.0,0.7649511728253864,4,20.0,0.4259054174085447,36,1711.0,0.024016914569655313,14,1290.0,0.11869981339078674,9,323.0,0.29219937438352295,0,4.0,0.5842629430055424,4,986.0,0.2622654945958042,8,577.0,0.3323956535427977,198,10676.0
970.0,457,237,179,1898,2355,0,2150.0,4.704595185995624,3.899872906426485,16,426.0,0.1333800488351401,15,689.0,0.2187470886093305,15,793.0,0.09418541210295038,9,651.0,0.29121386934482363,31,1645.0,0.10927949058548565,24,1364.0,0.12934934051349944,0,4.0,0.7200209826356005,1,10.0,0.3455990107257075,3,12.0,0.7133208212545515,0,14.0,0.5672296038189696,31,1631.0,0.13421387617290548,15,1185.0,0.05401732705106954,1,179.0,0.21813811040532324,0,8.0,0.7516185502883623,9,1016.0,0.22459966063340522,9,621.0,0.28004992131693546,179,10248.0
975.0,446,241,160,1913,2359,0,1747.0,3.9170403587443947,4.278944593360523,21,526.0,0.12365632833723417,4,709.0,0.2557248266350031,21,893.0,0.03399972195549304,7,666.0,0.2765530685084549,22,1351.0,0.2283801288531561,14,1114.0,0.2872301904380379,0,4.0,0.7831260556887106,7,31.0,0.4071927256479728,2,10.0,0.5432972174821985,0,0.0,0.8339755647653156,22,1315.0,0.22551351302860262,11,826.0,0.16771935018794945,2,119.0,0.42073890936018554,0,8.0,0.8920134039319253,14,1075.0,0.09398238920497484,13,680.0,0.1351508699223033,160,9327.0
980.0,446,244,196,1926,2372,0,1816.0,4.071748878923767,3.699289941264101,23,566.0,0.12492780292067672,6,720.0,0.3146972106147162,28,1020.0,0.13324225930990669,13,721.0,0.06625237272971968,20,1446.0,0.19714580886116687,14,1116.0,0.29308817812059634,3,7.0,0.41076647860850335,7,66.0,0.5285046139425287,6,24.0,0.3245454949094373,2,4.0,0.5523368182077512,17,1404.0,0.1745253762535681,10,820.0,0.2566420488459339,7,130.0,0.48403528599567897,0,4.0,0.8789631506594549,21,1168.0,0.10178012122593763,19,763.0,0.02831584193915808,196,9979.0
985.0,451,249,209,1932,2383,0,1906.0,4.226164079822617,3.2623990589486147,21,530.0,0.1543700659637337,8,674.0,0.27024671290382396,28,1160.0,0.17133779663326018,22,815.0,0.04574774906628458,14,1520.0,0.1041798064110149,10,1175.0,0.1995596504351418,2,15.0,0.28569169138309686,7,97.0,0.512108119482608,11,74.0,0.28128823452632357,3,19.0,0.404786300640449,15,1478.0,0.1255016537996052,8,866.0,0.3042101109324238,12,179.0,0.34567891697152286,1,2.0,0.2960563653744483,22,1098.0,0.181209899042226,25,880.0,0.030569124814547974,209,10582.0
990.0,451,251,206,1938,2389,0,2082.0,4.616407982261641,3.3864966150407234,17,615.0,0.17522500608603564,7,549.0,0.20940028806749747,23,1121.0,0.1342513687733396,23,934.0,0.2195708639919438,15,1583.0,0.128246294194563,14,1233.0,0.08292992877229735,5,21.0,0.1920421798649269,7,132.0,0.3003850415126276,6,90.0,0.4177492306993272,1,22.0,0.4666679525342932,9,1304.0,0.09890471828006916,13,915.0,0.1975479444261519,16,250.0,0.1813647557124222,3,20.0,0.15490687529926833,20,795.0,0.20816686781346375,27,1015.0,0.15971536349000592,206,10599.0
995.0,458,251,189,1947,2405,0,2036.0,4.445414847161572,3.4873004643500503,12,690.0,0.17512084623666124,3,480.0,0.2550432019417621,17,914.0,0.27071163603222176,17,874.0,0.2991644697655805,19,1457.0,0.07447580358168429,16,1146.0,0.06003349494388078,6,50.0,0.16483099289645817,3,111.0,0.07894766165749374,2,60.0,0.5431857688280757,0,7.0,0.8254002664001084,8,1028.0,0.2343215672949977,19,1009.0,0.10446044803578544,16,330.0,0.055420633321526504,3,35.0,0.6213025890681114,17,882.0,0.12751399840393982,31,1162.0,0.17172120029830143,189,10235.0
1000.0,450,259,163,1963,2413,0,1708.0,3.7955555555555556,3.62672051009187,10,659.0,0.1931998120589675,7,500.0,0.31201084680735613,5,824.0,0.2778563628001538,13,666.0,0.10678707850844134,16,1160.0,0.19688012862074436,13,890.0,0.14284892218378095,0,46.0,0.5127300933713087,3,37.0,0.1723226646896912,2,48.0,0.3738996807013811,1,3.0,0.840140030453417,6,1056.0,0.23263420219388398,26,1124.0,0.12991794057022535,16,414.0,0.045126243770753444,3,50.0,0.6666608565613701,13,950.0,0.11806796838121605,29,1160.0,0.13225444579485413,163,9587.0
