step,system_total_running,system_total_backlogged,system_total_stopped,system_total_arrived,system_total_departed,system_total_teleported,system_total_waiting_time,system_mean_waiting_time,system_mean_speed,0_stopped,0_accumulated_waiting_time,0_average_speed,1_stopped,1_accumulated_waiting_time,1_average_speed,10_stopped,10_accumulated_waiting_time,10_average_speed,11_stopped,11_accumulated_waiting_time,11_average_speed,12_stopped,12_accumulated_waiting_time,12_average_speed,13_stopped,13_accumulated_waiting_time,13_average_speed,14_stopped,14_accumulated_waiting_time,14_average_speed,15_stopped,15_accumulated_waiting_time,15_average_speed,2_stopped,2_accumulated_waiting_time,2_average_speed,3_stopped,3_accumulated_waiting_time,3_average_speed,4_stopped,4_accumulated_waiting_time,4_average_speed,5_stopped,5_accumulated_waiting_time,5_average_speed,6_stopped,6_accumulated_waiting_time,6_average_speed,7_stopped,7_accumulated_waiting_time,7_average_speed,8_stopped,8_accumulated_waiting_time,8_average_speed,9_stopped,9_accumulated_waiting_time,9_average_speed,agents_total_stopped,agents_total_accumulated_waiting_time
5.0,16,0,0,0,16,0,0.0,0.0,13.249463092408387,0,0.0,0.9665755204621485,0,0.0,0.966472384691897,0,0.0,1.0,0,0.0,1.0,0,0.0,0.9677319062913441,0,0.0,1.0,0,0.0,1.0,0,0.0,1.0,0,0.0,0.9716806356207337,0,0.0,0.9684569988573042,0,0.0,0.9667835495782063,0,0.0,1.0,0,0.0,1.0,0,0.0,1.0,0,0.0,0.9706952792893387,0,0.0,1.0,0,0.0
10.0,32,0,0,0,32,0,0.0,0.0,13.267699040618371,0,0.0,0.9646567289627581,0,0.0,0.9622409533619052,0,0.0,1.0,0,0.0,1.0,0,0.0,0.963707269422525,0,0.0,1.0,0,0.0,1.0,0,0.0,1.0,0,0.0,0.9675558096801807,0,0.0,0.9652027033506336,0,0.0,0.9609220550226991,0,0.0,1.0,0,0.0,1.0,0,0.0,1.0,0,0.0,0.8933500651932655,0,0.0,1.0,0,0.0
15.0,40,0,1,0,40,0,2.0,0.05,10.947236552792035,0,0.0,0.7416148753767673,0,0.0,0.952818118040369,0,0.0,1.0,0,0.0,1.0,0,0.0,0.5770660348222199,0,0.0,1.0,0,0.0,1.0,0,0.0,1.0,0,0.0,0.947483498981792,0,0.0,0.9351448388221684,0,0.0,0.7433055734172248,0,0.0,0.9685608533099433,0,0.0,0.9936721937754247,0,0.0,0.970698491252943,1,2.0,0.6383668944288001,0,0.0,1.0,1,2.0
20.0,56,0,7,0,56,0,26.0,0.4642857142857143,10.469462215248111,3,10.0,0.6704690390732528,0,0.0,0.978262962535641,0,0.0,1.0,0,0.0,1.0,2,9.0,0.5215569301570943,0,0.0,1.0,0,0.0,1.0,0,0.0,1.0,0,0.0,0.9594647718141934,0,0.0,0.9794940137754999,2,7.0,0.5982442202219362,0,0.0,0.9436707666220959,0,0.0,0.9419567253242102,0,0.0,0.9473859369453903,0,1.0,0.8089076584744971,0,2.0,0.5399896904630196,7,29.0
25.0,72,0,12,0,72,0,77.0,1.0694444444444444,10.398906881440173,4,28.0,0.5963561049171713,0,0.0,0.9466688641806842,0,0.0,0.9630830733168523,0,0.0,0.9904091358148821,4,24.0,0.4136250230579829,0,0.0,1.0,0,0.0,1.0,0,0.0,1.0,0,0.0,0.9470331329937273,0,0.0,0.9595683756617305,4,25.0,0.5486506561937672,0,0.0,0.9463759199748035,0,0.0,0.946677391681777,0,0.0,0.9890668794312049,0,0.0,0.9510551486196464,0,2.0,0.9329038683449846,12,79.0
30.0,80,0,18,0,80,0,158.0,1.975,9.770309764367113,6,54.0,0.43799442684916606,0,0.0,0.9560531148158032,0,0.0,0.9579197808653319,0,0.0,0.9455385283199426,6,51.0,0.3058822283949479,0,0.0,1.0,0,0.0,1.0,0,0.0,1.0,0,0.0,0.964275160935648,0,0.0,0.9643042883035874,6,53.0,0.5122501957724842,0,0.0,0.9641776365452328,0,0.0,0.9575668720642222,0,0.0,0.8075047546956922,0,0.0,0.8276664597149151,0,0.0,0.9452761915496704,18,158.0
35.0,96,0,19,0,96,0,117.0,1.21875,8.616643218814446,8,91.0,0.39033702891929495,0,0.0,0.9680915406677166,0,0.0,0.9540001821374253,0,0.0,1.0,2,42.0,0.37139274435243397,0,4.0,0.4714403249237783,0,0.0,0.9892109627666992,0,0.0,0.9734264871495613,0,0.0,0.9447994972809525,0,0.0,0.9508137272574035,4,48.0,0.4344446238687757,0,4.0,0.789037661599367,0,0.0,0.9642578448278577,2,6.0,0.4764293353173749,1,3.0,0.6930318345799928,2,3.0,0.578955506442077,19,201.0
40.0,112,0,22,0,112,0,187.0,1.6696428571428572,9.31267660799659,11,136.0,0.37397748343680226,0,0.0,0.9698596636305185,0,0.0,0.8138112663460849,0,2.0,0.3637792322908183,0,7.0,0.7328436779779852,0,4.0,0.9024881009638045,0,0.0,0.9506212321172492,0,0.0,0.9299163222430145,0,0.0,0.96838567043673,0,0.0,0.984763443882681,3,20.0,0.5496927450587832,0,4.0,0.8903290991664284,0,0.0,0.9470092673750358,0,2.0,0.622249138158935,3,16.0,0.4805801290167696,5,22.0,0.3594100340744349,22,213.0
45.0,120,0,27,0,120,0,291.0,2.425,8.734881145907154,11,191.0,0.2877828699490839,0,0.0,0.9332321618533612,1,2.0,0.7766610631494775,0,4.0,0.8309555285441823,1,4.0,0.5947688971087837,0,2.0,0.9489996489815046,0,0.0,0.9954373927086779,0,0.0,0.9288587653501935,0,0.0,0.966009780199104,0,0.0,0.9651722186703613,3,17.0,0.44044537675585393,1,6.0,0.7299779931473869,0,0.0,0.9490973988455323,0,0.0,0.9395683940750829,5,44.0,0.35495353780412653,5,47.0,0.15591271859384329,27,317.0
50.0,136,0,39,0,136,0,457.0,3.360294117647059,7.869692097393083,14,255.0,0.3017682945525531,0,0.0,0.9659531245310856,1,7.0,0.7872065105566363,0,2.0,0.8634674641021541,5,22.0,0.4492720037440213,0,2.0,0.6243514545932193,0,0.0,0.9357431917879907,0,0.0,1.0,0,0.0,0.9192603111071226,0,0.0,0.9692580954009283,6,35.0,0.5102414113188501,1,7.0,0.37058332629608376,0,0.0,0.9520688495867592,0,0.0,0.9451452194564235,7,75.0,0.45191516860323694,5,74.0,0.06938063925874761,39,479.0
55.0,149,0,44,3,152,0,545.0,3.6577181208053693,7.656998862930038,15,329.0,0.2863966242668062,0,0.0,0.9677777631139377,1,6.0,0.5112145242554748,0,4.0,0.728582338847424,1,22.0,0.41597939880757256,5,19.0,0.24053410067084885,0,0.0,0.7981473858635519,0,0.0,0.7049399943367798,0,0.0,0.9532215419388154,0,0.0,0.9627275520987675,7,67.0,0.41669452009754526,6,26.0,0.3489329522445226,0,0.0,0.9692740866389863,0,0.0,0.9591966387133976,9,117.0,0.5115871951458747,0,53.0,0.6363411125820844,44,643.0
60.0,155,0,58,5,160,0,805.0,5.193548387096774,7.7853457893422835,17,411.0,0.18570317904680383,0,0.0,0.9379641305865586,4,20.0,0.5639296275496982,0,2.0,0.9768405242248166,1,3.0,0.6904040364107263,7,55.0,0.39839175734513127,1,2.0,0.00023481563496579507,0,0.0,0.898188496862897,0,0.0,0.9411060906490158,0,0.0,0.9646599555320434,10,111.0,0.39272849676947685,7,61.0,0.2888701382079606,0,0.0,0.944165156131897,0,0.0,0.9178340329639049,11,161.0,0.3218033050487535,0,4.0,0.8910328009781625,58,830.0
65.0,167,0,58,9,176,0,1062.0,6.359281437125748,7.24621235322714,19,503.0,0.21606790419491206,0,0.0,0.9546491207990984,0,16.0,0.6230982477033237,0,2.0,0.8766328452109106,2,6.0,0.6600244546764651,7,90.0,0.3764520937235121,0,2.0,0.4441129228676559,0,2.0,0.835459041954805,0,0.0,0.9294970916469104,0,0.0,0.9599743703194392,10,161.0,0.3341220374489784,7,96.0,0.2825467245215461,0,0.0,0.9475183782183423,0,0.0,0.9469141408799737,13,221.0,0.2589544945975518,0,0.0,0.8195657919688396,58,1099.0
70.0,179,0,67,13,192,0,1294.0,7.229050279329609,7.039391417579927,20,603.0,0.21147786103262112,0,0.0,0.9676547228392535,2,6.0,0.4772216607828268,1,4.0,0.7815995749266316,6,30.0,0.554353436127257,4,84.0,0.42114496510340915,0,6.0,0.7935809359518485,0,2.0,0.8592061834741205,0,0.0,0.951343205429951,0,0.0,0.9692511042860845,13,222.0,0.28655581974619865,7,131.0,0.3314715818618932,0,0.0,0.9410036431575138,0,0.0,0.9483782092953512,14,290.0,0.3007446049295956,0,0.0,0.966512209675392,67,1378.0
75.0,184,0,74,16,200,0,1620.0,8.804347826086957,6.949563050615082,23,713.0,0.16924524731188947,0,0.0,0.9641421458934953,5,26.0,0.36856246365849016,1,9.0,0.7771323033783165,8,63.0,0.3711468560049081,0,32.0,0.6370888881181985,0,8.0,0.9259701514093099,0,2.0,0.7939251286573019,0,0.0,0.9316485835601013,0,0.0,0.9443628734282145,15,292.0,0.22539570645840476,7,166.0,0.4109752101996672,0,0.0,0.9469572414857548,0,0.0,0.9366587020784957,15,364.0,0.2719229503433807,0,0.0,0.971002968660926,74,1675.0
80.0,196,0,81,20,216,0,1855.0,9.464285714285714,6.2041812952176505,25,833.0,0.17195560212960562,0,0.0,0.9362742380202727,5,51.0,0.5229585474161108,1,14.0,0.6514994243150443,9,105.0,0.3371195200892712,4,44.0,0.22526273134613153,0,4.0,0.9294650108956137,1,3.0,0.7404592642522133,0,0.0,0.9384590222304086,0,0.0,0.9408771356989827,16,372.0,0.23433650443661386,3,133.0,0.28302112228222187,0,4.0,0.7566191335369458,0,0.0,0.9406524659390466,17,448.0,0.22618138870028365,0,0.0,0.05777728621645497,81,2011.0
85.0,202,0,94,30,232,0,2263.0,11.202970297029703,6.000250552394016,26,960.0,0.1637162493896638,0,0.0,0.9651763882472435,5,76.0,0.35922849499207476,0,0.0,0.7313710569540641,11,156.0,0.36474489996143444,7,75.0,0.15262498117180762,0,4.0,0.5544617697408479,1,8.0,0.7641371667488518,0,0.0,0.9669625310299885,0,0.0,0.94757281926178,18,459.0,0.24933094653705343,5,49.0,0.28638587875526483,0,4.0,0.8535065835989576,0,0.0,0.9289044739042228,20,543.0,0.15848362413362718,1,3.0,0.0,94,2337.0
90.0,203,0,90,37,240,0,2279.0,11.226600985221674,5.408574991460407,29,1097.0,0.11453102978216674,0,0.0,0.9503535859639519,0,52.0,0.5198619838738748,1,8.0,0.5780574308439722,12,212.0,0.2813146130444223,2,58.0,0.09059865325690887,5,25.0,0.37996544617762845,1,1.0,0.529935455675094,0,0.0,0.9521022014189838,0,0.0,0.9478817675849616,16,454.0,0.23091035600031048,2,61.0,0.4107533864078108,0,4.0,0.9029249493975132,0,0.0,0.9485916206711613,22,649.0,0.09414180956422383,0,0.0,1.0,90,2621.0
95.0,209,0,96,47,256,0,2445.0,11.698564593301436,5.716301287066333,31,1244.0,0.1288583732460293,0,0.0,0.9680636372410792,2,7.0,0.6324474949287788,0,4.0,0.8504244728312248,15,282.0,0.25209825464694724,2,23.0,0.35887377132876763,6,55.0,0.47034065747502274,4,15.0,0.07780362714762687,0,0.0,0.9517144687398886,0,0.0,0.938213027221992,10,310.0,0.2823992015108105,1,41.0,0.7054552837022706,1,5.0,0.5125360194817724,0,0.0,0.9428895385517926,24,763.0,0.05798927072285783,0,4.0,0.752649857695569,96,2753.0
100.0,220,0,85,52,272,0,2741.0,12.459090909090909,5.95990061302725,32,1401.0,0.1473594161714452,0,0.0,0.9690145258267953,0,0.0,0.4711901591448527,0,4.0,0.8699368374245084,17,360.0,0.16781681024014544,0,2.0,0.9856507215409321,6,89.0,0.4128207299225382,0,20.0,0.5502654440010326,0,0.0,0.9971263331984452,0,0.0,0.9510531420248505,2,289.0,0.3221511724251909,1,42.0,0.8367083443464541,1,3.0,0.4839423472005787,0,4.0,0.7714694793384681,26,891.0,0.08311485836071303,0,2.0,0.800932614066751,85,3107.0
105.0,221,0,95,59,280,0,3098.0,14.018099547511312,5.400744363337986,34,1566.0,0.08227615695706761,0,0.0,0.9551935132321102,0,0.0,1.0,2,9.0,0.4820097608076398,19,450.0,0.08184909204565433,0,0.0,0.9243971237510745,2,71.0,0.34740626049001516,0,4.0,0.8104423980415186,0,0.0,0.9425656145848346,0,0.0,0.9581845649396106,6,298.0,0.34653524544867154,3,50.0,0.4518747874749441,2,9.0,0.5066639778593341,0,4.0,0.7933361139081636,27,1025.0,0.1682174536084789,0,0.0,0.7885975422874105,95,3486.0
110.0,232,1,110,63,295,0,3601.0,15.52155172413793,5.2281602577883275,35,1741.0,0.09504463617369542,0,0.0,0.9297983457387798,0,4.0,0.46776114117210255,5,30.0,0.16152188824789754,20,546.0,0.075779524433916,0,0.0,0.8482652863826475,0,12.0,0.5761389159163275,1,7.0,0.7064016100461848,0,0.0,0.9498355253910941,0,0.0,0.9531579133734412,12,347.0,0.2513484396829912,7,81.0,0.31580312131153837,0,6.0,0.5152442871405889,2,8.0,0.7487338986337136,28,1165.0,0.2153924053516275,0,0.0,0.765953501174364,110,3947.0
115.0,239,3,129,70,309,0,4210.0,17.615062761506277,4.832725755020998,36,1921.0,0.09604324073775847,0,0.0,0.9780191559385674,0,4.0,0.8349070730300191,5,59.0,0.12162625219495805,22,653.0,0.16304330745367013,0,0.0,0.7797109045125538,3,14.0,0.27326723687744425,3,20.0,0.7259787986905285,0,0.0,0.9548263567016326,0,0.0,0.9662128515998167,19,430.0,0.22592400747509955,9,126.0,0.26827373714472236,0,0.0,0.7665967877754213,1,6.0,0.49210146525019843,31,1313.0,0.16232290296879773,0,0.0,0.8798886707456463,129,4546.0
120.0,242,4,141,74,316,0,4832.0,19.96694214876033,4.543309333392906,36,2101.0,0.07458236783125209,0,0.0,0.9733098311703344,0,4.0,0.9139401494374633,0,40.0,0.6551541967535637,24,770.0,0.19842681446769433,0,0.0,0.512694918061223,5,34.0,0.045270000631205565,5,34.0,0.33557165500994124,0,0.0,0.9438025246567661,0,0.0,0.9305359381155838,23,540.0,0.14618667127057727,9,171.0,0.16747403189907867,0,0.0,0.9359908189831625,6,26.0,0.4187078505069921,33,1474.0,0.16875187377352163,0,0.0,0.8733490025771745,141,5194.0
125.0,256,6,145,74,330,0,5504.0,21.5,4.772830499658636,36,2281.0,0.09598032164928044,0,0.0,0.9515974113428807,0,0.0,0.7964879584766313,0,4.0,0.9345294160379406,25,893.0,0.19583363944111185,0,0.0,0.459277206710038,6,63.0,0.2327144056165067,4,35.0,0.09909008781607723,0,0.0,0.8001532556122966,0,0.0,0.942139977424032,25,660.0,0.16940322401955377,9,216.0,0.2929540320973745,0,0.0,0.9320517088856555,6,56.0,0.379757830926092,34,1642.0,0.13926704746419669,0,0.0,0.7956511680919582,145,5850.0
130.0,262,10,145,80,342,0,6153.0,23.484732824427482,5.092046597301533,36,2461.0,0.09697794316637276,0,0.0,0.9653728672114178,0,0.0,0.9216610161531091,0,0.0,0.8430279259604027,27,1028.0,0.1690203351836478,0,0.0,0.8225887544719896,0,48.0,0.6472151261092979,3,28.0,0.3658439023278661,2,4.0,0.5348323226033226,0,0.0,0.9600081022820666,26,788.0,0.15969377772688273,9,261.0,0.24068735068268945,0,0.0,0.9858471988919564,6,86.0,0.31622386018239407,36,1818.0,0.07450675848539366,0,0.0,0.9353901385817209,145,6522.0
135.0,259,10,132,91,350,0,5889.0,22.73745173745174,4.971512369218219,32,2398.0,0.08227241991163346,0,4.0,0.7512409259819602,1,1.0,0.5488378029607294,0,0.0,0.9273726562291971,29,1169.0,0.16262143502684573,0,0.0,0.8003778285377608,0,0.0,0.7988215666246545,3,36.0,0.6874471379939963,0,3.0,0.6162461521727901,0,0.0,0.9595789992674503,28,927.0,0.08950264800356603,3,194.0,0.3799326612050629,0,8.0,0.4899175668253565,0,65.0,0.46393938036445037,36,1998.0,0.11578354845962004,0,0.0,0.9242637016653678,132,6803.0
140.0,255,14,130,107,362,0,5517.0,21.63529411764706,4.965094404150671,25,2099.0,0.15504535945630565,0,4.0,0.8985720496283534,2,9.0,0.29354349255832346,0,0.0,0.13708668198719443,31,1322.0,0.11951922036807278,0,0.0,0.8050706016282144,0,0.0,0.26190612984529604,3,51.0,0.6793726450904211,0,0.0,0.869171473697349,0,0.0,0.9539107317358222,31,1076.0,0.02458070405567297,1,60.0,0.5770940383032619,0,8.0,0.8546836184874372,1,2.0,0.550105601934191,36,2178.0,0.11472524496215167,0,0.0,0.9812070672073054,130,6809.0
145.0,261,16,114,115,376,0,4336.0,16.613026819923373,4.78572938519711,17,2084.0,0.1972898324139925,0,4.0,0.925624556198919,0,1.0,0.2999946328764079,4,18.0,0.13502918334964736,28,1313.0,0.08465746255081175,0,4.0,0.7280406548011336,0,4.0,0.4594105022597662,2,27.0,0.18753301222777113,0,0.0,0.9591895408574,0,0.0,0.9522190517049116,32,1236.0,0.04426119593813169,0,26.0,0.5691513549759398,0,6.0,0.8771367591320951,0,2.0,0.7584790585953384,31,2131.0,0.06976368919357637,0,6.0,0.47125362319331054,114,6862.0
150.0,260,18,104,122,382,0,3052.0,11.738461538461538,5.439586749691096,15,2160.0,0.1802355411376508,1,5.0,0.4699705339945801,0,0.0,0.8622447325947769,0,15.0,0.7326487774842775,21,1126.0,0.10864171227923965,0,4.0,0.8691206013788149,0,4.0,0.9400548055937199,4,20.0,0.24032326831679957,0,0.0,0.9686543760384265,0,0.0,0.9407485873017031,34,1402.0,0.12449065795716191,1,31.0,0.7558857920526121,0,2.0,0.6179731268509348,0,0.0,0.938648618360703,28,1866.0,0.06250205124387888,0,6.0,0.8496145909286633,104,6641.0
155.0,255,23,95,138,393,0,2277.0,8.929411764705883,5.460349799801162,14,2225.0,0.19410396192631804,6,26.0,0.34974381069013977,0,0.0,0.88147198976616,0,2.0,0.9367953423955248,14,1127.0,0.11313008080538511,0,4.0,0.8528357434451566,0,4.0,0.9616451471766198,2,22.0,0.4569448209552044,0,0.0,0.9242103656048294,0,0.0,0.9688795865969956,36,1577.0,0.16319713483420412,1,36.0,0.7731825504101145,4,15.0,0.284555106359527,0,0.0,0.976953689921625,18,1867.0,0.10512534675069424,0,6.0,0.9231086674281176,95,6911.0
160.0,259,28,97,145,404,0,1995.0,7.702702702702703,5.005790565789209,13,2072.0,0.1771425435513451,7,63.0,0.3626499259208635,0,0.0,0.7308614063714881,0,0.0,0.908393624570731,12,1191.0,0.1976124399327448,2,7.0,0.4457411438601894,0,0.0,0.1127972996383064,3,26.0,0.6601055030358967,0,0.0,0.9597489993400642,0,0.0,0.9682900953257457,36,1753.0,0.10305867215201728,0,0.0,0.6831071594484024,7,49.0,0.30030204854313863,1,1.0,0.6953481611123913,14,1931.0,0.1626914648894742,2,8.0,0.5073472642666306,97,7101.0
165.0,257,30,114,153,410,0,2167.0,8.431906614785992,4.209140824071611,14,1710.0,0.15127027425372316,7,100.0,0.5201504093556929,0,0.0,0.3928042305615262,1,2.0,0.31341947003861914,13,1248.0,0.20298367321747174,7,32.0,0.4416215295022394,2,9.0,0.24307728960123703,3,37.0,0.5459637077423496,0,0.0,0.9306766611832493,0,0.0,0.6412840376816856,36,1933.0,0.015803154010395833,2,6.0,0.386444913604196,7,84.0,0.34747889032443957,1,1.0,0.6247013862867059,15,2004.0,0.2433707116921094,6,30.0,0.2091233551937582,114,7196.0
170.0,265,29,125,162,427,0,2601.0,9.815094339622641,3.9519138312660855,12,1666.0,0.1906853232558892,7,135.0,0.5043168307045142,0,0.0,0.6768579666405576,5,19.0,0.0005285413133117487,20,1332.0,0.14732060286159387,7,67.0,0.34071600612979175,2,19.0,0.5664651202358177,3,52.0,0.24399270613587523,0,0.0,0.9289170471727671,2,6.0,0.5580777079289869,36,2115.0,0.01283926175237445,0,5.0,0.6597342387458943,1,70.0,0.4870437466004578,3,13.0,0.31336409926696407,20,2097.0,0.16122219891347228,7,69.0,0.08513458784642361,125,7665.0
175.0,275,32,131,165,440,0,2680.0,9.745454545454546,4.184072805163246,14,1729.0,0.2144137021204689,9,174.0,0.23130727780714308,1,2.0,0.25242520068821855,0,21.0,0.222784551807777,26,1452.0,0.12942381238230585,7,102.0,0.29130782122125154,0,0.0,0.8545809449666593,3,67.0,0.0,0,0.0,0.95085408085469,5,21.0,0.41595426645590206,30,2072.0,0.13279467596844327,0,4.0,0.8083194908473187,0,13.0,0.6437872185578916,0,7.0,0.68953375078685,29,2224.0,0.08210401592268679,7,104.0,0.376927866702864,131,7992.0
180.0,269,36,134,175,444,0,2526.0,9.390334572490707,4.454888641914932,14,1794.0,0.188156683501837,13,235.0,0.21581356180707997,4,19.0,0.14071660379199383,0,4.0,0.9556227974625837,32,1604.0,0.1218953990045974,7,137.0,0.0,0,0.0,0.7996068258922227,0,27.0,0.7420618560296806,0,0.0,0.9429846537637154,0,15.0,0.5782648867651925,22,1730.0,0.2441855086103096,0,4.0,0.7131619811227935,1,1.0,0.5561509232053228,0,6.0,0.7085306873441961,34,2384.0,0.0008740260409274742,7,139.0,0.3966331689789406,134,8099.0
185.0,275,40,133,181,456,0,2437.0,8.861818181818181,4.4633553308438145,15,1653.0,0.15467696362640787,14,307.0,0.17873518969178923,0,16.0,0.6470330422560855,0,4.0,0.9042307627712274,36,1781.0,0.07482018774565925,7,172.0,0.11867141724025093,1,5.0,0.18690115777662394,0,4.0,0.9432936156367596,0,0.0,0.9561153481507301,0,0.0,0.8551038644508739,16,1722.0,0.209196617614878,4,12.0,0.644544726009398,1,7.0,0.7656283051816613,1,7.0,0.6757014400330442,36,2562.0,0.0502773030327106,2,110.0,0.14738344909785228,133,8362.0
190.0,275,47,126,190,465,0,2309.0,8.396363636363636,4.533715470307368,14,1315.0,0.18394961776696328,14,379.0,0.36321656333283064,0,6.0,0.8714839101719845,1,6.0,0.1031108674273947,36,1961.0,0.026896515419765173,1,134.0,0.24156566268799584,3,21.0,0.4771707439227367,0,0.0,0.6881629768380607,0,0.0,0.959389677964424,0,0.0,0.9629583942706951,12,1789.0,0.11076033119242612,0,11.0,0.5357004637621964,0,0.0,0.7645865482117535,5,25.0,0.5411650967818944,36,2742.0,0.15125110652395615,4,44.0,0.22809927392770366,126,8433.0
195.0,272,48,126,200,472,0,2618.0,9.625,4.4530417063583645,13,1287.0,0.17473529560990056,15,450.0,0.2680546202127439,0,4.0,0.9372609703655667,0,2.0,0.6701229896480212,36,2141.0,2.4726819440030764e-07,1,31.0,0.36587632980324847,0,15.0,0.7838940803400966,0,4.0,0.45347245754942966,0,0.0,0.9701218838527034,0,0.0,0.9733616085121262,13,1848.0,0.11544077927976346,4,10.0,0.32075278372720556,1,5.0,0.5694561353551894,7,55.0,0.428528332077128,36,2922.0,0.14792711552347793,0,16.0,0.6941240793732002,126,8790.0
200.0,284,49,131,203,487,0,2687.0,9.461267605633802,4.473304263693881,13,1346.0,0.18444650629115497,20,540.0,0.1535408151305842,2,10.0,0.29806872098824727,0,0.0,0.9258230354418894,30,2086.0,0.04442179374040084,0,4.0,0.9465550221380445,0,4.0,0.8237885712184863,0,4.0,0.9552868186579162,0,0.0,0.9511074885488572,0,0.0,0.9516754814792747,21,1937.0,0.17130878110551412,7,41.0,0.28490639557707464,0,1.0,0.7828848135184421,7,88.0,0.4144727061502572,31,2817.0,0.04853164890618368,0,6.0,0.8266146139516473,131,8884.0
205.0,290,55,128,207,497,0,2575.0,8.879310344827585,4.886048635227531,13,1403.0,0.18652782272378177,21,645.0,0.15220317089573526,0,11.0,0.5233323968244731,0,4.0,0.7834966524315579,22,1805.0,0.0997817839062816,0,8.0,0.881717244779295,1,6.0,0.4674279113698074,0,4.0,0.9140790790659548,0,0.0,0.9793579786898915,0,0.0,0.9535919110522706,27,2056.0,0.1847589678689783,7,76.0,0.3518651751776624,0,0.0,0.9486336209843065,8,125.0,0.3296581749182245,29,2331.0,0.048633473626519694,0,4.0,0.8098851065928192,128,8478.0
210.0,292,55,114,213,505,0,1966.0,6.732876712328767,5.0304332891049395,14,1265.0,0.16123904714159948,16,624.0,0.19392110763022197,0,4.0,0.9035039470576682,0,4.0,0.863387424592909,17,1906.0,0.10770591268612449,0,4.0,0.8766743544632719,6,29.0,0.11886259169875482,0,0.0,0.8626105689402027,0,4.0,0.728614405427592,0,0.0,0.9654487212567661,34,2207.0,0.12985458812522507,1,68.0,0.3954116949805186,0,2.0,0.8725064988310175,9,167.0,0.2969384663914009,17,2435.0,0.1370131357659765,0,4.0,0.8679800191190752,114,8723.0
215.0,298,62,97,216,514,0,1228.0,4.120805369127517,5.350122730397318,14,959.0,0.19768565723347414,7,451.0,0.3866816581065427,0,0.0,0.9099756760535441,0,4.0,0.8645549314423598,14,1983.0,0.19399666608635507,0,4.0,0.6090423641375908,7,64.0,0.1955585127662643,0,0.0,0.9069467776685906,0,4.0,0.9027731321529894,0,0.0,0.9600379976495801,36,2386.0,0.017886963595294993,2,5.0,0.05652619347799984,0,4.0,0.87275287884081,3,147.0,0.30974800845571937,13,2482.0,0.24599388747735162,1,5.0,0.35748587802897597,97,8498.0
220.0,302,66,91,224,526,0,922.0,3.052980132450331,5.066518152688631,15,940.0,0.21133925723999886,1,359.0,0.30406202650731823,0,0.0,0.9412342228656039,1,6.0,0.3256623143302043,16,2052.0,0.21497662794643113,4,18.0,0.43385211268848756,7,99.0,0.4341917230752085,0,0.0,0.8973607321472256,0,2.0,0.8888325267285812,0,0.0,0.9432316970708624,31,2327.0,0.03981282534143836,0,8.0,0.3247315913349555,0,4.0,0.7726931198083103,2,28.0,0.4450161360106822,8,2271.0,0.2761337224737251,6,31.0,0.14690997752552198,91,8145.0
225.0,306,63,100,231,537,0,995.0,3.2516339869281046,4.954247422943941,14,1007.0,0.16741452160535972,6,374.0,0.29808810964295734,0,2.0,0.23766018595954602,7,32.0,0.08648682822379407,22,2150.0,0.10848769203416485,6,47.0,0.1419483218108584,7,134.0,0.4132204923565691,0,0.0,0.9437125228649051,2,5.0,0.5059883230911151,0,0.0,0.9490877985596261,23,2025.0,0.19950647259833323,0,8.0,0.8433919000308098,0,4.0,0.5224010822702374,0,14.0,0.47797437278202165,6,1825.0,0.17437420349836,7,67.0,0.5005270996380343,100,7694.0
230.0,309,69,111,238,547,0,1181.0,3.822006472491909,4.758265707500148,9,877.0,0.23146773624188707,12,422.0,0.20214697018551037,2,12.0,0.6566721318735249,7,67.0,0.3610890185693606,28,2284.0,0.034351604459594974,6,77.0,0.0,7,169.0,0.18518861245685583,0,0.0,0.5950343199731241,6,26.0,0.31881638367845855,0,0.0,0.9651631284045369,17,2008.0,0.1991499476124403,0,8.0,0.8931227680744779,5,18.0,0.29171772416103403,1,13.0,0.6177783586930119,4,1740.0,0.12874690432986,7,102.0,0.5138244431306302,111,7823.0
235.0,306,72,108,254,560,0,994.0,3.2483660130718954,4.4257069150607915,5,516.0,0.215438270423707,12,393.0,0.3309423100486661,0,6.0,0.8077919049021951,7,102.0,0.4708667408425736,35,2447.0,0.1159314766131268,0,57.0,0.14284443795623067,3,140.0,0.18198580928984412,3,12.0,0.25627889349267396,8,70.0,0.33913065695143885,0,0.0,0.9947196868323857,14,2079.0,0.1689358747731714,0,4.0,0.562920391760288,7,51.0,0.3407713788377831,1,4.0,0.7120565273258433,8,1771.0,0.2190219899932334,5,94.0,0.2408636032790823,108,7746.0
240.0,298,74,113,268,566,0,1275.0,4.278523489932886,4.700674529646451,6,541.0,0.2019121639415593,6,253.0,0.25299785619081944,0,4.0,0.8534759801847583,7,133.0,0.20605954028112658,36,2627.0,0.14925460221421857,0,0.0,1.0,2,22.0,0.7139112747315263,0,9.0,0.7636302833609027,8,110.0,0.47550225511610145,0,0.0,0.9429331671494093,16,2148.0,0.10120392882036845,6,20.0,0.21464531770375392,7,86.0,0.35911353478324326,2,12.0,0.6113452018116633,13,1827.0,0.22857993658922435,4,52.0,0.47033672893371437,113,7844.0
245.0,311,73,114,272,583,0,1598.0,5.138263665594855,4.718976588894982,8,573.0,0.19410752410249707,4,243.0,0.2965378815288749,0,4.0,0.892783817217048,2,109.0,0.16349559353305804,36,2803.0,0.15236950861798718,0,4.0,0.4599155707738566,0,8.0,0.8912487943386173,0,4.0,0.9152990119830776,8,150.0,0.45593638125494557,0,0.0,0.9336537761300322,20,2240.0,0.16437210269229824,7,58.0,0.10114342181857311,7,121.0,0.3324255224642808,0,0.0,0.6157756395394806,21,1917.0,0.1545645110739647,1,28.0,0.3151910273952993,114,8262.0
250.0,324,75,144,273,597,0,1869.0,5.768518518518518,4.340208172208322,17,634.0,0.18515352890519332,9,274.0,0.26704593566865276,2,7.0,0.47288841800361076,1,30.0,0.7526349947064935,31,2701.0,0.12328887844499165,0,8.0,0.7527148131697756,1,5.0,0.6042304388219173,3,10.0,0.32797965321449984,11,196.0,0.2510709347524791,0,0.0,0.9545771624622379,27,2363.0,0.17551215596704528,7,93.0,0.40143005330316034,1,98.0,0.3345210880021405,0,2.0,0.8464157145592,28,2042.0,0.03365323327863795,6,36.0,0.24317818139100847,144,8499.0
255.0,329,74,170,277,606,0,2145.0,6.519756838905775,3.954905814317069,21,728.0,0.11241249728617157,14,332.0,0.17416197883534945,6,32.0,0.009354566436311362,1,14.0,0.7533403651067807,27,2339.0,0.13568002738521792,0,8.0,0.8749062561568904,1,5.0,0.3808940353947132,6,37.0,0.11167051563734703,15,265.0,0.1583336468623152,0,0.0,0.9469098180827926,27,2259.0,0.11931881852776627,7,132.0,0.45261208951213683,3,27.0,0.4869887558967847,1,5.0,0.7341561903540058,35,2201.0,0.0015618397665302973,6,66.0,0.13486896648414068,170,8450.0
260.0,325,79,169,292,617,0,2172.0,6.683076923076923,3.6313759662680267,28,855.0,0.08751435801641379,14,323.0,0.20455104664364585,8,77.0,0.12169280771005418,3,22.0,0.12089124667134912,18,2433.0,0.10104108379852536,0,4.0,0.6204209252385241,6,21.0,0.25575413294259985,7,72.0,0.383122006891989,15,344.0,0.18584807055055502,0,0.0,0.9477198750082683,28,1926.0,0.13329424114724042,7,164.0,0.5081234347496801,0,7.0,0.7786628913853156,3,16.0,0.7189837795832151,32,2098.0,0.014761578260478256,0,54.0,0.5338375613715215,169,8416.0
265.0,325,87,136,300,625,0,2069.0,6.366153846153846,4.188488330012606,34,1011.0,0.11799154188344822,5,224.0,0.3772621213329684,8,117.0,0.5387409614098877,1,21.0,0.20431781231231255,15,2495.0,0.12215160635191913,1,8.0,0.17162619540253596,1,25.0,0.28093342474896354,7,109.0,0.30817910440244933,15,419.0,0.37992298159850973,0,0.0,0.9731520358139416,19,1796.0,0.13396699669813789,7,199.0,0.4243770661452855,0,0.0,0.9253813921314787,0,8.0,0.5595726487873447,23,1720.0,0.10703883322682804,0,4.0,0.8560081267754261,136,8156.0
270.0,329,91,131,300,629,0,2037.0,6.191489361702128,4.449947666415376,36,1188.0,0.09885200861553277,2,170.0,0.3778717678753525,8,157.0,0.4485258765367167,0,7.0,0.8475346878557055,15,2562.0,0.0793787764107423,5,17.0,0.29109944735265764,0,2.0,0.45649407109441453,4,97.0,0.35448854778969846,17,496.0,0.22267687970488922,0,0.0,0.9397854990202111,12,1847.0,0.19714283419900122,11,246.0,0.05288335374109152,1,2.0,0.4618256873792501,4,18.0,0.33220819187811523,16,1678.0,0.22063862645886873,0,4.0,0.9009579666772742,131,8491.0
275.0,337,94,150,305,642,0,2113.0,6.270029673590504,4.452029580123701,32,1184.0,0.10163063552533,9,197.0,0.25554665355642336,5,146.0,0.25858117213000475,1,12.0,0.801169426896135,24,2661.0,0.03758151133719517,5,42.0,0.5322700876900406,1,3.0,0.6223101247928414,0,34.0,0.5754198618353183,21,589.0,0.14522689577363612,0,0.0,0.9604076398307333,12,1889.0,0.14924261704784358,15,317.0,0.24467649070693404,3,16.0,0.49491258018124057,7,52.0,0.29437412397318474,13,1746.0,0.29406981137127436,2,6.0,0.3961566674143395,150,8894.0
280.0,337,98,156,317,654,0,2299.0,6.821958456973293,4.16171980430988,25,1022.0,0.14492131518624976,12,257.0,0.38546361550206804,3,70.0,0.2053738895864981,3,23.0,0.5548724737436674,28,2790.0,0.09455747596273141,5,67.0,0.4568480134825513,0,0.0,0.8529805133476539,3,38.0,0.23595105738094632,23,703.0,0.14457886321824878,0,0.0,0.9496060213291028,13,1712.0,0.09465703527980292,15,392.0,0.29804317069761715,0,7.0,0.5154306983520007,7,87.0,0.3527799048733275,13,1801.0,0.2349594408111271,6,30.0,0.0015194131867676327,156,8999.0
285.0,332,94,160,334,666,0,2597.0,7.822289156626506,3.875578795723504,17,1107.0,0.16614419363316804,12,317.0,0.2519089218038476,3,65.0,0.396425681904027,2,21.0,0.5259367645724314,29,2654.0,0.16802335500084914,5,92.0,0.3434162808471898,2,4.0,0.18468325432503316,7,70.0,0.1377526184207156,23,818.0,0.10883453875723931,0,0.0,0.9530146175658943,12,1313.0,0.11165991527815604,15,467.0,0.3850478859398851,0,0.0,0.8816276212695633,7,122.0,0.2893188610874183,19,1886.0,0.09071213927643787,7,65.0,0.2800446967040518,160,9001.0
290.0,336,99,161,341,677,0,2755.0,8.199404761904763,4.0291420574940116,15,1174.0,0.17946613666505584,18,392.0,0.1377841702879698,7,83.0,0.4918703983155105,2,9.0,0.40388325279647846,22,2241.0,0.25042463311896995,5,121.0,0.5017283134353279,0,4.0,0.8706660840673685,7,105.0,0.3889105798108933,23,933.0,0.13972514344297376,0,0.0,0.9413821512868491,12,1353.0,0.2216625374610691,15,542.0,0.2426145074171328,0,0.0,0.9341880892723786,1,97.0,0.49307425331787985,27,2007.0,0.027844407143596595,7,100.0,0.46403854305351844,161,9161.0
295.0,339,106,167,347,686,0,2806.0,8.277286135693215,4.03182179710482,16,1245.0,0.17629538993522764,18,482.0,0.17447101225992498,7,114.0,0.393770967187358,7,29.0,0.15648692719182763,16,2334.0,0.1177837654877117,5,146.0,0.5487297410459104,0,4.0,0.9027121823961037,8,141.0,0.5196856461620818,17,902.0,0.2016087467904906,0,4.0,0.7937373377097926,13,1407.0,0.26159934755539765,20,633.0,0.1737237548931422,0,0.0,0.9310182736422797,1,20.0,0.5416187307408307,32,2162.0,0.0512061573628554,7,135.0,0.440115612047786,167,9758.0
300.0,343,107,149,350,693,0,2525.0,7.3615160349854225,4.284516214923388,16,1189.0,0.15048763703417717,12,468.0,0.21893240985595028,7,149.0,0.28634303377752024,7,66.0,0.048389590880728674,11,2402.0,0.11470602542905453,1,97.0,0.42519008017984433,0,4.0,0.812741090710625,8,177.0,0.48685610728008366,9,697.0,0.27223651592585035,0,4.0,0.9167648203884181,14,1469.0,0.19484265937850268,21,738.0,0.04520753041823294,0,0.0,1.0,0,1.0,0.7035995154451408,36,2337.0,0.118099358137686,7,170.0,0.45341887621949206,149,9968.0
305.0,352,108,115,356,708,0,2003.0,5.690340909090909,4.884705058053328,12,998.0,0.1891406618384531,4,330.0,0.4268238586382189,7,186.0,0.2918938803607624,1,61.0,0.5017927229548838,14,2464.0,0.09972372560575307,0,5.0,0.6410593759912466,0,4.0,0.9111574275462324,2,137.0,0.35922395216526304,3,648.0,0.3927320627052268,0,4.0,0.9018511273946898,20,1559.0,0.06720593807123099,21,843.0,0.0,0,4.0,0.5084363874243658,0,0.0,0.9751856971922915,30,2204.0,0.17229328906904354,1,135.0,0.46401997298376224,115,9582.0
310.0,350,112,112,370,720,0,1451.0,4.145714285714286,4.554472109705077,13,1005.0,0.20341730638214495,1,289.0,0.33080986198571727,1,134.0,0.4539521763602875,0,19.0,0.7769168719419874,14,2262.0,0.07765893738013252,3,13.0,0.33610668537493343,0,4.0,0.7296162372871365,4,21.0,0.08204049245034112,9,673.0,0.2931282023599772,1,6.0,0.5120938940218505,27,1683.0,0.026804400669971744,15,793.0,0.08229795177319134,0,8.0,0.7646568821731574,0,0.0,0.6559602926008631,23,1647.0,0.21903650416368897,1,33.0,0.626925308781176,112,8590.0
315.0,345,114,127,381,726,0,1217.0,3.527536231884058,4.636129767725022,13,1074.0,0.17092932359721,8,311.0,0.22907490543898532,2,39.0,0.5474674454304459,0,2.0,0.8279326001295818,14,1813.0,0.1049390059056859,4,36.0,0.48961599815034473,5,15.0,0.3197333178839393,1,18.0,0.5033008479310305,14,735.0,0.1735140690320738,6,27.0,0.3421128061348732,35,1843.0,0.11933336260321037,5,557.0,0.3594595326812523,0,8.0,0.8353047269634898,2,8.0,0.5330117024247131,17,1738.0,0.1281955294910245,1,32.0,0.5939644923396818,127,8256.0
320.0,342,120,123,394,736,0,1285.0,3.757309941520468,4.782986480714111,9,996.0,0.22091546701199005,14,372.0,0.19824087295163098,2,33.0,0.3686777205559499,0,4.0,0.7886427456190805,11,1869.0,0.20681017080255124,4,57.0,0.6311493209530489,0,21.0,0.22299527214949708,0,3.0,0.8738768695548339,22,829.0,0.13959210049689286,7,62.0,0.34370695751885094,36,2022.0,0.11912081623355379,1,495.0,0.4380921749071357,0,2.0,0.8518328858403488,0,0.0,0.6024212090514779,14,1811.0,0.1464939064964224,3,40.0,0.2541167802433569,123,8616.0
325.0,345,122,139,405,750,0,1404.0,4.069565217391304,4.53621790277707,8,796.0,0.22294144064638186,18,454.0,0.32817663333717756,5,50.0,0.4466553724929113,0,6.0,0.7850780198920281,14,1936.0,0.2840419204769964,6,81.0,0.3439207212801328,1,9.0,0.719807806841498,0,0.0,0.6999349364892724,18,777.0,0.16908465433108025,7,99.0,0.3895319017219594,32,1910.0,0.048301976872458775,7,520.0,0.31536985411762025,1,4.0,0.46971182703026265,0,0.0,0.9617401732467761,15,1881.0,0.09478284264568346,7,66.0,0.29080903012015885,139,8589.0
330.0,347,121,137,412,759,0,1326.0,3.8213256484149856,4.12622241439775,5,712.0,0.21476720500793053,19,545.0,0.1863527297299245,0,28.0,0.6096481339564125,0,8.0,0.7316087713291796,15,2001.0,0.2315875026894702,6,72.0,0.1404317825736786,0,8.0,0.7762890065071051,2,6.0,0.19842349696677644,10,582.0,0.2344660470959968,2,86.0,0.5047802834945737,28,1546.0,0.07704408799022104,13,573.0,0.34985321298964367,6,23.0,0.12320879076237579,1,1.0,0.4022999206253436,22,1976.0,0.03822335230025436,8,106.0,0.43069746623840605,137,8273.0
335.0,351,122,152,423,774,0,1619.0,4.612535612535613,4.097367387335846,11,745.0,0.2144783235984649,24,653.0,0.13283599421981662,2,2.0,0.437950669034319,0,4.0,0.727598142328223,21,2091.0,0.08060648579144196,6,38.0,0.23059860302692298,1,9.0,0.5795818579016587,3,20.0,0.3627249771830687,4,598.0,0.27943355391966546,3,18.0,0.6357150791882692,15,1516.0,0.21030225656710314,14,643.0,0.2563480412775762,7,62.0,0.10655941226473666,4,15.0,0.0009915158092314454,29,2112.0,0.032632090800127064,8,146.0,0.4427264334908672,152,8672.0
340.0,351,128,149,433,784,0,1809.0,5.153846153846154,4.192928469671328,13,802.0,0.21402226041401323,26,781.0,0.12837022425592268,2,8.0,0.18802982849853245,0,6.0,0.8044071700333923,28,2215.0,0.008356433360385048,1,34.0,0.5326123392402314,0,7.0,0.7701861898451512,0,11.0,0.778363995106192,10,633.0,0.24174220218533504,1,19.0,0.4443570294587664,12,1562.0,0.2561755122478815,19,728.0,0.11946478059011652,1,61.0,0.5274409624164696,0,14.0,0.3631576036896137,28,1975.0,0.1383837895920819,8,188.0,0.30911900831164113,149,9044.0
345.0,347,126,156,447,794,0,1864.0,5.371757925072046,4.47974145916789,18,885.0,0.1531204870207265,20,759.0,0.13734854122000845,0,3.0,0.4657074057873055,2,12.0,0.46154316438012116,30,2076.0,0.019913803553958685,2,20.0,0.6984090736653433,1,10.0,0.5579360078263861,1,5.0,0.718303009882935,11,559.0,0.24678601450697288,6,30.0,0.37215301025576114,14,1618.0,0.19150226019526947,21,833.0,0.11802861002946302,0,15.0,0.8355531191129427,0,8.0,0.8407435326251108,22,1628.0,0.24537182269077903,8,230.0,0.4620655374591337,156,8691.0
350.0,350,128,152,458,808,0,1894.0,5.411428571428571,4.675402836029058,26,1002.0,0.1087167451549694,12,590.0,0.23836458295958873,3,9.0,0.23321862481609965,0,9.0,0.5426350717928423,22,1558.0,0.11313837212595775,2,32.0,0.7208482688878363,7,35.0,0.39072721981919517,1,10.0,0.0,4,305.0,0.47021649564625856,6,60.0,0.5603261462567265,23,1711.0,0.12167512040235338,21,938.0,0.041330932421338555,0,0.0,0.535464603963204,0,8.0,0.8649106562234085,17,1718.0,0.24676887949985066,8,270.0,0.4468794281904412,152,8255.0
355.0,349,135,135,468,817,0,1670.0,4.785100286532951,4.4599894823139765,32,1150.0,0.09835077577598536,2,508.0,0.29901770337022066,4,33.0,0.564428092030648,0,4.0,0.3809504674055319,15,1646.0,0.2513097444807753,2,42.0,0.6716754595203115,8,71.0,0.2223266561309372,0,0.0,1.0,2,306.0,0.37912310645843966,6,90.0,0.5512325553165721,30,1841.0,0.10517954177128268,15,876.0,0.07525732337591928,0,8.0,0.43584300339089693,1,6.0,0.6366416908487847,14,1794.0,0.224192760313242,4,202.0,0.24313027617504746,135,8577.0
360.0,345,139,146,476,821,0,1737.0,5.034782608695652,4.332661918020361,36,1326.0,0.0947123690774973,6,526.0,0.26475176660694716,0,23.0,0.6930312009485164,0,2.0,0.7181067802181363,12,1713.0,0.283895870267128,4,55.0,0.1429488086963472,8,113.0,0.04934414585845372,0,1.0,0.5624495281918337,8,329.0,0.2412361519607945,9,125.0,0.23509861091159012,35,2003.0,0.09704445444112096,6,629.0,0.3485536183130999,0,8.0,0.8683389367311852,6,23.0,0.37356904083609427,14,1859.0,0.15027928637172142,2,46.0,0.2706851292493448,146,8781.0
365.0,350,140,166,486,836,0,2070.0,5.914285714285715,4.264526523534717,31,1330.0,0.10880499482041334,14,588.0,0.2063634926737188,0,4.0,0.7479075389845459,0,0.0,0.8718905778097643,13,1774.0,0.23544952353707252,3,28.0,0.16877291138635303,8,157.0,0.3712335172102397,0,3.0,0.9278286747601912,14,390.0,0.178368667255459,13,185.0,0.17527262126867343,36,2182.0,0.09534150914163289,3,561.0,0.45324733076401347,0,6.0,0.9462149827076314,7,58.0,0.35477895246838154,22,1952.0,0.09386696873190808,2,48.0,0.06968556805216695,166,9266.0
370.0,350,146,174,496,846,0,2333.0,6.6657142857142855,4.289061288118748,24,1160.0,0.1686055296347595,12,544.0,0.3364439293935783,2,6.0,0.4541373576850757,0,0.0,0.9279187678698186,21,1862.0,0.18306113823657094,0,10.0,0.7099545650359129,8,197.0,0.580932175169904,0,3.0,0.8867123656554916,13,365.0,0.25295013655619236,7,180.0,0.31809612904738177,36,2362.0,0.024444681778666936,8,565.0,0.17926804834264462,0,0.0,0.6000248017841914,7,93.0,0.4011996028408764,29,2086.0,0.10170124732641841,7,71.0,0.35382339121825657,174,9504.0
375.0,353,146,160,501,854,0,2398.0,6.793201133144476,4.352132832958864,16,1176.0,0.19497356273702351,7,405.0,0.26179308224186304,6,30.0,0.4699838499925962,0,0.0,0.9034653739188198,26,1982.0,0.08333559301284255,1,7.0,0.7097630125484701,8,235.0,0.4986596587816572,0,0.0,0.8839546045907876,5,212.0,0.44471369364490243,2,92.0,0.5726281332152473,30,2259.0,0.027775392794956843,13,627.0,0.058937407203043746,4,9.0,0.1553662311320241,7,128.0,0.047026684245677686,34,2249.0,0.07437228430791888,1,44.0,0.6102085647570971,160,9455.0
380.0,354,154,163,508,862,0,2539.0,7.172316384180791,4.247548470417392,12,1241.0,0.19073749301543097,3,378.0,0.28844651868456195,7,65.0,0.5744113974282062,0,0.0,0.9513640089728778,33,2135.0,0.0968142888299647,1,5.0,0.0,12,286.0,0.10690300746041254,0,0.0,0.8617991481789473,2,178.0,0.3370231955834894,4,98.0,0.44647416232044224,23,1926.0,0.20840608751350834,14,701.0,0.2629333732156392,5,38.0,0.13350553892357797,9,172.0,0.04620498831288923,36,2429.0,0.025330635444076422,2,11.0,0.5361303799235114,163,9663.0
385.0,353,160,166,519,872,0,2716.0,7.694050991501417,3.980254097829884,13,1301.0,0.19618963913733073,6,395.0,0.27277943868774696,7,100.0,0.43349882275826374,1,3.0,0.19173510036489338,36,2312.0,0.04871635797028668,0,4.0,0.40831468488725875,16,364.0,0.2577399306711203,0,0.0,0.9067040159500874,7,202.0,0.2970345579354588,9,129.0,0.2922966119681689,16,1785.0,0.28038123369026596,15,772.0,0.316162607576643,0,32.0,0.6347322125624321,9,223.0,0.35862941762368616,31,2306.0,0.029239504439423768,0,10.0,0.1795620177212911,166,9938.0
390.0,350,158,179,532,882,0,2776.0,7.9314285714285715,3.736406632287962,19,1388.0,0.14004864330423195,12,447.0,0.18012280699193198,10,143.0,0.135110836520781,3,14.0,0.0037477422752536104,30,2167.0,0.040704108359767927,0,8.0,0.776904059039714,16,444.0,0.3305546623947129,1,1.0,0.15944875857080076,13,258.0,0.1427857113511507,13,186.0,0.2152744921493743,11,1845.0,0.23231390799240112,19,859.0,0.23996692253735244,0,4.0,0.8834105149720839,9,268.0,0.5007965170373297,23,1982.0,0.18251812101948722,0,4.0,0.691045672904523,179,10018.0
395.0,348,165,192,543,891,0,3079.0,8.847701149425287,3.884112649098,27,1506.0,0.0852952445865632,17,527.0,0.17138309138995086,13,204.0,0.11846842096340537,0,10.0,0.6856430387146395,24,1730.0,0.07764238390146147,0,6.0,0.8815348379758603,17,526.0,0.17538221835861792,4,20.0,0.15348695771653897,18,343.0,0.1676893967840306,14,253.0,0.21022160977015586,12,1898.0,0.21242496703022495,22,963.0,0.18686772568229995,0,0.0,0.8092971751821575,9,309.0,0.38574392626330506,15,1856.0,0.2778237701842759,0,4.0,0.9005787405684554,192,10155.0
400.0,356,169,185,547,903,0,3084.0,8.662921348314606,3.9018200173349427,33,1655.0,0.09751956442703988,18,617.0,0.171328820924687,14,274.0,0.2868262934831295,0,0.0,0.881024210721402,16,1681.0,0.1943387118940231,0,4.0,0.8974465275158506,12,490.0,0.09027068027099394,0,20.0,0.6212585089552647,18,433.0,0.17447403270928497,9,244.0,0.2523367863875434,18,1977.0,0.15547685676729905,22,1073.0,0.14963399593230575,0,0.0,0.8667707160478006,13,363.0,0.12437578129047505,10,1915.0,0.24476245041395947,2,8.0,0.5584640208787395,185,10754.0
405.0,359,171,167,550,909,0,2709.0,7.545961002785515,4.102005775580369,36,1829.0,0.07500304039882154,12,573.0,0.19537394767798702,14,344.0,0.3182002683605822,0,0.0,0.9280377923771773,13,1746.0,0.27472045929440675,0,4.0,0.3776254359381635,2,312.0,0.18321210395174897,0,8.0,0.88999241084648,12,408.0,0.20692102322545936,2,133.0,0.37662784376868436,26,2092.0,0.1136468648145301,16,966.0,0.14745288387818647,0,2.0,0.8049151839818747,14,433.0,7.499005437126313e-07,13,1972.0,0.22335296480707315,7,33.0,0.36659493806986365,167,10855.0
410.0,368,173,156,555,923,0,2162.0,5.875,4.3641277400358325,31,1791.0,0.11304994386347769,6,396.0,0.3520407977746804,14,414.0,0.22556937351344852,2,3.0,0.28328924617076157,12,1803.0,0.2602274345493122,7,27.0,0.4479185151697124,2,260.0,0.3813733583018545,0,4.0,0.8806505849982196,5,265.0,0.4105709761599758,1,128.0,0.48101060781178673,33,2242.0,0.09837643561286427,8,659.0,0.10692470869547639,1,5.0,0.7045884406367362,8,386.0,0.10895376770731935,18,2051.0,0.14951477232955626,8,73.0,0.08594302916627111,156,10507.0
415.0,367,176,153,569,936,0,1861.0,5.070844686648502,4.029510175952959,23,1441.0,0.16723822721630716,2,347.0,0.46264656241845703,9,384.0,0.07836853504142137,5,28.0,0.16952942231221876,15,1638.0,0.17626114027095477,7,64.0,0.4660422650061684,7,285.0,0.28122113574168145,0,4.0,0.3880612670522332,3,268.0,0.3150542069698999,7,149.0,0.5335541651203579,36,2419.0,0.02559735538432173,3,671.0,0.1837753852744164,3,19.0,0.6050902675501948,0,146.0,0.5275318776323661,25,2164.0,0.11239315890358459,8,117.0,0.0885534966990296,153,10144.0
420.0,365,176,162,579,944,0,1756.0,4.810958904109589,3.9463936830368778,15,1426.0,0.20491972178120021,9,372.0,0.3778495994787142,5,221.0,0.2568029679260409,0,28.0,0.604919056079591,16,1283.0,0.12322838223182682,7,101.0,0.4632516749535746,10,333.0,0.15593604411018425,6,25.0,0.06383943131645198,7,290.0,0.2363321137757139,10,191.0,0.21459606166203665,32,2318.0,0.037004778849963026,8,701.0,0.2652820073069481,1,13.0,0.4801742163665805,0,113.0,0.6007196269657282,34,2315.0,0.09587144651328391,2,103.0,0.43267527934736016,162,9833.0
425.0,366,180,172,590,956,0,1698.0,4.639344262295082,4.229333761979909,12,1491.0,0.21200492782958877,15,432.0,0.17902582225635913,4,228.0,0.48750773258779223,0,4.0,0.937709137161468,13,1268.0,0.15172580418298467,7,136.0,0.38512902700552226,6,270.0,0.15660887642559274,7,64.0,0.38919087507869,14,346.0,0.180242047640393,14,254.0,0.20920697176871544,22,1987.0,0.17555796611159605,15,766.0,0.40747699715094965,6,27.0,0.5074127373789338,6,130.0,0.42922682997499245,31,2225.0,0.03263588103972351,0,39.0,0.6823278552125289,172,9667.0
430.0,362,188,152,602,964,0,1552.0,4.287292817679558,4.258746702107051,6,1352.0,0.24674793518151805,19,520.0,0.19197105584735905,7,234.0,0.468550392913065,2,7.0,0.6429265032427856,12,1313.0,0.154491737559322,5,118.0,0.1854273669739024,2,140.0,0.5462137854794535,7,99.0,0.5506860771690542,18,429.0,0.20465627675734044,8,231.0,0.2834450914270593,17,2083.0,0.1937745468598304,16,842.0,0.2478439010620042,0,25.0,0.3692674766753387,6,164.0,0.2774453159228578,26,1753.0,0.07189577067899684,1,22.0,0.7835671055182882,152,9332.0
435.0,366,188,143,606,972,0,1464.0,4.0,4.428866710384197,6,966.0,0.2090622544359411,19,615.0,0.27583288944358736,12,276.0,0.08410132416814503,6,29.0,0.4450838173302773,10,1196.0,0.1161278065487776,0,39.0,0.5072969847438128,2,100.0,0.7045024896155404,7,130.0,0.4629282866890904,14,409.0,0.16255519606678542,2,124.0,0.41059668756957707,16,2159.0,0.11403961331722122,22,941.0,0.14639147362725627,4,18.0,0.21502033212089303,6,194.0,0.45985230535464444,16,1722.0,0.19987290417267398,1,27.0,0.823600354653654,143,8945.0
440.0,377,190,126,609,986,0,1420.0,3.7665782493368702,4.344830719964313,3,972.0,0.2409971254335276,20,711.0,0.17336478649806644,14,347.0,0.10237936345038962,7,63.0,0.26772330175001036,10,931.0,0.18170069116004686,2,41.0,0.5410378022909377,3,113.0,0.6963408731487104,11,175.0,0.28442828057934455,5,284.0,0.30464833878289616,2,79.0,0.6095180751512659,16,2236.0,0.0931247915360008,16,841.0,0.10533989831580602,1,24.0,0.19239286327848193,6,228.0,0.3956796125275047,10,1780.0,0.22522022761059843,0,4.0,0.43805915662859574,126,8829.0
445.0,383,191,139,618,1001,0,1502.0,3.9216710182767622,4.222813327622882,8,997.0,0.23373621468588723,26,831.0,0.12457213618370745,14,415.0,0.40825525652686817,7,98.0,0.2094927049629754,5,940.0,0.15724217556427642,7,66.0,0.36145309557257665,5,130.0,0.3042305389274059,14,240.0,0.3033359568009363,1,211.0,0.36295765474675284,6,99.0,0.5729435662007927,22,2336.0,0.15253527687319107,9,578.0,0.25238892382210937,0,11.0,0.7357526315228421,3,157.0,0.3588094709571591,8,1595.0,0.16818626044176713,4,14.0,0.1816462488363514,139,8718.0
450.0,384,189,148,627,1011,0,1851.0,4.8203125,4.0458108121540555,13,1050.0,0.21015414685436695,27,966.0,0.1211277508121143,15,487.0,0.2616665935836347,1,80.0,0.11206808761398653,10,948.0,0.09738333607284781,4,55.0,0.0790147914918625,10,171.0,0.03778926488518485,14,310.0,0.23385777230660185,7,223.0,0.25298231706787855,4,82.0,0.24413887023134337,28,2465.0,0.16596634725935544,3,531.0,0.3265542901106692,0,8.0,0.8582199324355926,0,19.0,0.6914864117952407,9,1207.0,0.14203405875922165,3,31.0,0.3859426494103205,148,8633.0
455.0,390,191,166,635,1025,0,2315.0,5.935897435897436,4.482821079884048,19,1135.0,0.17075989892956028,22,915.0,0.14542442284068155,20,577.0,0.16357004528211244,1,19.0,0.5557849261350867,16,1017.0,0.0987810957000514,0,30.0,0.5323821312866419,10,223.0,0.4127377474362778,14,380.0,0.06142580351500168,10,274.0,0.3027685395340303,2,27.0,0.41872288440108757,35,2625.0,0.12506482546167058,7,554.0,0.18824622045223796,2,12.0,0.5938515318418063,3,15.0,0.3404593522940624,3,1123.0,0.20709793481112232,2,26.0,0.7116229558262678,166,8952.0
460.0,389,191,192,652,1041,0,2835.0,7.287917737789203,4.172601925125962,26,1252.0,0.10868330813031912,13,707.0,0.22898007741152046,21,685.0,0.10854115861724241,0,0.0,0.9332096326303285,23,1120.0,0.13923134730566464,1,23.0,0.524080220545079,10,273.0,0.42931245277030283,14,450.0,0.0,10,324.0,0.45395632869211255,0,10.0,0.40575316381792503,36,2805.0,0.09476115935325707,15,614.0,0.06182530637292801,7,32.0,0.44149658783148604,5,40.0,0.0661347039083829,10,1140.0,0.25474105916854345,1,11.0,0.58294264445475,192,9486.0
465.0,376,193,197,671,1047,0,2941.0,7.821808510638298,3.690287928380918,34,1403.0,0.09583402206872205,6,681.0,0.2567603949376016,21,790.0,0.3360980625741094,0,0.0,0.9222799238508174,30,1256.0,0.13611805368470858,6,41.0,0.29658075523743266,14,335.0,0.22800843764871112,8,413.0,0.13471306940186586,4,259.0,0.38604006834384375,5,28.0,0.31866327539804795,31,2680.0,0.10295717355123347,9,524.0,0.1222940257138034,7,69.0,0.35123637609757113,5,67.0,0.39969087555460425,14,1199.0,0.2468148561635406,3,16.0,0.3777461277559345,197,9761.0
470.0,380,195,176,681,1061,0,2765.0,7.276315789473684,4.078536775079553,31,1390.0,0.13872557264352087,8,711.0,0.2790423603781015,23,898.0,0.21430672350591523,0,0.0,0.9416797679439143,36,1420.0,0.09611164344832927,6,73.0,0.05823938530940022,17,415.0,0.1340429116505518,0,241.0,0.5598401615067081,1,123.0,0.360182514239906,6,60.0,0.5503693858826919,24,2169.0,0.11873259296228732,0,317.0,0.5948506141392614,1,62.0,0.5104391468142763,0,50.0,0.5748304492668016,21,1286.0,0.10715431101239366,2,21.0,0.06783015834977754,176,9236.0
475.0,385,202,178,685,1070,0,3004.0,7.802597402597403,4.244290142986258,23,1182.0,0.15850641223395429,14,742.0,0.3028472089088177,29,1035.0,0.07831244114105869,0,0.0,1.0,36,1600.0,0.1614288299683959,0,58.0,0.5548913823528335,17,502.0,0.2158458105741905,5,252.0,0.4612374537117781,2,99.0,0.3925574419980673,0,47.0,0.6076074114372623,15,2256.0,0.12815319401719896,4,329.0,0.494753266554802,3,27.0,0.5564154174229313,3,13.0,0.5682382962376409,26,1410.0,0.03153928439079628,1,12.0,0.35880180299898273,178,9564.0
480.0,378,204,188,698,1076,0,3261.0,8.626984126984127,4.140428969280055,16,814.0,0.21313033526313663,21,832.0,0.20224482371551278,29,1184.0,0.028165638623201743,0,4.0,0.35473545148848074,31,1572.0,0.13157174176155575,0,4.0,0.9077194030903973,17,589.0,0.3781646317996772,8,286.0,0.18724581910497504,7,125.0,0.27945447992292544,1,6.0,0.4986621131719591,12,2317.0,0.09307446171263918,10,361.0,0.26673113462021936,2,15.0,0.49155189345630834,0,10.0,0.5998367746633094,33,1562.0,0.12758845285267356,1,10.0,0.6989632454621331,188,9691.0
485.0,375,210,190,711,1086,0,3375.0,9.0,3.749753138070972,9,619.0,0.31051194298985774,26,952.0,0.14222855306441556,29,1329.0,0.08989325175917251,0,4.0,0.8096318737702249,26,1332.0,0.06784901999612869,0,4.0,0.8265456260053551,17,674.0,0.21521200732514148,8,326.0,0.10293509964574844,10,175.0,0.26852103531125143,1,4.0,0.3836805646123707,13,2375.0,0.09638561978879277,11,287.0,0.20622028467018455,6,35.0,0.504670330779678,2,12.0,0.3278919576959413,31,1488.0,0.13515212885939315,1,19.0,0.6845123553149707,190,9635.0
490.0,374,214,175,724,1098,0,3106.0,8.304812834224599,3.976794448463749,4,623.0,0.33785569635305457,32,1103.0,0.09800731620326261,23,1271.0,0.2215387133594834,0,8.0,0.7938542796402867,15,1336.0,0.101632880331979,0,4.0,0.9081439553344268,22,772.0,0.029376453608817434,8,366.0,0.0,4,130.0,0.3610783250601546,5,26.0,0.43230360936160167,22,2470.0,0.06388258992140736,4,152.0,0.34505986836529406,6,61.0,0.5576966097230588,6,33.0,0.3631195242512945,23,1221.0,0.10525016617384923,1,24.0,0.7536798111463624,175,9600.0
495.0,377,213,159,730,1107,0,2676.0,7.098143236074271,4.14792273618085,8,616.0,0.3234981070827151,36,1282.0,0.09512992314387989,14,1001.0,0.254677704312975,0,4.0,0.7689638027299575,11,1388.0,0.12829836202942935,2,7.0,0.5483619142137026,23,887.0,8.572778887651723e-06,2,278.0,0.21988509910461734,2,51.0,0.5279052629737255,5,51.0,0.563930460855256,27,2592.0,0.13915777883785035,3,126.0,0.35737878841005116,6,91.0,0.4699492074364219,1,34.0,0.6094523657257522,18,1313.0,0.09250970201264531,1,9.0,0.622344130923506,159,9730.0
500.0,378,217,169,741,1119,0,2474.0,6.544973544973545,4.14401840383394,14,672.0,0.2202888259305003,36,1462.0,0.09632603420497701,7,955.0,0.2564664251199906,0,4.0,0.8431587657414373,14,1447.0,0.2238942545620672,5,27.0,0.12482947952408277,17,801.0,0.0723348133960884,0,90.0,0.7662350134633517,2,38.0,0.4927325520749807,5,76.0,0.5898185262379129,34,2744.0,0.1969457993208726,7,145.0,0.26281868288770205,9,131.0,0.05618082430943141,2,6.0,0.4532955461101385,15,1384.0,0.08747466502971135,2,14.0,0.7240152580816581,169,9996.0
505.0,384,217,171,751,1135,0,2296.0,5.979166666666667,3.879277205224367,21,764.0,0.14723068979280732,31,1441.0,0.1047806144290433,7,987.0,0.17473345806774296,2,8.0,0.4640241523824216,21,1534.0,0.15915842309554068,7,66.0,0.09880398254489942,7,548.0,0.3332713676952208,1,52.0,0.814080501699826,3,54.0,0.5215414395268897,2,59.0,0.3265291640416303,36,2920.0,0.1577139846538053,4,118.0,0.3178532093350609,12,190.0,0.29476689011315327,0,8.0,0.2107218122833156,17,1462.0,0.15170893759066825,0,4.0,0.9078677402088119,171,10215.0
510.0,385,214,177,761,1146,0,2537.0,6.58961038961039,4.199074309164654,32,897.0,0.08649901499013456,23,1243.0,0.15044160727278735,14,1042.0,0.09031869124258632,0,9.0,0.47038409952000293,27,1653.0,0.07894364057829546,7,101.0,0.42439032875748334,0,506.0,0.5088031849619769,1,57.0,0.7646665642510204,3,71.0,0.6341753755929017,2,17.0,0.4197436903485566,36,3100.0,0.0452938132596887,2,29.0,0.23390470129911586,13,257.0,0.46869765092506704,0,0.0,0.42151438041009265,17,1330.0,0.22142997659539784,0,4.0,0.691546041391666,177,10316.0
515.0,383,219,193,774,1157,0,2804.0,7.321148825065274,3.711750347581549,36,1055.0,0.08547385004303734,15,1322.0,0.1816336003667726,20,1132.0,0.09798317887237323,0,4.0,0.8955213079626291,33,1807.0,0.0014858658208956146,7,136.0,0.4540231354030798,6,502.0,0.2868986951590189,3,66.0,0.15130061786172835,3,86.0,0.6695058018074943,4,19.0,0.35231866414141166,32,2950.0,0.044232801794212614,4,31.0,0.17889242179503,13,318.0,0.3359613205459525,3,9.0,0.17356791265627233,13,1031.0,0.23740662802003126,1,5.0,0.6721330221933554,193,10473.0
520.0,384,226,205,782,1166,0,2988.0,7.78125,3.605472462956522,36,1231.0,0.10760306822054709,12,1380.0,0.20271128975622602,27,1253.0,0.16180562888942315,1,4.0,0.5356532722289038,36,1987.0,0.024532011820958342,2,109.0,0.17349287886617581,13,559.0,0.10557236937347962,8,99.0,0.14795278563288222,5,105.0,0.33907934968603864,6,44.0,0.3801419264433815,24,2320.0,0.18891670115841303,0,22.0,0.7772724221260534,17,395.0,0.15341445898071643,3,24.0,0.5862836144528545,13,1013.0,0.14867728939825348,2,17.0,0.706107300760428,205,10562.0
525.0,377,226,197,797,1174,0,3006.0,7.973474801061008,3.8192277883171406,31,1238.0,0.1119963560388948,14,1447.0,0.17826033119562096,29,1397.0,0.13935805803170917,1,13.0,0.2745623255064183,31,1919.0,0.14696764560508674,7,54.0,0.21620075972496902,9,492.0,0.4010293540507122,9,146.0,0.3908751156891789,9,144.0,0.29157495607051886,6,74.0,0.3721568222990586,16,2399.0,0.25599396610578323,0,8.0,0.9146126849134951,22,499.0,0.14413171254031099,0,13.0,0.7804125929590775,13,1076.0,0.12459319182272542,0,6.0,0.6305401836872988,197,10925.0
530.0,377,234,175,805,1182,0,2833.0,7.514588859416445,4.009462557014261,22,1067.0,0.15789781404898104,23,1544.0,0.1373612100382949,30,1546.0,0.081706465417252,0,4.0,0.8608075787951442,22,1622.0,0.25895231381044864,1,38.0,0.5916434212248348,1,252.0,0.47870605532880806,9,193.0,0.474346229624937,9,189.0,0.29139377259374405,2,61.0,0.3691549777638248,13,2467.0,0.17526289190644181,2,7.0,0.5580889222291684,22,609.0,0.14886587285895947,0,0.0,0.6873225707956118,14,1144.0,0.20440696393192007,5,23.0,0.5316060813513599,175,10766.0
535.0,385,238,167,809,1194,0,2841.0,7.37922077922078,4.173211863181794,16,1157.0,0.18123659146375481,29,1675.0,0.10457871056690982,30,1696.0,0.11206183423337084,0,4.0,0.8889610819817481,16,1614.0,0.19746098972804937,0,14.0,0.8856362074509241,2,205.0,0.4219746793235682,9,238.0,0.30938886881921873,3,133.0,0.4256998450163638,3,18.0,0.44039398238995425,15,2535.0,0.11164661268112834,1,8.0,0.39669489490383153,22,721.0,0.13089065301110947,0,0.0,1.0,15,1047.0,0.2448575339633828,6,51.0,0.45907266963763055,167,11116.0
540.0,392,237,170,811,1203,0,2810.0,7.168367346938775,4.13911566498748,14,1235.0,0.17761851684395535,34,1835.0,0.0748019295916953,24,1636.0,0.1749762723105448,0,4.0,0.7384131640461362,12,1682.0,0.12093449233314514,1,5.0,0.7363231887395557,6,229.0,0.3111185568852773,12,288.0,0.10035250229989469,1,42.0,0.501609842342235,0,14.0,0.6444860083006,21,2627.0,0.1484235237186733,3,11.0,0.49804368984663255,22,833.0,0.17836722357803758,0,4.0,0.45897245097654193,14,844.0,0.20084959232778257,6,83.0,0.5399595805841315,170,11372.0
545.0,388,243,188,825,1213,0,3074.0,7.922680412371134,3.736303130017477,14,1304.0,0.15088100683592576,36,2015.0,0.09454746161988963,15,1346.0,0.17051991630232669,0,4.0,0.7970160287694276,15,1751.0,0.10038241083179479,2,14.0,0.5879203144477178,13,281.0,0.32166784031162055,17,366.0,0.26533946967638466,3,49.0,0.4501437460633499,0,2.0,0.9046361409548308,28,2753.0,0.15094085870934187,1,10.0,0.37783211443029374,25,950.0,0.02572379622911894,0,4.0,0.8452100668095263,13,898.0,0.10376650739199121,6,115.0,0.4241692887002278,188,11862.0
550.0,393,242,206,837,1230,0,3520.0,8.95674300254453,3.413472472814352,22,1399.0,0.13187127615810798,30,1973.0,0.11699881700560112,9,1402.0,0.16652654251489482,0,4.0,0.9182957341256431,21,1847.0,0.16160991055368906,1,7.0,0.39295592230757403,16,358.0,0.09671081236291783,17,451.0,0.29842639784877173,3,64.0,0.539684613300118,1,1.0,0.715901437672199,34,2909.0,0.13374902063099883,1,8.0,0.6364572896654019,28,1087.0,0.13626589640256545,0,2.0,0.8611157663878649,15,966.0,0.15401370597849642,8,152.0,0.292684557123293,206,12630.0
555.0,395,243,220,842,1237,0,3894.0,9.858227848101265,3.4232762684793094,29,1529.0,0.10292169000936843,21,1703.0,0.15907452206994302,9,1443.0,0.12123806053170798,0,0.0,0.6982786112595449,27,1973.0,0.19589137200127923,0,2.0,0.4711866836480358,21,453.0,0.1945501323778388,17,536.0,0.19951855815931563,3,81.0,0.6443268681717974,3,10.0,0.5007707970770992,32,2746.0,0.08450648241581189,2,11.0,0.24715415131778665,28,1227.0,0.2013601211758459,0,0.0,0.498058844007268,16,1038.0,0.1770035361947275,12,208.0,0.30451815448522895,220,12960.0
560.0,400,247,228,849,1249,0,4389.0,10.9725,3.449179517533114,36,1694.0,0.09146597265506883,14,1780.0,0.19875095993062059,16,1511.0,0.12590016758361938,0,0.0,0.898951470763175,34,2128.0,0.13322741006464725,3,5.0,0.4658461421684097,21,558.0,0.23153351691682733,17,621.0,0.04173603532559249,0,33.0,0.7433768511302308,0,7.0,0.5759274763916642,26,2250.0,0.14148582473094334,4,32.0,0.4818662617761555,28,1365.0,0.1061993125066336,0,4.0,0.44400968460453205,17,964.0,0.11197133247321762,12,268.0,0.1681307455763852,228,13220.0
565.0,399,254,225,859,1258,0,4932.0,12.360902255639099,3.7647996595964024,37,1876.0,0.09416873912616062,13,1848.0,0.19073298321523174,23,1611.0,0.20850060866629117,0,0.0,0.8824234014290404,36,2307.0,0.04136350967246757,4,24.0,0.560634510322088,21,659.0,0.11496545820040947,17,706.0,0.10176343726649684,2,8.0,0.6533326399367142,0,4.0,0.927553063243303,16,2207.0,0.1514568088188565,0,21.0,0.799821011120219,29,1509.0,1.4622455407570234e-05,0,4.0,0.8771269406481513,15,791.0,0.09867731749162854,12,332.0,0.29958213641735343,225,13907.0
570.0,392,253,201,875,1267,0,4806.0,12.260204081632653,3.4417688198907044,34,1878.0,0.09300516996389262,9,1695.0,0.1983520013624214,24,1730.0,0.20184391345493954,0,0.0,1.0,31,2227.0,0.038328872316091535,0,21.0,0.28245522962947034,21,764.0,0.04328163810274857,11,614.0,0.27597303761675945,1,8.0,0.478195957957784,0,4.0,0.8573641431431868,12,2258.0,0.14024849294005712,3,11.0,0.6510497807096708,29,1658.0,0.022829326807174637,0,4.0,0.9041180155036389,14,804.0,0.20885433147058982,12,392.0,0.31684318234359393,201,14068.0
575.0,391,261,181,884,1275,0,3976.0,10.168797953964194,3.8124311334656706,25,2007.0,0.11049812132548084,8,1362.0,0.19770742526618562,24,1850.0,0.0354833779419402,0,0.0,1.0,23,1932.0,0.1774430516752741,0,4.0,0.6651600204318521,21,869.0,0.17816907633258186,2,370.0,0.4176455647179551,2,15.0,0.7487742509621217,2,7.0,0.6141765197195774,15,2321.0,0.10723887404252566,6,30.0,0.2699690346641627,23,1601.0,0.17007404170794793,0,8.0,0.4725670645171835,14,868.0,0.24176797732231292,16,460.0,0.26092300374623767,181,13704.0
580.0,394,265,160,893,1287,0,3138.0,7.964467005076142,4.122799312080457,23,2122.0,0.13382070038510915,5,1314.0,0.24180451667677472,24,1970.0,0.0,0,1.0,0.49401390429458086,16,1823.0,0.28615573565331787,0,4.0,0.8528899834804015,15,800.0,0.2552967356578733,2,376.0,0.2646011336123213,2,25.0,0.7726139063942369,4,21.0,0.3660935617367544,15,2112.0,0.2063747182556466,7,73.0,0.1693632955350079,13,1321.0,0.2798173481527744,1,8.0,0.5303657744704932,14,926.0,0.18389095278194445,19,547.0,0.22247000601805506,160,13443.0
585.0,393,266,140,901,1294,0,2191.0,5.575063613231552,4.264458246364883,20,2228.0,0.1130698006929014,8,1346.0,0.23664950072873836,18,1836.0,0.06977412020660069,0,4.0,0.7587700418724791,12,1885.0,0.23718081151166212,1,5.0,0.6260033810834885,6,566.0,0.26063530600495616,9,405.0,0.2677871357971881,4,40.0,0.3721097496773839,1,20.0,0.49186397395199527,12,1637.0,0.26619017065577366,7,108.0,0.542153747872507,8,1286.0,0.2586132241608084,0,5.0,0.7402463672855443,15,872.0,0.09629803914838637,19,646.0,0.15592819892583232,140,12889.0
590.0,397,268,140,911,1308,0,1620.0,4.080604534005038,4.470246681612014,16,2116.0,0.13205373239722232,14,1404.0,0.20585831168943483,8,1339.0,0.31649793101302637,0,6.0,0.8898827584350552,14,1947.0,0.16926575059124718,7,25.0,0.32395194814921247,2,531.0,0.1978477088174928,10,454.0,0.30070850612502126,3,29.0,0.3894730002558493,1,9.0,0.5563241271374433,14,1569.0,0.1811605184685641,7,143.0,0.5664127933263334,8,1320.0,0.2240820577793938,3,8.0,0.3713393537448375,14,699.0,0.14431875887794832,19,741.0,0.22913385841346112,140,12340.0
595.0,403,271,157,918,1321,0,1803.0,4.47394540942928,4.1811904552392365,14,1806.0,0.16664263264321635,20,1494.0,0.2158495578058791,3,1359.0,0.3868526595565496,0,4.0,0.8861138695245614,20,2034.0,0.06505462570291043,8,65.0,0.2661078696980098,7,554.0,0.1414551608600557,7,367.0,0.19838068318389895,1,10.0,0.5757947847196488,1,10.0,0.7160154057600161,12,1637.0,0.14924192779480103,10,183.0,0.29634531795425934,15,1353.0,0.07816138199936323,6,37.0,0.1027401558999782,12,690.0,0.24662960551603882,21,838.0,0.12977354230476149,157,12441.0
600.0,398,271,183,931,1329,0,2287.0,5.7462311557788945,3.7839404058246915,13,1679.0,0.1894551894827537,21,1401.0,0.1332604230058626,10,1391.0,0.2665443036064125,1,11.0,0.23305940370057876,27,2159.0,0.08311613550286005,8,105.0,0.25557329638406173,13,611.0,0.2178560515696793,1,204.0,0.4691005306624532,1,7.0,0.470908437077184,1,9.0,0.8197061831956832,14,1704.0,0.11540322418052207,13,245.0,0.11879938416709702,21,1452.0,0.01757397928424121,0,35.0,0.5426662489604562,14,753.0,0.25249804079382077,25,955.0,0.18885241253656376,183,12721.0
605.0,392,275,190,949,1341,0,2793.0,7.125,3.853697401110568,10,1730.0,0.2319475636968752,18,1158.0,0.1733932687047457,15,1457.0,0.09640745407266216,0,10.0,0.5051198702003784,34,2315.0,0.1858980213424294,3,97.0,0.33163288407088704,14,685.0,0.2634446428790147,2,165.0,0.4586993130242763,1,10.0,0.8045966204611006,2,16.0,0.4958772555752011,15,1521.0,0.17200810931479787,14,317.0,0.030784667763995806,22,1564.0,0.18683795848065873,0,3.0,0.8614025898004147,14,815.0,0.17093064391366822,26,1084.0,0.18453137284697288,190,12947.0
610.0,395,278,184,959,1354,0,2732.0,6.916455696202532,4.128380695907999,12,1783.0,0.211276376959044,11,1222.0,0.20602376341306874,17,1545.0,0.04967502263568525,0,4.0,0.8765784136462955,36,2490.0,0.18396093935817903,3,45.0,0.3576051314535041,8,620.0,0.44153317808454207,7,189.0,0.13262109515862447,1,15.0,0.8375302814790473,7,44.0,0.29977572233531435,11,1122.0,0.2666818432824745,14,392.0,0.2795771972893543,16,1457.0,0.2550008881624016,0,4.0,0.7099090860416624,21,906.0,0.07312336984980912,20,1036.0,0.1657522951057866,184,12874.0
615.0,401,275,164,964,1365,0,2175.0,5.423940149625935,4.001304502187259,19,1865.0,0.13740820704563053,10,1270.0,0.2065870635803117,17,1630.0,0.23275311025685658,1,3.0,0.7087834736849382,36,2670.0,0.10813805242504337,1,25.0,0.22024133054474787,3,365.0,0.32683587319308655,5,124.0,0.45415882329489804,0,3.0,0.7502962938450515,9,90.0,0.3151332373577633,11,1174.0,0.20410736299467327,8,359.0,0.3212247063506322,7,1121.0,0.24767750683252962,0,4.0,0.8880254667252263,22,870.0,0.07177158012059648,15,736.0,0.09964941465986737,164,12309.0
620.0,403,279,154,974,1377,0,2116.0,5.250620347394541,4.2485873510242635,27,1984.0,0.08809887282935867,15,1332.0,0.14373593489161715,18,1720.0,0.12152148318080937,1,5.0,0.774731113759178,36,2850.0,0.04977056522698774,1,27.0,0.3294574908297533,3,376.0,0.17803520115832103,1,45.0,0.655754532086904,1,1.0,0.5725598058192587,9,135.0,0.47233744098752145,14,1243.0,0.2141261489347715,4,221.0,0.47004485476653673,2,1043.0,0.33260345282425957,0,4.0,0.9151181719784639,18,729.0,0.20138802636011557,4,707.0,0.2613606492229195,154,12422.0
625.0,409,283,177,980,1389,0,2360.0,5.770171149144255,4.0084636635021855,26,1887.0,0.13768235734450654,21,1431.0,0.1489597439366155,23,1826.0,0.17193889617506766,1,10.0,0.6310990989305968,32,2746.0,0.02098329142372824,1,36.0,0.6537724257132633,8,393.0,0.08729965557084282,2,35.0,0.5525757373575881,0,0.0,0.751394008344192,9,178.0,0.3940008377295713,16,1316.0,0.12710119953730126,3,203.0,0.36267239570427584,10,1077.0,0.221839187914636,1,1.0,0.6755250931404367,16,812.0,0.2433015524186303,8,715.0,0.18794611846790768,177,12666.0
630.0,406,283,202,991,1397,0,2551.0,6.283251231527093,3.7148225352620736,23,1582.0,0.15782790606316874,26,1543.0,0.16048988957686328,25,1950.0,0.24344564249276446,0,0.0,0.0328743767636942,23,2361.0,0.1773520605611954,1,41.0,0.7852953847353987,14,449.0,0.0005959648273595731,7,59.0,0.30726773342513103,0,0.0,0.9450167916652754,13,235.0,0.19825816118769424,16,1178.0,0.05370424284353301,8,234.0,0.1855959061818462,14,1139.0,0.19994520709976996,3,10.0,0.2457212118277096,15,889.0,0.19111261425070108,14,764.0,0.26800943211828215,202,12434.0
635.0,401,291,221,1004,1405,0,3012.0,7.511221945137157,3.701124607571214,18,1346.0,0.2163779090343833,32,1692.0,0.08953137494708859,25,2071.0,0.13971341021177136,2,11.0,0.16407662311257998,17,2323.0,0.2631227024981885,1,38.0,0.794845512088738,14,519.0,0.2106562295425229,10,107.0,0.1558030177306028,1,2.0,0.5989140985772338,16,312.0,0.18803796961577998,16,874.0,0.08073332106583457,13,292.0,0.33141091725160055,21,1231.0,0.17054001473722877,0,12.0,0.4522889700848282,16,964.0,0.12883988208338848,19,849.0,0.22949874961144456,221,12643.0
640.0,400,294,207,1018,1418,0,3208.0,8.02,3.4046398153011626,9,1396.0,0.24892956139164296,37,1868.0,0.09423448035630848,25,2196.0,0.035803931690491925,0,4.0,0.7960651297385032,15,2397.0,0.2061959620008077,0,0.0,0.560723441475883,8,435.0,0.396633790070343,5,105.0,0.12905204319593008,3,15.0,0.43370525833488555,16,392.0,0.19027777628458403,13,773.0,0.14216068077576668,13,357.0,0.29669060517543533,16,1122.0,0.04638725626190745,0,2.0,0.7707378510232021,23,1069.0,0.05420435075642637,24,961.0,0.17842207201985913,207,13092.0
645.0,396,297,171,1027,1423,0,2492.0,6.292929292929293,3.8881590214756017,9,1422.0,0.2512269124719582,31,1809.0,0.08969493214766436,19,2006.0,0.08107203578460752,0,6.0,0.8148541164755088,15,2463.0,0.1616351633155148,2,10.0,0.6378787892763559,1,179.0,0.5846179441764315,1,55.0,0.6850315069429443,0,15.0,0.48509006282478506,10,374.0,0.1980435342793518,12,835.0,0.21947166013120792,11,326.0,0.15140055762171833,10,794.0,0.18695139189029178,0,2.0,0.8609978105395346,31,1202.0,0.0585786168546571,19,903.0,0.10277898303239377,171,12401.0
650.0,404,295,143,1037,1441,0,1611.0,3.987623762376238,4.269855879668697,17,1494.0,0.1868628538193566,23,1499.0,0.16483634355249088,10,1371.0,0.23680349845806625,0,4.0,0.8871732634515025,21,2552.0,0.08769471046696195,0,3.0,0.3665589032915696,1,114.0,0.31736454078586,3,44.0,0.7129682206766219,0,4.0,0.8668492657247946,3,249.0,0.3776755358284221,13,890.0,0.24698476464961008,6,212.0,0.1441474414925021,3,808.0,0.4229823380838977,1,3.0,0.6666617157825926,31,1202.0,0.05449386072401955,11,685.0,0.18661092125336143,143,11134.0
655.0,413,296,148,1043,1456,0,1381.0,3.343825665859564,4.207580935093855,25,1603.0,0.1186141040060149,16,982.0,0.20276765957182008,7,1404.0,0.23501487559364045,2,7.0,0.7194677434572571,27,2672.0,0.01602565868139287,0,4.0,0.43863198345768845,7,133.0,0.14151875031174932,5,58.0,0.41346805434297557,0,4.0,0.9380907043096833,1,174.0,0.3885664999591934,18,967.0,0.14315178820417748,2,195.0,0.19197597702122268,10,833.0,0.3300341050533993,3,15.0,0.3892359943934687,24,1072.0,0.1464684837767418,1,572.0,0.32435220075258275,148,10695.0
660.0,411,296,184,1053,1464,0,1732.0,4.214111922141119,3.890231836435928,27,1722.0,0.08933441061162206,5,1016.0,0.2646238101374108,9,1441.0,0.30035987453355834,3,18.0,0.4299376143930255,34,2826.0,0.0015517011695038783,1,7.0,0.6331654910853725,13,189.0,0.06553184490052569,10,96.0,0.16407042159171906,1,1.0,0.7414857577192586,8,195.0,0.3640278967521243,25,1083.0,0.04058789569478674,8,222.0,0.0740003501877006,16,895.0,0.1724554368998405,0,9.0,0.6281759242983018,16,825.0,0.28264728169803305,8,590.0,0.26969096945473875,184,11135.0
665.0,401,304,206,1071,1472,0,2295.0,5.723192019950124,3.7772432177430026,35,1878.0,0.10437563937949551,6,1021.0,0.3073702480313037,15,1495.0,0.28431241222758724,0,8.0,0.45786236805793556,36,3007.0,0.010039203481014364,2,14.0,0.5584198187714425,15,261.0,0.23629758963712,4,89.0,0.13837261543473395,3,9.0,0.6506178082915415,8,234.0,0.5505954514494087,31,1222.0,0.13006338785036403,14,282.0,0.24131766860807527,23,995.0,0.039835190575454246,1,9.0,0.7424990843060448,6,850.0,0.3171499816949091,7,501.0,0.2035766058966111,206,11875.0
670.0,397,308,204,1087,1484,0,2711.0,6.828715365239295,3.451746639974632,32,1821.0,0.11052464585762846,12,1071.0,0.24112565449411918,20,1586.0,0.2522372779361026,3,16.0,0.6274562485514443,31,2860.0,0.12944792830785912,0,5.0,0.16114799130790516,15,330.0,0.22926274161466892,1,40.0,0.5580292457908039,2,7.0,0.4594532742191945,3,182.0,0.44455755419780596,36,1396.0,0.13510754111936107,14,350.0,0.3426419401388499,23,1112.0,0.019306577089267214,1,10.0,0.6969679628367039,7,878.0,0.2602149247462602,4,311.0,0.12579708018824406,204,11975.0
675.0,403,306,197,1091,1494,0,2775.0,6.8858560794044665,3.645569341861934,25,1524.0,0.14545682996642878,19,1155.0,0.20133561258474156,27,1708.0,0.060956788979326194,3,29.0,0.5859323339560361,22,2369.0,0.23458764663179066,0,8.0,0.6785928652841566,15,405.0,0.3117279485617389,3,41.0,0.5384517000653962,3,16.0,0.5567105045695799,1,64.0,0.3735433555752392,32,1353.0,0.05163580085355381,14,420.0,0.28956987697384573,17,972.0,0.1879447751316693,1,19.0,0.573505429884368,13,931.0,0.11985815951376196,2,312.0,0.2203843360134042,197,11326.0
680.0,411,310,189,1095,1506,0,2713.0,6.600973236009732,4.06768190081346,14,1492.0,0.17160886329953165,26,1269.0,0.11949328475646312,31,1858.0,0.027886179462436583,1,13.0,0.7029563519157773,17,2458.0,0.18149835189353175,0,8.0,0.9126828864375737,15,480.0,0.28402973335126797,4,57.0,0.40397192951715316,0,6.0,0.7111492697583,1,8.0,0.4460869129627438,28,1171.0,0.0783480045682117,14,492.0,0.3849973696508613,8,625.0,0.3676938029579326,1,26.0,0.6584049853014221,21,1020.0,0.06850105843277253,8,343.0,0.30557013614858125,189,11326.0
685.0,410,316,193,1106,1516,0,2635.0,6.426829268292683,3.7516843835174556,12,1545.0,0.20892099048889778,31,1416.0,0.11125287940785229,32,2018.0,0.051823098264134906,3,8.0,0.22072229023961498,15,2533.0,0.13344320220898126,0,8.0,0.5608161494806122,15,555.0,0.18579941870483216,4,77.0,0.30185481165274314,3,6.0,0.5099517619404522,6,30.0,0.4221762025116172,17,1263.0,0.19861934852952215,9,434.0,0.33170443061664984,2,548.0,0.28209763850494757,0,6.0,0.8880608123794782,28,1146.0,0.03666445900959586,16,406.0,0.20225199101371175,193,11999.0
690.0,402,318,191,1120,1522,0,2584.0,6.4278606965174125,3.701257459545912,14,1609.0,0.16327062012154614,32,1575.0,0.10800723432948102,26,1848.0,0.16885333280421538,2,19.0,0.1616319233365253,15,2606.0,0.07686440936585984,5,20.0,0.3895652199391689,15,630.0,0.06212462098908057,4,97.0,0.0,0,4.0,0.5867435365373007,3,41.0,0.41775777136037084,12,1305.0,0.2636154103010839,7,290.0,0.24444954122617574,8,578.0,0.2774053603227104,0,2.0,0.8543524395873744,26,1138.0,0.1475689625356578,22,507.0,0.1508142571667435,191,12269.0
695.0,407,318,175,1131,1538,0,2547.0,6.257985257985258,3.908836788108601,20,1701.0,0.1335370333974843,26,1511.0,0.12327220780165127,16,1356.0,0.22380971918759374,0,8.0,0.7408678891700261,23,2705.0,0.04319046887572116,0,20.0,0.5777081974541857,15,709.0,0.05924172695152041,0,56.0,0.6947843775803156,0,4.0,0.7848531424094972,1,20.0,0.4393150455574268,13,1192.0,0.21533331602809655,1,269.0,0.28121177546862963,14,634.0,0.23975846050299313,2,2.0,0.321413580315552,22,941.0,0.21041642309846323,22,621.0,0.16744800445235705,175,11749.0
700.0,406,321,191,1145,1551,0,2768.0,6.817733990147783,3.7471245668376163,27,1823.0,0.11138242379262472,19,1245.0,0.20475182858423013,11,1276.0,0.16217730363017632,2,7.0,0.7326933890779426,30,2841.0,0.04889947301839299,2,6.0,0.549715189204643,15,784.0,0.26706857814460283,0,2.0,0.831942544970631,0,4.0,0.7267353257448713,4,21.0,0.4584543579397027,14,921.0,0.12939385844666565,7,287.0,0.3152587306521874,19,719.0,0.1870568646525332,3,16.0,4.9134797697715304e-05,13,954.0,0.1517857686680932,25,737.0,0.16140041804448305,191,11643.0
705.0,400,323,198,1157,1557,0,2895.0,7.2375,3.3732517135324973,33,1980.0,0.07494069998737457,10,1226.0,0.1990194752373285,8,1326.0,0.2086308085466275,3,22.0,0.4838725933058632,30,2652.0,0.15118275154511923,0,9.0,0.4035970227633636,17,861.0,0.23119828343031906,0,0.0,0.7744173899690737,3,13.0,0.6981509054904097,1,17.0,0.44078343734015096,13,967.0,0.17329500676860127,13,340.0,0.18332694838886662,23,826.0,0.04027568935808566,3,35.0,0.17927754575817773,11,1015.0,0.12920447506240856,30,876.0,0.1739189911898222,198,12165.0
710.0,403,327,180,1166,1569,0,2842.0,7.052109181141439,3.690470118271789,31,1882.0,0.10880351687707118,7,1264.0,0.255087587359392,14,1385.0,0.21463322665924206,3,18.0,0.1754641799707803,22,2183.0,0.1765097185223913,0,4.0,0.8364282723080905,20,955.0,0.22655891671982853,0,4.0,0.3880808552095371,1,9.0,0.473302025111417,0,1.0,0.7672712591920173,9,988.0,0.16405337148573146,13,307.0,0.24133730780221715,18,742.0,0.09231114668465847,0,20.0,0.7007680748638035,12,1067.0,0.22917378070109645,30,1024.0,0.09579180928692103,180,11853.0
715.0,406,331,170,1175,1581,0,2968.0,7.310344827586207,4.3927241092231,23,1540.0,0.17274837903936005,14,1327.0,0.22939779568303012,21,1478.0,0.09731877286644312,2,15.0,0.34521044431736714,15,1999.0,0.13501476050657732,0,4.0,0.7973283025845237,21,1059.0,0.17134407428120307,0,4.0,0.8729021853559503,4,19.0,0.4197992248608637,0,0.0,0.8974601247586789,14,1020.0,0.13234392023736727,4,171.0,0.4595866817538969,8,568.0,0.39557270865661387,0,8.0,0.8556667409147007,14,1001.0,0.285091160169763,30,1178.0,0.027025664903819496,170,11391.0
720.0,406,329,165,1185,1591,0,2657.0,6.544334975369458,3.9858066962906094,17,1244.0,0.20873201886982237,21,1419.0,0.14007624893315235,25,1601.0,0.017933289845775798,1,2.0,0.5745600154600294,12,2065.0,0.11184084037820999,3,7.0,0.6248203947833717,15,983.0,0.26373246956402174,0,6.0,0.8427326231227205,1,21.0,0.4446105545954794,0,2.0,0.6916471727762414,16,963.0,0.07033043939406279,3,142.0,0.4669385444361867,7,540.0,0.3067404187978944,0,4.0,0.843464986019799,14,807.0,0.22031055233290317,30,1328.0,0.09411775543200991,165,11134.0
725.0,408,334,158,1194,1602,0,1969.0,4.825980392156863,3.6418816750050906,8,1285.0,0.2172736638859464,27,1546.0,0.10716172421238493,19,1402.0,0.18101339165258926,1,9.0,0.718291087780535,13,2126.0,0.13073452437238597,2,7.0,0.16130385730813024,8,707.0,0.26903526868155625,0,4.0,0.7621483747387007,3,14.0,0.458166971059218,1,9.0,0.7324151273797224,14,794.0,0.10521158163267351,9,173.0,0.38156272370546324,8,568.0,0.1865400114829215,1,5.0,0.48923891710257933,15,865.0,0.08881444043496471,29,1297.0,0.17242148982637565,158,10811.0
730.0,416,336,152,1200,1616,0,1634.0,3.9278846153846154,4.214666705260628,9,1310.0,0.2665416741997208,34,1703.0,0.10107945554011429,9,1054.0,0.3891660604456675,0,4.0,0.8252758870064244,13,1919.0,0.21533533083890055,4,25.0,0.17018852275432153,4,730.0,0.1401073904015456,0,6.0,0.7720673857102694,0,8.0,0.5475016528281099,0,4.0,0.811689769595951,10,723.0,0.2388001664660442,13,233.0,0.27439976959093315,14,630.0,0.07125705149951075,6,28.0,0.09875685173023697,16,932.0,0.1170465830260426,20,1094.0,0.2837655699048834,152,10403.0
735.0,418,334,163,1208,1626,0,1639.0,3.9210526315789473,4.134550127326103,16,1377.0,0.1892939560929999,35,1878.0,0.09582476531499408,8,1011.0,0.2292021811678524,0,4.0,0.836180094989145,10,1462.0,0.3147971620740511,1,24.0,0.6089224937294019,9,762.0,0.17922096041906688,2,10.0,0.5329071452065193,0,0.0,0.7342523007288728,2,7.0,0.4577716141007031,10,770.0,0.2869722263947554,13,237.0,0.16585505403323764,19,719.0,0.18350946400839413,7,63.0,0.4349237119541821,16,1002.0,0.16765533724103665,15,1106.0,0.21897481534515817,163,10432.0
740.0,429,333,192,1214,1643,0,2069.0,4.822843822843823,3.913486848175224,22,1478.0,0.11121349279293646,35,2053.0,0.09691898098184709,7,1045.0,0.16057174568598834,3,9.0,0.29585043285658486,12,1394.0,0.2489946369456521,1,9.0,0.8484025516662501,16,830.0,0.30370422333268876,6,30.0,0.5513917513431383,1,4.0,0.585656797000076,6,30.0,0.3813209639972607,12,822.0,0.27163307701536693,6,164.0,0.24897132171576075,23,833.0,0.2904771728544196,7,96.0,0.4304327239692861,22,1099.0,0.16463929455820459,13,1171.0,0.14641998075985319,192,11067.0
745.0,431,336,212,1225,1656,0,2436.0,5.651972157772621,3.0640457869454534,30,1611.0,0.1240969583273347,29,1995.0,0.11064932081946292,13,1098.0,0.12500172072524224,7,34.0,0.12306166016620022,13,1461.0,0.2144881359765926,2,6.0,0.6303307660427049,15,736.0,0.20343648383147706,6,60.0,0.447180933696595,4,20.0,0.45698002064158494,6,60.0,0.4363894347383516,14,764.0,0.1482089059882625,3,175.0,0.30366551030881406,26,950.0,0.10130329028474197,2,81.0,0.25770368533831944,28,1228.0,0.10310515112951801,14,1232.0,0.1052575117874206,212,11511.0
750.0,437,334,224,1229,1666,0,2519.0,5.7643020594965675,3.2696052527582204,31,1559.0,0.10719865368447848,22,1706.0,0.1882968979952227,20,1180.0,0.16812722899979798,1,35.0,0.19403165018452273,15,1528.0,0.18951260566541542,6,29.0,0.4130115465287636,10,484.0,0.13901853583606116,6,92.0,0.5231663935836447,0,15.0,0.6539966093318265,0,47.0,0.4379962045825654,16,606.0,0.11074309132803749,9,205.0,0.3134579640047864,30,1094.0,0.014432384898185484,6,34.0,0.25736986927149175,30,1217.0,0.05878792308386208,22,1332.0,0.16187592197672995,224,11163.0
755.0,445,336,213,1235,1680,0,2612.0,5.869662921348315,3.4255049801920676,26,1696.0,0.09073413863369721,15,1672.0,0.19528797169728904,25,1298.0,0.1632026945221247,1,13.0,0.35465904346676314,16,1372.0,0.07767315713809597,7,68.0,0.2261886012678795,4,509.0,0.18874043684879058,6,122.0,0.37456634122597715,0,4.0,0.8926335723467358,2,7.0,0.49503104010549953,13,619.0,0.11184180842572204,14,272.0,0.1385055985518497,30,1246.0,0.13618770249974502,1,39.0,0.22275863146015135,25,1044.0,0.09864068442379617,28,1456.0,0.19590051799295052,213,11437.0
760.0,441,343,205,1248,1689,0,2774.0,6.290249433106576,3.6228911296278214,23,1812.0,0.12479000197709002,12,1733.0,0.20885639887803872,25,1423.0,0.08299874589730205,0,4.0,0.8690789036755312,14,1021.0,0.09247747690415087,7,103.0,0.5073943657492147,8,518.0,0.17964933782559353,8,159.0,0.07459674377477785,0,4.0,0.5477599057328372,0,2.0,0.5680472327637524,14,670.0,0.14525148892589174,14,282.0,0.23812090945177253,30,1398.0,0.220764422211764,1,9.0,0.45592520863694547,15,1063.0,0.2148031623425433,34,1608.0,0.053296914684016455,205,11809.0
765.0,428,345,206,1267,1695,0,3147.0,7.352803738317757,3.6090289143902505,21,1913.0,0.11545876172823007,11,1591.0,0.20524195562035116,25,1548.0,0.1281321499149683,0,4.0,0.9182963328381145,12,1078.0,0.15435418021794642,7,138.0,0.5115919438307363,14,576.0,0.26230135740403143,12,216.0,0.07318298207133771,6,28.0,0.3086519510555592,0,0.0,0.8876858111217193,14,731.0,0.21628166598910695,5,205.0,0.33871050185714163,30,1546.0,0.15276108820510825,0,4.0,0.846163249970813,13,1134.0,0.2758101017722586,36,1786.0,6.227751582715127e-05,206,12498.0
770.0,420,349,203,1287,1707,0,3353.0,7.983333333333333,3.270231398146997,17,1795.0,0.14416703429675176,8,1254.0,0.21295047787468127,19,1433.0,0.2661176864707571,0,4.0,0.7174824902887721,14,1139.0,0.15398659724531674,11,182.0,0.13916771402527905,17,660.0,0.21293299723575812,6,192.0,0.3333335678837855,1,33.0,0.6355361042212544,0,0.0,0.9630118263699843,20,823.0,0.18326294883176034,3,214.0,0.2702400130447243,36,1711.0,0.05135993973257206,0,4.0,0.9268617244721901,15,1202.0,0.15803314417580994,36,1966.0,0.038516050133993326,203,12612.0
775.0,431,352,203,1289,1720,0,3510.0,8.14385150812065,3.411248182455679,16,1490.0,0.1833227665435766,5,1275.0,0.23191551317277614,11,1110.0,0.28634671727058164,0,4.0,0.8419728419152558,15,1202.0,0.0717643569573866,13,245.0,0.06822806557205395,12,545.0,0.07096749430559526,1,79.0,0.6129310571005131,2,13.0,0.6746322476330969,0,4.0,0.8981345831660794,27,947.0,0.07478897829112197,8,249.0,0.07651080693014825,36,1891.0,4.6256467777815864e-07,0,0.0,0.8121548471579861,27,1311.0,0.10767852571480761,30,1926.0,0.1602528433760811,203,12291.0
780.0,432,350,196,1298,1730,0,3160.0,7.314814814814815,3.3095758256098446,13,1460.0,0.1769578715781545,10,1302.0,0.19830871197072444,3,1060.0,0.27952598553736596,0,4.0,0.8975149914703496,16,1072.0,0.08268335927719916,13,314.0,0.06408408711037353,5,347.0,0.17986427991351675,3,83.0,0.5179620297940786,3,16.0,0.3355801618802502,0,4.0,0.8933764062744681,35,1105.0,0.0009715928677258008,15,308.0,0.25171794285798593,30,1849.0,0.051002672535705326,0,4.0,0.7244814933128498,30,1445.0,0.1238030590205354,20,1685.0,0.18809001865026156,196,12058.0
785.0,433,357,195,1306,1739,0,3062.0,7.071593533487298,3.7242672363774014,13,1511.0,0.19826636009828383,14,1362.0,0.19051810129448177,8,1086.0,0.1951390774913352,0,0.0,0.7811954125679965,12,780.0,0.20372795375590314,13,381.0,0.2720461733926078,3,351.0,0.3782348321370481,6,109.0,0.43343222564981054,7,39.0,0.3472846479931903,1,4.0,0.5816774894667774,36,1287.0,0.08251961678705985,15,383.0,0.3021417928699158,20,1560.0,0.22415904289742558,1,5.0,0.7950201951799943,33,1577.0,0.1112286859404116,13,1681.0,0.1416460214957321,195,12116.0
790.0,439,361,202,1312,1751,0,2913.0,6.635535307517085,3.5025640297413694,11,1382.0,0.20839882213052627,14,1228.0,0.16224848892843732,14,1142.0,0.062113106691396684,1,1.0,0.21961096340474334,13,841.0,0.2878687671391711,13,446.0,0.3049267612018133,9,371.0,0.43654057051128575,10,148.0,0.09270057277412479,7,78.0,0.36518917504560666,0,3.0,0.5564297988203978,30,1289.0,0.12766034206137553,16,463.0,0.2076683404223012,14,1545.0,0.27713460116010913,2,12.0,0.6743247953978422,36,1747.0,0.0589820417431781,12,1743.0,0.10453066970600015,202,12439.0
795.0,442,359,192,1319,1761,0,2591.0,5.861990950226244,3.669397991588023,11,1096.0,0.19007512407319438,13,915.0,0.18659509574818112,21,1230.0,0.10902539605483416,2,15.0,0.28059121545996696,14,909.0,0.24612461259305055,18,525.0,0.2299877362024642,11,425.0,0.3215692155892589,6,135.0,0.3825588014878057,1,66.0,0.5789206379124754,1,7.0,0.6707812819547337,22,1110.0,0.15051592758682686,15,539.0,0.24404705395181728,12,1602.0,0.20311594476335915,0,4.0,0.688919205086768,32,1721.0,0.0158170467390809,13,1808.0,0.12349914435928408,192,12107.0
800.0,436,366,197,1334,1770,0,2718.0,6.23394495412844,3.816623255098744,10,1141.0,0.17096757312097238,12,892.0,0.18940653079897324,25,1351.0,0.2018211473300388,2,25.0,0.47491011028142716,15,977.0,0.17806074402900843,19,618.0,0.08755671705244664,11,480.0,0.07210291491286491,0,37.0,0.6928515387155685,3,23.0,0.6933540327697024,0,4.0,0.809154345161891,17,844.0,0.14759095110957804,16,612.0,0.24145491942862446,15,1666.0,0.12017119389533078,5,16.0,0.5105105033602074,25,1502.0,0.0618952285194245,22,1902.0,0.1886505967378514,197,12090.0
805.0,442,368,191,1342,1784,0,2806.0,6.34841628959276,3.4630880316422954,11,1166.0,0.1901926554323332,11,951.0,0.18692838037751566,19,1258.0,0.20119060575117403,0,4.0,0.929455480605562,16,888.0,0.06597133752477567,19,717.0,0.039301708387379924,11,535.0,0.0,1,28.0,0.31973083165066374,1,21.0,0.4118911352246198,1,7.0,0.739174990030638,6,892.0,0.3119411571442255,22,709.0,0.18301045013858327,21,1764.0,0.029174643507653652,6,44.0,0.23507783632806117,18,1587.0,0.09149133998299129,28,2031.0,0.1949405919120622,191,12602.0
810.0,431,372,202,1357,1788,0,2917.0,6.767981438515081,3.589271272778963,16,1234.0,0.15238926155629148,8,831.0,0.22209679490278755,12,934.0,0.1237633817982249,2,10.0,0.7414624436541553,15,685.0,0.13073046897930599,19,812.0,0.27318178339696825,5,438.0,0.06905249486739135,4,50.0,0.1260472137065429,7,41.0,0.3528193948882691,2,10.0,0.38110367772806936,8,909.0,0.3927979948413905,27,832.0,0.17392553286056178,27,1892.0,0.14808550738839374,1,44.0,0.2078566750631029,16,1669.0,0.19322107361729476,33,2185.0,0.13077542026317127,202,12576.0
815.0,434,370,197,1372,1806,0,3254.0,7.497695852534562,3.689358940555937,22,1330.0,0.1293919991649332,5,514.0,0.22611905739005006,8,976.0,0.13844409105467873,0,4.0,0.7402911995589977,14,690.0,0.1325198987093308,21,909.0,0.21156791581410486,0,224.0,0.41357816023382604,0,34.0,0.6506737937939361,2,40.0,0.5353477910502547,6,31.0,0.39193303912039584,13,964.0,0.2978725055729466,27,966.0,0.06409238751330372,29,2037.0,0.16113162370207634,2,15.0,0.6323039285812705,13,1643.0,0.27249172161626095,35,2362.0,0.15294223306943444,197,12739.0
820.0,443,370,204,1379,1822,0,3848.0,8.686230248306998,3.6685878956173923,23,1246.0,0.1329281284861261,4,527.0,0.2554784793816592,9,975.0,0.2362075483899689,1,9.0,0.33287466674018423,15,747.0,0.09371052211146416,25,1024.0,0.1843853508043065,2,133.0,0.5890037977899316,0,8.0,0.8890062281760933,3,16.0,0.6329291872985631,0,28.0,0.6788109634659892,15,924.0,0.1314618477186909,27,1109.0,0.05623564151204344,29,2178.0,0.05911559717901955,0,4.0,0.8699035520661581,15,1710.0,0.17225318741072282,36,2538.0,0.12783255744147057,204,13176.0
825.0,446,370,206,1384,1830,0,4282.0,9.600896860986547,3.677791046602174,21,993.0,0.15056002773063618,7,556.0,0.26378367087197213,15,1036.0,0.2033312346888229,0,4.0,0.5982284166297127,8,681.0,0.14730694194972124,26,1155.0,0.1739111062171507,3,147.0,0.6618590534647649,0,4.0,0.9026474946740708,0,10.0,0.39188396103569617,2,8.0,0.7547077546470564,17,786.0,0.10435511089317147,27,1244.0,0.19393362894690366,24,2073.0,0.03437046177884256,0,2.0,0.7554603271779625,20,1802.0,0.07110788567033842,36,2718.0,0.0924457832760827,206,13219.0
830.0,450,371,210,1395,1845,0,4526.0,10.057777777777778,3.597343380526631,15,921.0,0.2097157162946124,16,617.0,0.17401546959418096,19,1128.0,0.1034835227381903,0,2.0,0.8944638339485663,5,514.0,0.26305829293670147,26,1285.0,0.21272309587597626,3,158.0,0.6363906979309306,0,0.0,0.4100656458088635,5,21.0,0.3380903902994708,1,5.0,0.4489628264324736,19,723.0,0.12054051292987832,31,1387.0,0.16753555164681194,14,1723.0,0.2352173789930164,0,8.0,0.5789412382605909,25,1920.0,0.05947705795143506,31,2637.0,0.014318794948825004,210,13049.0
835.0,446,378,214,1408,1854,0,4677.0,10.486547085201794,3.6815575631814768,11,979.0,0.2371748518209987,22,715.0,0.12979858951024173,19,1225.0,0.18896229900194417,1,3.0,0.4638049202339863,4,497.0,0.30268190826869873,30,1427.0,0.059177681855363685,3,173.0,0.5971470210403509,3,13.0,1.5694545267347373e-05,7,55.0,0.35509012940517404,7,28.0,0.32921576940996383,11,776.0,0.2298311816536734,35,1554.0,0.09656595936950754,6,1761.0,0.32388651765482873,2,18.0,0.7776724477940821,30,2067.0,0.0335870575496783,23,2286.0,0.1688792656499099,214,13577.0
840.0,439,380,224,1421,1860,0,5173.0,11.783599088838269,3.367054430332844,7,872.0,0.23578910619144267,29,849.0,0.1271726402490687,21,1324.0,0.1708754856475617,5,22.0,0.11209753966286194,9,526.0,0.21528972202467966,33,1592.0,0.012394851700451017,3,188.0,0.4808470464744019,0,7.0,0.1450149913128565,7,90.0,0.3446906376997265,8,68.0,0.26277956241509903,12,781.0,0.24160679761336537,36,1734.0,0.09782473790409843,8,1792.0,0.28268608280808866,0,6.0,0.6539460639743874,32,2224.0,0.12170094774198048,14,2238.0,0.2298316852856542,224,14313.0
845.0,443,380,234,1433,1876,0,5339.0,12.051918735891649,3.2749459049661995,9,688.0,0.20012836903213857,31,1004.0,0.10129964835573678,25,1442.0,0.22286613793328217,1,30.0,0.5428159543013976,14,588.0,0.12495517576939902,33,1759.0,0.11949421066543121,3,203.0,0.0,0,2.0,0.48767686300498647,1,76.0,0.442958193131808,3,72.0,0.3824974743208894,18,839.0,0.10006386545780399,30,1711.0,0.11863270624571194,15,1806.0,0.1429849492662803,5,16.0,0.3978623991667417,36,2395.0,0.21378566305440988,10,2290.0,0.21006982862443999,234,14921.0
850.0,448,379,231,1445,1893,0,5170.0,11.540178571428571,3.340643646077723,6,707.0,0.19760735262224768,29,1010.0,0.11907310244418448,20,1293.0,0.23150309726218796,0,8.0,0.8053691598627808,15,566.0,0.17025890089364562,33,1926.0,0.18619729532356816,3,218.0,0.0,0,4.0,0.8362331527520009,2,23.0,0.489467602798303,2,33.0,0.6606052870454839,25,952.0,0.04981438431080387,22,1477.0,0.13588289917882226,23,1902.0,0.15577042131322,1,17.0,0.19618543933962387,36,2571.0,0.16651163157475388,14,2352.0,0.1523955587251438,231,15059.0
855.0,444,380,226,1456,1900,0,5050.0,11.373873873873874,3.2518517908364983,11,741.0,0.16605710070776034,22,845.0,0.1510309409424365,14,827.0,0.1720521064628457,0,4.0,0.8542221399515224,16,593.0,0.23777761819236043,34,2090.0,0.11814185146745108,0,69.0,0.2731575111513835,0,6.0,0.8484020107566486,0,6.0,0.6887174534977453,0,6.0,0.7855736577540287,32,1093.0,0.12416376801581956,14,1550.0,0.08885322722010468,26,2024.0,0.020028236257228545,3,15.0,0.18276145497289184,36,2751.0,0.07200399972861504,18,2176.0,0.031650194163640406,226,14796.0
860.0,445,386,219,1465,1910,0,5222.0,11.734831460674158,3.544601531065562,17,815.0,0.15833570855038798,14,854.0,0.18538629286352218,7,777.0,0.24241842314708115,0,8.0,0.6613223957768635,19,669.0,0.2033370904275829,36,2268.0,0.02661731718693622,0,4.0,0.5295483057258922,0,4.0,0.8238009809213653,0,4.0,0.8513542906655812,1,5.0,0.49092678328725425,36,1267.0,0.1595233605997738,12,1614.0,0.0981890531548726,29,2168.0,0.1373564572257164,0,8.0,0.7717915189360369,36,2931.0,2.4230061931451065e-07,12,1766.0,0.24410516291411347,219,15162.0
865.0,447,389,219,1476,1923,0,5513.0,12.333333333333334,3.5638536339260702,24,921.0,0.11595160387431742,10,911.0,0.22734688295812178,6,785.0,0.18708408716494754,2,13.0,0.688308088651096,18,768.0,0.13262364244346217,36,2450.0,0.01257551755253954,0,4.0,0.8920866154248221,0,4.0,0.8189610936345388,1,2.0,0.7025333691227822,1,4.0,0.5072159094119056,36,1445.0,0.11563329537766931,16,1678.0,0.19516617686797672,29,2313.0,0.1518557938432166,0,4.0,0.9643362378714601,31,2840.0,0.05949640921540524,9,1814.0,0.28281387867100244,219,15956.0
870.0,445,392,220,1483,1928,0,4921.0,11.058426966292135,3.478448160227734,25,839.0,0.11129578026484128,14,971.0,0.18453677488148668,12,825.0,0.10497879501115442,1,6.0,0.5891370577315899,18,861.0,0.05330512846208898,30,2368.0,0.11984514514805637,0,6.0,0.8177762962263091,2,11.0,0.18555671127544568,1,7.0,0.4432066577441523,2,5.0,0.7540387937952018,36,1625.0,0.026654989005105264,22,1776.0,0.19385533473525357,24,2169.0,0.04315171727594037,1,3.0,0.37223248856214003,22,2463.0,0.24170049147065464,10,1853.0,0.179351958333389,220,15788.0
875.0,446,396,217,1494,1940,0,3861.0,8.65695067264574,3.5398223186807622,22,944.0,0.12975923591270921,21,1063.0,0.14632228891363624,12,705.0,0.0771545705901879,3,16.0,0.40130783496455913,26,980.0,0.014935266454541019,20,2001.0,0.23487797907412597,0,4.0,0.8393479032800657,3,25.0,0.5461777400070158,0,4.0,0.5456187059470563,0,1.0,0.7279411877437129,30,1606.0,0.020832102598860428,29,1907.0,0.13628051752980264,18,1659.0,0.08684974209683817,4,22.0,0.4391225364404401,14,1954.0,0.3002022849021278,15,1917.0,0.18277253406482774,217,14808.0
880.0,437,404,198,1511,1948,0,3033.0,6.940503432494279,3.7001679131961622,20,1041.0,0.14302485863104514,28,1185.0,0.11788656166902972,9,464.0,0.16018700959636709,3,35.0,0.5456074854669224,33,1133.0,0.002213127852924238,13,1953.0,0.19527826907035647,0,4.0,0.8788892379380112,0,11.0,0.8150089225944027,0,0.0,0.862221803930364,3,6.0,0.40249936706703127,23,1413.0,0.18848618905341377,30,2056.0,0.15877404574945,7,1697.0,0.271043723654558,0,22.0,0.7603157093493341,7,1998.0,0.19385569270540576,22,2013.0,0.1537463646049265,198,15031.0
885.0,430,408,204,1522,1952,0,2669.0,6.206976744186046,3.4710121687154722,17,1132.0,0.12815684922911974,32,1336.0,0.08201804538343258,3,425.0,0.3382058472595908,3,52.0,0.695290132934567,35,1306.0,0.1241291476349289,10,2010.0,0.10131237526478169,2,10.0,0.3096433477857044,1,6.0,0.3150421355607312,0,0.0,0.9633755866391477,7,36.0,0.3399642552846655,16,1494.0,0.24417529109438973,36,2222.0,0.0954143510132502,8,1706.0,0.2937263173339145,1,9.0,0.5534112002834333,8,2035.0,0.20817118747318025,25,1856.0,0.1133547315814063,204,15635.0
890.0,439,409,228,1528,1967,0,3066.0,6.984054669703872,3.2921545251722195,20,1224.0,0.11529561537023399,32,1496.0,0.10676213567278332,7,452.0,0.43406648069570286,5,71.0,0.4901933895288437,30,1321.0,0.17539767057506864,13,2071.0,0.09683977738974506,6,33.0,0.12444930831283811,0,3.0,0.11483790574849753,0,0.0,0.9458740393131957,7,71.0,0.34971446423293084,15,1571.0,0.20411515450728113,36,2402.0,0.09530058753158026,13,1761.0,0.23197297551276558,6,27.0,0.3833856892389569,15,2096.0,0.20389399156549345,23,1485.0,0.18559233275466316,228,16084.0
895.0,439,413,235,1540,1979,0,3162.0,7.2027334851936216,2.8949637772602856,27,1344.0,0.10693601556516392,26,1457.0,0.1288073834109309,14,507.0,0.26523167001383785,10,106.0,0.37943707955687145,23,1173.0,0.140244588278353,20,2166.0,0.08256598453379276,1,34.0,0.5008532233084175,0,4.0,0.7383405475036294,0,2.0,0.8543386968648814,7,106.0,0.3551301680712584,17,1649.0,0.14807492772110334,31,2314.0,0.08933549455344444,19,1821.0,0.16436073320086816,7,62.0,0.3985520475124393,21,2186.0,0.1491644122352152,12,1439.0,0.1484702445218432,235,16370.0
900.0,446,411,234,1543,1989,0,2938.0,6.5874439461883405,3.0118192416885696,28,1309.0,0.09837400748788186,18,1274.0,0.18275600972179853,21,599.0,0.20294994402307717,10,156.0,0.30615857971870203,23,1214.0,0.07688215772675717,27,2288.0,0.13505413471248792,1,4.0,0.7693665806663901,1,6.0,0.8205969803043394,0,4.0,0.8649929454906947,1,90.0,0.3831521223607222,27,1766.0,0.09184532843901566,23,1974.0,0.10763637273613974,22,1930.0,0.2142096673545256,1,56.0,0.3162702619117988,22,2055.0,0.09390226774667876,9,1475.0,0.1785517143715287,234,16200.0
905.0,453,416,227,1547,2000,0,2831.0,6.249448123620309,3.0113689363717397,24,1271.0,0.13235567668972092,13,1335.0,0.1875794812432096,23,712.0,0.209907568908609,10,206.0,0.08747560980426174,13,1288.0,0.10417637407855466,34,2445.0,0.19669863636571272,0,0.0,0.7165308801639652,2,14.0,0.7035656360677374,0,4.0,0.9213149509061678,2,27.0,0.5197020353371504,28,1897.0,0.0325637825467743,13,1938.0,0.1279003205562242,25,2046.0,0.10456036013370223,2,17.0,0.13366812674573994,23,1696.0,0.0681778454571641,15,1539.0,0.11634945464529078,227,16435.0
910.0,459,424,231,1549,2008,0,2954.0,6.435729847494553,3.264080517744511,20,1375.0,0.1341052841238154,14,1399.0,0.19552231277857926,19,657.0,0.13612971321925843,10,260.0,0.07232674190164047,14,1327.0,0.1285732038295762,36,2621.0,0.10659717076690997,0,0.0,0.9032316993907283,0,9.0,0.4381748684955044,1,5.0,0.5064451570787943,1,24.0,0.5080694020121731,35,2042.0,0.05472892558998838,12,1989.0,0.23834114785457758,29,2186.0,0.11485168088153563,0,8.0,0.31728729236436537,18,1785.0,0.20128905540696604,22,1637.0,0.15729670107352775,231,17324.0
915.0,459,424,231,1557,2016,0,3283.0,7.152505446623094,3.561274333571165,15,1456.0,0.12354194558518275,11,1306.0,0.17871942918352857,13,496.0,0.1437505322772902,10,314.0,0.4377867354025393,20,1406.0,0.141773777137159,36,2801.0,0.020259195411755977,0,0.0,0.8887193666978314,5,20.0,0.2680732766813905,6,30.0,0.3561336687750477,1,5.0,0.7756984966507761,36,2222.0,0.10323707720590562,12,2040.0,0.24379162951249284,24,2026.0,0.12794452634161368,0,6.0,0.8407295059965528,14,1845.0,0.26389882741135695,28,1766.0,0.1274530742069566,231,17739.0
920.0,449,429,214,1578,2027,0,3204.0,7.135857461024499,3.426454745999465,19,1538.0,0.13654721962115254,8,1008.0,0.21093638584987812,4,476.0,0.15779881929975173,10,364.0,0.36736258140955574,27,1531.0,0.17580373335805577,31,2684.0,0.08884584637126738,0,8.0,0.4623736028461559,6,50.0,0.12608423574297042,0,30.0,0.6380934132392826,0,4.0,0.5496788729293232,30,2163.0,0.14014046313197087,15,1863.0,0.07925842726342662,15,1561.0,0.18595214414827224,0,8.0,0.8158612521439471,16,1910.0,0.17656999733685366,33,1920.0,0.07646913057197122,214,17118.0
925.0,449,432,210,1591,2040,0,2733.0,6.086859688195991,3.0695096952202827,20,1440.0,0.13150686089772973,9,1039.0,0.2565944810584733,9,491.0,0.1649320080876121,10,308.0,0.05836996592127853,35,1686.0,0.1149428817847093,21,2251.0,0.20512945273567926,0,6.0,0.8056413101632995,1,44.0,0.1332015840525731,1,9.0,0.7281211971327123,3,15.0,0.612639997467106,24,1869.0,0.10572270751856387,15,1550.0,0.1526857628463163,9,1602.0,0.15353793760057852,2,11.0,0.5433545314570866,18,1745.0,0.056916143627507326,33,2087.0,0.04086936499047721,210,16153.0
930.0,447,432,188,1601,2048,0,2293.0,5.1297539149888145,3.0295837827175016,21,1221.0,0.13971842548275457,8,1068.0,0.273415181486951,15,561.0,0.24962451875438035,5,189.0,0.16072263859440003,36,1858.0,0.0472426573590785,14,2205.0,0.1757941527606898,0,6.0,0.885986725799433,1,5.0,0.0,2,11.0,0.38105535696025633,0,13.0,0.678295207767117,16,1961.0,0.10219328276823332,9,1499.0,0.24356392592878012,10,1642.0,0.09315670537502856,0,12.0,0.23995402227950396,23,1730.0,0.06184429439720792,28,1964.0,0.03200316107994107,188,15945.0
935.0,452,439,195,1605,2057,0,2141.0,4.736725663716814,3.5720224294037886,16,1293.0,0.1652604874907645,14,1128.0,0.1945592149260355,17,643.0,0.3612266471060309,3,183.0,0.40120353324030933,36,2041.0,0.05978786512824874,11,2265.0,0.08958892275311324,2,8.0,0.43221566400130573,1,12.0,0.22000631345285607,7,32.0,0.3441096370549892,2,8.0,0.4518963082412082,13,2032.0,0.10837589964383569,10,1536.0,0.2942644022429979,16,1707.0,0.20183610619427003,5,21.0,0.45202233762615385,21,1826.0,0.1536452418179849,21,1558.0,0.18994674345717286,195,16293.0
940.0,453,445,202,1614,2067,0,2176.0,4.803532008830022,3.571750609491739,12,1355.0,0.19045378053733625,20,1219.0,0.13091148555166496,18,727.0,0.13539145933109795,10,204.0,0.3210008264339471,30,2008.0,0.1214259647882296,15,2332.0,0.11808517049940803,2,12.0,0.3441061649589234,0,6.0,0.8143394469385676,2,35.0,0.376429043746508,6,37.0,0.41191216555415666,16,2103.0,0.19371347288259413,15,1597.0,0.20703449895932602,22,1805.0,0.16163003780844906,0,19.0,0.7407334319845257,21,1907.0,0.17999606283309255,13,1509.0,0.2865892515357586,202,16875.0
945.0,448,445,216,1627,2075,0,2348.0,5.241071428571429,3.5317579290543,15,1419.0,0.16801804559533035,27,1346.0,0.09308226887940818,17,684.0,0.16972940812343826,11,257.0,0.11557285057541418,23,1769.0,0.24611049718660422,20,2421.0,0.16889741549473355,4,21.0,0.5362067411665171,0,8.0,0.8734264504135836,3,21.0,0.46862123355117985,0,33.0,0.6262095062802973,16,1954.0,0.22913372447567537,21,1698.0,0.1653829305759882,27,1931.0,0.028962547930905032,2,6.0,0.48722448635104404,21,2002.0,0.07382726328864994,9,1562.0,0.2845171543801418,216,17132.0
950.0,452,449,230,1635,2087,0,2764.0,6.115044247787611,3.294999787967284,15,1337.0,0.15801310079955325,29,1495.0,0.13217894457038934,8,515.0,0.31498998213621643,11,316.0,0.30191827109084896,19,1779.0,0.2084209401175789,27,2545.0,0.1814865134924731,6,43.0,0.1458171659769945,0,4.0,0.9158091360161194,0,6.0,0.5246408617046636,1,7.0,0.7713974393415473,15,1448.0,0.15199387830297736,28,1826.0,0.13649712224331362,30,2080.0,5.160773897756433e-05,0,7.0,0.190586337120817,28,2126.0,0.009730609499536465,13,1617.0,0.24873090485693222,230,17151.0
955.0,458,454,232,1640,2098,0,3106.0,6.781659388646288,3.1230844070932906,14,1050.0,0.18090383732697832,29,1640.0,0.16989821260331786,0,269.0,0.3498316303502462,11,371.0,0.42991596834764095,13,1848.0,0.13357453536024158,34,2702.0,0.16661287770235947,3,44.0,0.08747485728357746,1,5.0,0.43845386753572324,0,0.0,0.8601265853558562,1,5.0,0.4377331202032435,14,1511.0,0.1290993839842958,34,1981.0,0.054085886193062815,24,1893.0,0.16194496105635614,0,5.0,0.452253872047255,34,2285.0,0.027334425866824295,20,1702.0,0.13016698655640951,232,17311.0
960.0,458,454,237,1648,2106,0,3377.0,7.373362445414847,3.3532010280209494,11,1096.0,0.1757138744108823,28,1591.0,0.09759180486209683,1,275.0,0.28324525436539544,15,436.0,0.28443643341736075,14,1899.0,0.1341549564545277,36,2880.0,0.1302237092139265,0,12.0,0.4737730756805017,6,26.0,0.0025197557042130093,0,2.0,0.7996180786409194,6,23.0,0.34778607750239876,10,1564.0,0.15789230176842295,36,2159.0,0.0714075352997797,14,1379.0,0.3290675295233067,2,14.0,0.700417952118794,30,2151.0,0.13600392526427638,28,1826.0,0.12670611206954221,237,17333.0
965.0,459,458,221,1659,2118,0,3247.0,7.074074074074074,3.5908044113399717,14,1160.0,0.1923257967161579,22,1341.0,0.16529924028860032,8,296.0,0.1272154359554212,21,527.0,0.07868530495421613,21,1989.0,0.054287692768349494,30,2742.0,0.12464185090568132,0,7.0,0.7582753427569731,1,30.0,0.42512119680801025,0,4.0,0.8597949674576595,1,27.0,0.40862317368073436,12,1613.0,0.2403601568222853,30,2073.0,0.04302938328160141,7,1153.0,0.30095577895546755,3,29.0,0.7240181613207894,22,1606.0,0.2596060484035256,29,1972.0,0.11099189426127368,221,16569.0
970.0,462,461,225,1669,2131,0,3106.0,6.7229437229437226,3.445790323184918,15,1229.0,0.19308590002733284,15,1335.0,0.20284381180989858,12,352.0,0.351339605568065,23,645.0,0.03239700994032247,33,2130.0,0.04771000482086972,25,2295.0,0.1587747099997489,0,7.0,0.8756425405884096,0,5.0,0.8551845578825918,0,4.0,0.8100907421008489,2,13.0,0.5519293803845934,19,1691.0,0.1847632004202546,22,1712.0,0.09844097268491406,7,1183.0,0.20212557147892637,2,22.0,0.3203012475250114,16,1688.0,0.18395092574599853,34,2131.0,0.0020299682908642915,225,16442.0
975.0,459,460,218,1681,2140,0,2997.0,6.529411764705882,3.2826431543844277,24,1330.0,0.1158217630700563,11,1387.0,0.19823765848443287,6,298.0,0.38964463882060385,23,764.0,0.2027346328312766,34,2287.0,0.15060948447251227,13,2253.0,0.12969171931981388,1,6.0,0.5680231689825818,1,3.0,0.8053613183426118,3,10.0,0.6559043371448656,0,2.0,0.7984815632764019,24,1799.0,0.055487198221466964,15,1666.0,0.2375845408826272,14,1239.0,0.09987925349228607,6,29.0,0.18869779460773828,13,1755.0,0.18896069027812704,30,2011.0,0.029618980355673757,218,16839.0
980.0,459,466,226,1691,2150,0,3052.0,6.649237472766885,3.5510508589251333,28,1457.0,0.10522799217690201,8,1239.0,0.2087168546346782,4,118.0,0.4245469781147951,23,879.0,0.3316942410326986,36,2445.0,0.17320292780330138,12,2299.0,0.14141616490888956,5,21.0,0.311053197831392,1,8.0,0.7025430300570222,2,13.0,0.4486477909573562,0,0.0,0.9152968746273138,31,1944.0,0.02715785475534438,12,1727.0,0.2672263899583125,21,1331.0,0.04641976073983737,8,67.0,0.3960540678997432,15,1820.0,0.2178234784709101,20,1612.0,0.1507741440866384,226,16980.0
985.0,466,467,231,1699,2165,0,3235.0,6.94206008583691,3.4275237855236096,35,1616.0,0.11751126962203629,7,921.0,0.23378321629764462,4,109.0,0.37173913870104563,27,997.0,0.12089118963601089,33,2382.0,0.05301331139633312,15,2361.0,0.08678487219906751,1,24.0,0.20276283099227374,0,0.0,0.8445257487789966,2,17.0,0.7620344270194538,1,1.0,0.7416120070494571,29,1774.0,0.14293656079877678,15,1787.0,0.14765141411519803,27,1453.0,0.1492949433437365,2,64.0,0.5285721491626443,19,1774.0,0.11319898806868355,14,1618.0,0.2715849083992778,231,16898.0
990.0,463,467,248,1710,2173,0,3418.0,7.382289416846652,3.168070509931051,30,1590.0,0.10704769700094505,5,842.0,0.25156316281332075,6,117.0,0.17057917863551883,31,1147.0,4.903404000766498e-05,29,2097.0,0.0655304200862086,22,2458.0,0.1076766464518406,3,19.0,0.5674265073035133,1,5.0,0.8304873971556899,1,5.0,0.7676677966591631,2,12.0,0.5447734124807877,24,1905.0,0.204001631694185,22,1893.0,0.055896312348997,29,1594.0,0.177815753708764,2,25.0,0.3511312610406619,28,1890.0,0.019435768538681692,13,1679.0,0.2509848922928055,248,17278.0
995.0,462,473,244,1721,2183,0,3750.0,8.116883116883116,3.194254409774391,23,1359.0,0.15526643252944014,7,867.0,0.2868424442867558,10,154.0,0.15216312356635944,31,1306.0,0.024584406028606093,19,2207.0,0.1042192051928019,29,2585.0,0.12210645275410288,0,11.0,0.8222397382357073,1,4.0,0.586415257038104,3,11.0,0.6312546656379633,0,5.0,0.8353470748840817,22,2017.0,0.1229123209643106,28,2021.0,0.13864765466293236,29,1737.0,0.08120687636844413,2,33.0,0.1571962386154873,26,2013.0,0.1097179190323275,14,1741.0,0.17752841358823462,244,18071.0
1000.0,459,481,254,1732,2191,0,3970.0,8.649237472766885,3.298261725057941,16,1156.0,0.25332270423423414,14,922.0,0.19485908943496005,11,209.0,0.3376516014145874,25,1254.0,0.17039780493248172,15,2248.0,0.20695375357698695,35,2746.0,0.18279721484046255,2,7.0,0.2950605205604555,1,11.0,0.6321337065557195,2,8.0,0.42707642475580654,0,4.0,0.925777747058079,19,2117.0,0.034488633008557916,32,2176.0,0.18364015700770736,29,1884.0,0.01102416836335955,2,40.0,0.6799273206012232,29,2134.0,0.17281645225786096,22,1831.0,0.018979405331491585,254,18747.0
