step,system_total_running,system_total_backlogged,system_total_stopped,system_total_arrived,system_total_departed,system_total_teleported,system_total_waiting_time,system_mean_waiting_time,system_mean_speed,0_stopped,0_accumulated_waiting_time,0_average_speed,1_stopped,1_accumulated_waiting_time,1_average_speed,10_stopped,10_accumulated_waiting_time,10_average_speed,11_stopped,11_accumulated_waiting_time,11_average_speed,12_stopped,12_accumulated_waiting_time,12_average_speed,13_stopped,13_accumulated_waiting_time,13_average_speed,14_stopped,14_accumulated_waiting_time,14_average_speed,15_stopped,15_accumulated_waiting_time,15_average_speed,2_stopped,2_accumulated_waiting_time,2_average_speed,3_stopped,3_accumulated_waiting_time,3_average_speed,4_stopped,4_accumulated_waiting_time,4_average_speed,5_stopped,5_accumulated_waiting_time,5_average_speed,6_stopped,6_accumulated_waiting_time,6_average_speed,7_stopped,7_accumulated_waiting_time,7_average_speed,8_stopped,8_accumulated_waiting_time,8_average_speed,9_stopped,9_accumulated_waiting_time,9_average_speed,agents_total_stopped,agents_total_accumulated_waiting_time
5.0,16,0,0,0,16,0,0.0,0.0,12.890165399207937,0,0.0,0.9126713807879948,0,0.0,0.9166739416744889,0,0.0,1.0,0,0.0,1.0,0,0.0,0.912538464699072,0,0.0,1.0,0,0.0,1.0,0,0.0,1.0,0,0.0,0.9220359461997549,0,0.0,0.9226754250694602,0,0.0,0.9217015627463375,0,0.0,1.0,0,0.0,1.0,0,0.0,1.0,0,0.0,0.9302326605971898,0,0.0,1.0,0,0.0
10.0,32,0,0,0,32,0,0.0,0.0,13.238227383657625,0,0.0,0.9784642487332526,0,0.0,0.9773089986361528,0,0.0,1.0,0,0.0,1.0,0,0.0,0.9791625737872527,0,0.0,1.0,0,0.0,1.0,0,0.0,1.0,0,0.0,0.9804728316162751,0,0.0,0.9804740019155943,0,0.0,0.9400569511873108,0,0.0,1.0,0,0.0,1.0,0,0.0,1.0,0,0.0,0.9420436264297943,0,0.0,1.0,0,0.0
15.0,40,0,1,0,40,0,1.0,0.025,10.548418299047446,0,0.0,0.757475563847069,1,1.0,0.7443110514834836,0,0.0,1.0,0,0.0,1.0,0,0.0,0.9439610368968608,0,0.0,0.9056141631133604,0,0.0,1.0,0,0.0,1.0,0,0.0,0.6461110633745951,0,0.0,0.6362030513501322,0,0.0,0.9370769874496787,0,0.0,0.6530085876217604,0,0.0,1.0,0,0.0,1.0,0,0.0,0.9302419057193471,0,0.0,0.7387202632901564,1,1.0
20.0,56,0,10,0,56,0,32.0,0.5714285714285714,9.902451484037341,2,8.0,0.6889014967767516,3,8.0,0.6197585587054186,0,0.0,1.0,0,0.0,1.0,0,0.0,0.9520799310149062,0,0.0,0.8883207506847494,0,0.0,1.0,0,0.0,1.0,2,8.0,0.5696128287141401,3,8.0,0.4860197120274822,0,0.0,0.9577669545062047,0,0.0,0.9278891798434937,0,0.0,1.0,0,0.0,1.0,0,0.0,0.9313701463687588,0,0.0,0.9533971264652189,10,32.0
25.0,72,0,1,0,72,0,1.0,0.013888888888888888,9.775760991975005,0,3.0,0.704115747511742,0,5.0,0.7543497452221242,0,0.0,1.0,0,0.0,1.0,0,0.0,0.9561276890949437,0,0.0,0.9177243227073493,0,0.0,1.0,0,0.0,1.0,0,1.0,0.6061528462657354,0,5.0,0.6831791341513929,0,4.0,0.6782991459929743,0,4.0,0.6629588204376438,0,4.0,0.41525051922527645,0,4.0,0.4130576916120925,0,0.0,0.9613585938321461,1,1.0,0.5908174736335544,1,31.0
30.0,80,0,8,0,80,0,21.0,0.2625,10.530009331986907,2,6.0,0.6906869636024406,0,0.0,0.6978745044060655,0,0.0,1.0,0,0.0,1.0,0,0.0,0.9622466767435638,0,0.0,0.9602707459762373,0,0.0,0.9051680364863897,0,0.0,1.0,0,0.0,0.8772309471673745,0,0.0,0.8983683195913242,2,7.0,0.7484597806136298,2,8.0,0.6852509825010509,0,4.0,0.8275048412187069,0,4.0,0.859318712619046,0,0.0,0.8075370517239866,2,8.0,0.5578061070822011,8,37.0
35.0,96,0,2,0,96,0,4.0,0.041666666666666664,10.243068669501271,0,0.0,0.7011640212465884,0,2.0,0.6004555173899394,0,4.0,0.38847359129081627,0,0.0,1.0,0,0.0,0.9454057141355604,0,0.0,0.921422498234819,0,0.0,0.9502668322955797,0,0.0,1.0,1,2.0,0.6115928627412552,0,0.0,0.9405360281776429,0,4.0,0.8194601599240674,0,8.0,0.6929027696421847,0,4.0,0.8738738598629265,0,4.0,0.8898734001672499,1,2.0,0.6231300833616477,0,2.0,0.4161023723346518,2,32.0
40.0,112,0,14,0,112,0,34.0,0.30357142857142855,8.663915107433223,2,7.0,0.6666921511341729,2,10.0,0.6708064990215606,0,4.0,0.851116458535872,0,0.0,1.0,0,0.0,0.9439710054118692,0,0.0,0.9259712322174984,1,1.0,0.5175949281496895,0,0.0,1.0,2,10.0,0.7087520374505248,1,1.0,0.6106868622024529,2,7.0,0.49583018058068973,2,11.0,0.5432316178065768,0,6.0,0.6139033021662468,2,7.0,0.31540519785885224,0,0.0,0.659898672002,0,2.0,0.4256452602855495,14,66.0
45.0,120,0,8,0,120,0,17.0,0.14166666666666666,8.356682514203838,1,5.0,0.6355077156667799,0,7.0,0.8278346696156679,0,2.0,0.9019549862005412,0,0.0,1.0,0,0.0,0.9520009552942751,0,0.0,0.9442461599761848,0,1.0,0.6956716596638469,0,3.0,0.4747839693107752,0,0.0,0.6979969844302075,0,0.0,0.6749440706871908,1,8.0,0.38992304114210335,0,12.0,0.5462863757270997,4,23.0,0.39112475031260957,2,11.0,0.16181803881547469,0,0.0,0.9173687700486893,0,6.0,0.7938117651911931,8,78.0
50.0,136,0,9,0,136,0,18.0,0.1323529411764706,9.717411783767076,3,9.0,0.6473970709326791,2,7.0,0.5842954892172996,0,0.0,0.45829826773092397,0,4.0,0.8709382899020712,0,0.0,0.9574345388758392,0,0.0,0.9324614308485917,0,0.0,0.9133401761446889,0,3.0,0.8508436235765275,0,0.0,0.5752523013328967,0,0.0,0.9504758387892106,2,9.0,0.6873455464761208,1,9.0,0.6092903488677862,1,27.0,0.41834597778020105,0,5.0,0.7306220619075198,0,4.0,0.8506769433962134,0,8.0,0.8897435296695221,9,85.0
55.0,152,0,17,0,152,0,65.0,0.4276315789473684,9.356583157800173,0,5.0,0.6321069902543953,1,7.0,0.4705235009648995,3,11.0,0.5000957322432085,0,4.0,0.8561141864798352,0,0.0,0.9526029574481711,0,0.0,0.9416189089099612,0,0.0,0.8843003066506786,0,1.0,0.8761685237483372,0,4.0,0.6921358796286888,0,3.0,0.7914560027661225,3,21.0,0.6318378049356422,5,26.0,0.4345060115613408,4,27.0,0.5154025390461482,0,3.0,0.9453934573792608,0,4.0,0.881228577504384,1,9.0,0.6301287869031673,17,125.0
60.0,160,0,27,0,160,0,128.0,0.8,8.702089674694468,3,10.0,0.5818421899153209,2,15.0,0.6547064077452969,4,31.0,0.5342780933311755,1,4.0,0.7198438207854356,0,0.0,0.9325695225858294,0,0.0,0.9575089733976315,2,5.0,0.5496488582784397,0,0.0,0.9427490256973214,0,4.0,0.696706656221306,0,3.0,0.8066413060416715,5,40.0,0.47673305480770095,1,26.0,0.23120750174808707,2,24.0,0.3390241033640501,0,2.0,0.7617307008301627,1,4.0,0.7514316082668776,6,24.0,0.466483168352119,27,192.0
65.0,176,0,42,0,176,0,247.0,1.4034090909090908,7.971341424969791,1,9.0,0.5794565361397502,4,31.0,0.6016394823647627,0,22.0,0.23820288468127856,2,16.0,0.6203368859265377,0,0.0,0.9335107945321147,0,0.0,0.8788113912771522,6,24.0,0.23814916130789987,0,0.0,0.8156809092489863,0,5.0,0.7894535693805035,2,9.0,0.6286738423276718,6,69.0,0.2778225793568045,4,17.0,0.0801838295141399,6,31.0,0.39871432254128314,0,4.0,0.9309089005141475,3,18.0,0.6113236429686929,8,59.0,0.19370722659662076,42,314.0
70.0,189,0,42,3,192,0,296.0,1.566137566137566,7.239361958488533,3,17.0,0.5971528279160312,2,22.0,0.3788478006132964,5,25.0,0.14823148527266813,2,28.0,0.6610075289450434,2,5.0,0.7094484935383917,1,3.0,0.6164503673837544,7,55.0,0.02378845725562595,1,5.0,0.8358764689597976,0,4.0,0.5638628717797177,0,7.0,0.5088545615157344,9,111.0,0.42665770052613444,1,21.0,0.27921772220909996,1,35.0,0.6660351448387027,1,9.0,0.6867042497678619,5,40.0,0.459742926317651,2,62.0,0.16438172245894417,42,449.0
75.0,195,0,39,5,200,0,288.0,1.476923076923077,7.746341724905961,0,13.0,0.5944101472639258,5,24.0,0.3802626209926264,0,28.0,0.6666454945041509,0,2.0,0.7401767845572682,4,22.0,0.6440157017018532,4,19.0,0.31696930039577104,8,95.0,0.04961112675680711,1,10.0,0.7935710594923556,0,3.0,0.47850577987404136,4,20.0,0.4213786453285258,4,100.0,0.49579678009164985,1,13.0,0.6881035172164781,0,12.0,0.5897561633278129,0,6.0,0.6135603508447998,7,71.0,0.19597635425636006,1,23.0,0.67524152701916,39,461.0
80.0,205,0,36,11,216,0,254.0,1.2390243902439024,8.22819060168986,2,7.0,0.66300248824919,2,30.0,0.5199036020433465,0,8.0,0.9009611163020372,1,7.0,0.635340509416359,6,45.0,0.4602797881182033,0,14.0,0.2946610374827688,2,90.0,0.4611625005033696,0,4.0,0.38663144751922157,2,9.0,0.5095205354610237,1,17.0,0.6523693678001882,1,39.0,0.426583967815662,1,18.0,0.8104214663551567,5,23.0,0.18255354081026595,3,18.0,0.5912971095444816,9,115.0,0.21071081018749666,1,16.0,0.7122565559326436,36,460.0
85.0,210,0,34,22,232,0,225.0,1.0714285714285714,8.078663703532058,1,5.0,0.5611680080945031,4,25.0,0.585956441321721,1,5.0,0.5883313140461089,0,2.0,0.9072064510705243,8,80.0,0.25501782868841266,0,2.0,0.9263611440239318,0,27.0,0.8376548951815028,5,18.0,0.4316168756547782,0,8.0,0.6812032957610855,3,18.0,0.6750135361614031,1,24.0,0.3583913082219272,1,19.0,0.7812557010578414,1,29.0,0.1843079490794211,3,31.0,0.36254762196252344,5,110.0,0.28919381928069743,1,9.0,0.663401827433404,34,412.0
90.0,206,0,28,34,240,0,149.0,0.7233009708737864,8.09166692273192,4,18.0,0.5848689008686007,1,20.0,0.4236402519246708,6,25.0,0.2879604410182229,0,0.0,0.9004894442908876,4,73.0,0.26308434886551735,0,6.0,0.8059386820903427,0,8.0,0.6582902374887989,0,21.0,0.7322908453409839,0,4.0,0.9244012291217935,0,12.0,0.479030941427814,6,41.0,0.4762719983579314,1,7.0,0.36261825581711454,2,14.0,0.5774924768187889,3,52.0,0.5562964690156192,0,34.0,0.6142765108430202,1,14.0,0.836221733955222,28,349.0
95.0,214,0,38,42,256,0,250.0,1.1682242990654206,8.058860468542454,1,16.0,0.5399259384311974,5,26.0,0.4265602430458043,7,64.0,0.09839629769161704,0,0.0,0.49877953630417743,0,22.0,0.578254845180028,0,4.0,0.880540259606829,1,8.0,0.39811876802934765,1,7.0,0.5503889987200133,1,3.0,0.6473535202546952,4,16.0,0.5281400323073951,9,81.0,0.46353653972362185,2,15.0,0.6292518455659546,0,4.0,0.8136752298360568,3,67.0,0.7234491993519845,3,39.0,0.5534747023504407,1,19.0,0.848081054949981,38,391.0
100.0,225,0,53,47,272,0,350.0,1.5555555555555556,7.405092467826255,2,9.0,0.677826736442757,5,51.0,0.6101361430337005,7,101.0,0.37240383302089514,5,12.0,0.0028203671505289437,2,17.0,0.5445297302530293,0,4.0,0.8717155312054172,4,21.0,0.25979319559586744,1,6.0,0.11701425078859208,3,15.0,0.4829652243535343,0,15.0,0.7388607785711502,11,130.0,0.2994125192063478,2,10.0,0.7198850178890379,0,0.0,0.8417983178430104,1,32.0,0.633280463604782,9,66.0,0.469772778581344,1,7.0,0.2854233090150462,53,496.0
105.0,226,0,63,54,280,0,584.0,2.584070796460177,7.181256631434547,2,8.0,0.5236425717048833,5,76.0,0.5208785243032361,7,136.0,0.5783649666044336,0,14.0,0.1627059080418044,7,45.0,0.5177148210533552,1,6.0,0.27711010665868885,4,41.0,0.302392709622102,2,15.0,0.3162919472725502,0,7.0,0.5000350785510357,2,3.0,0.7352031530832871,13,195.0,0.1581825361583223,2,16.0,0.6664236240368232,2,6.0,0.4099751706793361,3,10.0,0.35411654344493976,10,114.0,0.4198489630884416,3,19.0,0.5537477753479803,63,711.0
110.0,236,0,50,60,296,0,469.0,1.9872881355932204,6.887297126808325,4,25.0,0.5297017688313754,2,59.0,0.3621588526694674,2,107.0,0.4099385452424995,0,6.0,0.45935999347704803,9,87.0,0.3894438319743889,0,4.0,0.19090696337201649,1,25.0,0.29020168451062106,2,12.0,0.5820852427790028,0,4.0,0.7055917662993835,1,1.0,0.45206835716936894,15,265.0,0.29139009180895337,2,26.0,0.5690072737610723,2,16.0,0.6100933320575984,3,17.0,0.4767419071887232,6,111.0,0.36685013213999657,1,16.0,0.6923150814253732,50,781.0
115.0,235,0,48,77,312,0,472.0,2.008510638297872,7.531845815016267,1,24.0,0.5337527633955792,3,20.0,0.445404698620448,3,12.0,0.2376386706987866,0,8.0,0.8660472535468515,5,89.0,0.23240394563179967,0,8.0,0.7418977864511165,5,27.0,0.4439078220449477,2,22.0,0.7621507881489623,1,5.0,0.7859695213026204,5,15.0,0.43571087560672184,17,348.0,0.29514510369946795,0,0.0,0.5527292222908886,0,6.0,0.8688600550499477,2,18.0,0.6638506140972397,3,66.0,0.2908268368147569,1,12.0,0.7283573999363422,48,680.0
120.0,228,0,43,92,320,0,332.0,1.456140350877193,7.08686012960028,2,12.0,0.5904914989431915,3,23.0,0.5240900623026554,1,14.0,0.4645751506130838,0,8.0,0.910099806847367,4,58.0,0.3554158500009106,1,12.0,0.8238211979329038,1,29.0,0.5097989903737238,2,11.0,0.4996372637898304,3,15.0,0.7326760973867483,0,16.0,0.4627349786374833,14,350.0,0.14562653963720149,2,16.0,0.2727393225702213,0,4.0,0.8680577368691782,6,36.0,0.38682266087313893,3,68.0,0.2574614368254529,1,15.0,0.7401774337630588,43,687.0
125.0,240,0,54,96,336,0,277.0,1.1541666666666666,7.118121781897191,1,9.0,0.5222060874399655,4,33.0,0.6515788841166252,6,28.0,0.503796414136215,2,7.0,0.5485611847546398,1,49.0,0.5087271127947917,1,13.0,0.7946719986308615,1,10.0,0.5653256629724237,6,28.0,0.13437577692668654,0,4.0,0.5682928570150279,3,9.0,0.648488978785094,10,284.0,0.18754263909363186,0,8.0,0.8502481832289024,1,9.0,0.5063009211956542,9,73.0,0.2248372068991762,6,76.0,0.2035546585007456,3,27.0,0.24113861325079833,54,667.0
130.0,256,0,57,96,352,0,349.0,1.36328125,6.92709083545517,5,23.0,0.6095821967759509,2,24.0,0.3349316485831937,6,58.0,0.30813294723542,2,11.0,0.4589463493349341,8,63.0,0.47385905479206336,3,21.0,0.46251005391794237,1,15.0,0.5580535319165639,0,33.0,0.2939309898984337,4,12.0,0.4350741497555469,0,4.0,0.5907680148483142,2,289.0,0.3449994012855808,0,8.0,0.9193586298240317,2,16.0,0.6847072072957884,9,122.0,0.20685090478767357,12,130.0,0.20403459142428526,1,21.0,0.3125408162388085,57,850.0
135.0,250,0,68,110,360,0,589.0,2.356,7.158365692364252,1,20.0,0.5296407643599469,2,17.0,0.39644453685862074,6,92.0,0.40478332239621195,2,11.0,0.5059264854781961,11,109.0,0.29555558068741844,7,49.0,0.1265128833667302,3,20.0,0.5725441622852118,0,8.0,0.8844220058877781,0,17.0,0.6509457748825432,2,6.0,0.5982341553139686,9,297.0,0.31702829415809036,2,8.0,0.47744289631619563,0,4.0,0.8650667420175594,9,167.0,0.3610772585881876,14,196.0,0.31444297045546943,0,8.0,0.8638775599626726,68,1029.0
140.0,249,0,78,127,376,0,766.0,3.076305220883534,6.80170468830443,2,8.0,0.6167204615353932,2,13.0,0.4917080889111851,6,122.0,0.5488332813096857,1,1.0,0.2830450837654511,12,167.0,0.15590311826768918,8,89.0,0.1020431059271215,1,10.0,0.35487597395533227,0,6.0,0.894546489697163,2,10.0,0.7319891465815525,2,18.0,0.7613160506881155,16,354.0,0.20654117347918965,5,31.0,0.11405651448731796,0,0.0,0.8537805007134136,4,144.0,0.4509870620375982,16,271.0,0.3250942375452008,1,6.0,0.7927788568398493,78,1250.0
145.0,253,0,72,139,392,0,692.0,2.7351778656126484,6.360633226133494,2,8.0,0.5779058055084397,5,33.0,0.5798882099287274,3,101.0,0.39466359395441775,5,23.0,0.10362967905092951,8,168.0,0.3338975637255687,8,133.0,0.33563568824755663,0,0.0,0.4193022417071501,2,7.0,0.40758230309072196,1,6.0,0.5199573544115051,0,4.0,0.8702193337543949,16,353.0,0.1450635278676121,0,31.0,0.5618360158292627,2,5.0,0.1614591861701287,1,65.0,0.497134920853827,18,352.0,0.2812956217915418,1,11.0,0.7539158564293853,72,1300.0
150.0,249,0,63,151,400,0,465.0,1.8674698795180722,6.4565077291562885,4,20.0,0.5610485108317397,8,66.0,0.26951242354077104,3,27.0,0.2808659075630719,0,29.0,0.5511384562616263,0,104.0,0.4818194608792801,2,110.0,0.6086941252023451,0,4.0,0.5566631590340637,6,33.0,0.05627845916104747,4,14.0,0.38955867481948636,1,2.0,0.6606217257313669,11,268.0,0.28772794709400373,0,8.0,0.8659452574035511,2,21.0,0.7451737010844439,4,54.0,0.1339713826034178,15,354.0,0.16136552950159125,3,9.0,0.18337694480106173,63,1123.0
155.0,254,0,44,162,416,0,234.0,0.9212598425196851,6.902496661542687,0,14.0,0.5566540863993423,6,83.0,0.30112677074383243,4,30.0,0.17646804996565726,0,8.0,0.8402744662137406,1,75.0,0.4238467019828548,1,36.0,0.6203420924710094,0,8.0,0.7581761822822732,2,42.0,0.4802550579577775,5,41.0,0.415392765473298,0,0.0,0.5518950386887242,5,287.0,0.34783636672911633,1,10.0,0.5680318442625086,0,8.0,0.9104241441906427,4,70.0,0.20426636230828216,10,289.0,0.2196581192591684,5,30.0,0.5014710769835801,44,1031.0
160.0,257,0,48,175,432,0,250.0,0.9727626459143969,7.363404064591133,2,8.0,0.6978423513180773,3,48.0,0.5418605142544058,6,47.0,0.47612078217839027,0,2.0,0.7675382507090267,7,102.0,0.23221047998061692,4,20.0,0.45902882154223573,0,6.0,0.8939109537139641,0,14.0,0.7777562568218099,5,68.0,0.6022328381917086,1,4.0,0.8145368868017574,9,304.0,0.23707681543066958,2,10.0,0.16437565514413588,2,7.0,0.4908281740923021,4,92.0,0.514865041697447,3,276.0,0.40115558092266385,0,27.0,0.6815137356796412,48,1035.0
165.0,254,0,57,186,440,0,322.0,1.2677165354330708,6.670878220793892,1,4.0,0.6058619722614798,3,53.0,0.4895301325624118,7,79.0,0.4949292877439759,1,3.0,0.39047475556652456,12,152.0,0.3240502376080364,0,15.0,0.5308565252106845,2,9.0,0.7275300019787373,0,0.0,0.9403304731415016,1,48.0,0.6216621654514944,2,6.0,0.5051535738651622,15,374.0,0.10800680927678659,6,31.0,0.18806272966457074,0,6.0,0.3396510414014777,0,53.0,0.6398013585794735,7,288.0,0.40989983862951723,0,7.0,0.5468295379125868,57,1128.0
170.0,263,0,90,193,456,0,631.0,2.3992395437262357,5.8490850860999855,3,15.0,0.5345368472211992,8,79.0,0.25723954120745,2,73.0,0.24720153336052925,1,12.0,0.1917441129781955,15,221.0,0.33181273025505215,3,16.0,0.5694058073862641,6,24.0,0.2084955711065221,1,3.0,0.36601875773574793,3,14.0,0.45392400319386533,4,22.0,0.6249763424957858,21,467.0,0.2228624197953101,6,63.0,0.42597505698740107,2,7.0,0.005449897440980967,1,10.0,0.48874538410745527,14,340.0,0.27359141683681876,0,5.0,0.6664116162270615,90,1371.0
175.0,271,0,92,201,472,0,838.0,3.092250922509225,6.107568138256127,1,14.0,0.6763103817683365,7,92.0,0.307187609461947,6,43.0,0.38319646601466256,0,7.0,0.7131865705920009,16,296.0,0.38701687345214664,3,27.0,0.24307666340087486,7,41.0,0.05425212244209023,2,14.0,0.6526242815509895,3,18.0,0.3423072458173974,0,18.0,0.6879206501950884,25,587.0,0.2384640968233479,0,51.0,0.612238774301197,0,11.0,0.44275391669772646,0,11.0,0.6361157906010487,20,428.0,0.14311895086986842,2,5.0,0.3473027739860089,92,1663.0
180.0,262,0,84,218,480,0,1043.0,3.980916030534351,6.297359671223772,2,4.0,0.7079213556054835,2,55.0,0.5231256995368095,3,54.0,0.5874305066017531,0,8.0,0.8752549914619236,18,383.0,0.3059954117482731,3,46.0,0.19035269944987643,2,36.0,0.29116324534518667,0,6.0,0.8734962987018845,4,29.0,0.6127133073042094,2,8.0,0.48436718144853613,27,714.0,0.1139903382679748,2,6.0,0.09142002791343046,0,8.0,0.8483897437940606,2,11.0,0.5018939019332898,16,435.0,0.22139578701844323,1,13.0,0.15937215058963303,84,1816.0
185.0,272,0,75,224,496,0,1133.0,4.165441176470588,6.590070582630102,0,0.0,0.7338796568616363,5,34.0,0.5753550939768404,2,38.0,0.35189965300505605,2,11.0,0.5072659499924459,20,479.0,0.20381367376617932,0,20.0,0.7729679022029152,3,35.0,0.45311662157215815,0,2.0,0.9085544399574154,1,23.0,0.7690431910692531,4,19.0,0.33988916292389276,29,859.0,0.0601833030016009,0,8.0,0.1137717772303848,0,8.0,0.8973918624462442,0,10.0,0.573141276809807,9,337.0,0.3434658238520571,0,9.0,0.6707333828722806,75,1892.0
190.0,282,0,83,230,512,0,1382.0,4.900709219858156,6.371118980784777,2,5.0,0.6913875504302553,0,29.0,0.44484736136973446,4,35.0,0.06864484407806173,6,32.0,0.20278890732152421,22,586.0,0.12094581467929481,0,4.0,0.8951404741957565,6,63.0,0.5550100849121801,0,0.0,0.6160266989321727,1,8.0,0.6177011813441742,4,30.0,0.5697894159986746,31,1010.0,0.14287163009698725,0,4.0,0.49303865862460117,0,4.0,0.4657431283849246,2,6.0,0.47282943687028334,5,336.0,0.31038599262462485,0,8.0,0.8451028438226119,83,2160.0
195.0,282,0,90,238,520,0,1533.0,5.4361702127659575,6.146510664424006,5,23.0,0.5049065228109818,5,25.0,0.32404924030037086,5,49.0,0.32603702009442354,6,66.0,0.4634208496083367,17,581.0,0.236462752153166,0,2.0,0.5354661833973756,6,89.0,0.3778081618344343,3,12.0,0.5611982261533631,1,5.0,0.3747015697379315,0,23.0,0.7274673981708091,33,1170.0,0.18225705202703368,0,4.0,0.8371147341221544,2,6.0,0.14328978020110503,0,12.0,0.5017291176214452,7,363.0,0.180019389515354,0,4.0,0.8405629110712673,90,2434.0
200.0,279,0,81,257,536,0,1386.0,4.967741935483871,6.01156644093291,0,20.0,0.5657495861757192,5,39.0,0.3201321793027149,2,41.0,0.652534976975441,0,53.0,0.6159264602076812,11,461.0,0.3223163062779272,0,4.0,0.8114743626546072,3,81.0,0.1322927337319998,0,9.0,0.2962042201275833,6,25.0,0.3320763493665833,3,8.0,0.4948916062947882,34,1334.0,0.13130657639325646,0,2.0,0.8919321086339436,2,18.0,0.634867538518606,0,4.0,0.7019704700362155,13,416.0,0.16568619281943778,2,6.0,0.14010562184911737,81,2521.0
205.0,275,2,76,275,550,0,1505.0,5.472727272727273,6.341450675058547,1,5.0,0.6695079117930139,4,38.0,0.5068123955551662,2,21.0,0.6462289506932414,0,8.0,0.6405472603288928,7,499.0,0.2086738399028641,1,10.0,0.7253969640385651,0,18.0,0.7739148863255585,0,4.0,0.7309416026019466,2,37.0,0.5615467125446834,3,17.0,0.35859417775901453,36,1511.0,0.021100907684491146,0,0.0,0.6691127496084223,1,6.0,0.7372777046437334,0,8.0,0.6878100030196235,19,501.0,0.19485187184651748,0,4.0,0.40669418194306955,76,2687.0
210.0,275,1,85,284,559,0,1476.0,5.367272727272727,6.037839225079518,2,8.0,0.6206909257123082,3,43.0,0.545594779534814,0,7.0,0.2360549085453036,2,7.0,0.2503101831847742,9,532.0,0.1559048719766532,1,11.0,0.7391394343118809,2,14.0,0.7758141175365563,1,3.0,0.7790150652080825,1,16.0,0.6693909727208674,3,26.0,0.5774041528466156,31,1510.0,0.038771342821930434,0,8.0,0.41388220860742075,2,14.0,0.2933599059983875,2,10.0,0.3733900017485851,26,618.0,0.1808031694730195,0,0.0,0.8856566187024207,85,2827.0
215.0,279,3,93,294,573,0,1398.0,5.010752688172043,6.12043870541743,4,19.0,0.5475197974234791,5,40.0,0.33275822182902465,5,22.0,0.18137354550716642,5,33.0,0.4583816652056647,16,598.0,0.15514848172480036,1,5.0,0.7791902402731322,2,20.0,0.6803641619609665,1,5.0,0.7933678567933706,1,11.0,0.46117518572398286,1,20.0,0.6225355221307355,24,1267.0,0.1945585794918699,0,8.0,0.8389482548030033,0,12.0,0.1651393268434884,0,12.0,0.3522197107570449,28,753.0,0.1499401730604433,0,0.0,0.8679706000609634,93,2825.0
220.0,273,5,92,314,587,0,1294.0,4.73992673992674,6.037862842710263,1,14.0,0.5541093168953083,3,41.0,0.35401374369959915,3,30.0,0.475931426123069,5,60.0,0.5746936758057215,21,693.0,0.17782392661873597,1,6.0,0.8063236889650385,0,4.0,0.3772979879654013,1,14.0,0.6315667060527238,6,34.0,0.36643796707382364,3,15.0,0.4639904743066924,17,1353.0,0.2289989084253173,0,8.0,0.9029835488664981,0,4.0,0.733259754872666,1,9.0,0.6477798962414407,30,897.0,0.03444040164355876,0,0.0,0.859668988307023,92,3182.0
225.0,271,6,105,323,594,0,1371.0,5.059040590405904,5.812513344524115,3,12.0,0.614440167829534,3,24.0,0.5887411464300312,3,22.0,0.6321090748663906,8,90.0,0.40114046479698656,28,819.0,0.14025086208533344,1,11.0,0.7730616613499032,0,4.0,0.822349546295053,0,4.0,0.5260108992518943,2,36.0,0.5855169144540437,8,49.0,0.3357193975600838,14,1420.0,0.1728111026525549,0,0.0,0.41164926980536926,0,4.0,0.8088522887527082,2,19.0,0.7492978409372242,32,1052.0,0.1103370821705567,1,1.0,0.5138268481452517,105,3567.0
230.0,276,8,102,332,608,0,1621.0,5.8731884057971016,5.789611035717301,1,7.0,0.6298078158055325,1,16.0,0.6198849260150968,3,35.0,0.518709182040512,11,138.0,0.14969112737506807,30,965.0,0.13850645189999963,1,16.0,0.7118464520649534,0,4.0,0.8853381451922299,0,4.0,0.8904931670561385,2,16.0,0.6886193303090138,2,52.0,0.5660557079036972,9,1332.0,0.14186866848529153,5,23.0,0.15052856495757128,3,12.0,0.31968341096689945,0,2.0,0.44454243315742525,33,1216.0,0.15115262893407527,1,5.0,0.7751765460305261,102,3843.0
235.0,287,7,110,338,625,0,2015.0,7.020905923344948,5.607989535367148,3,11.0,0.6149501360951559,4,22.0,0.4220867424718505,3,54.0,0.16991176635017377,11,193.0,0.14943096599794195,32,1121.0,0.0970546125826731,1,23.0,0.24797192865445644,0,0.0,0.8326317301303611,1,2.0,0.7317188645929772,3,17.0,0.3992331221529828,3,18.0,0.6410914018709842,6,1096.0,0.2585653444890159,0,25.0,0.7068535537444658,2,21.0,0.1989843045161329,6,20.0,0.16728158166283572,35,1386.0,0.07224739859424724,0,0.0,0.8583478516547419,110,4009.0
240.0,287,8,117,345,632,0,2489.0,8.67247386759582,5.764162028136322,5,33.0,0.5195945099775309,9,56.0,0.23819741164190442,3,69.0,0.565104818623023,11,252.0,0.06226528181529742,33,1284.0,0.14478656839310278,0,2.0,0.8836530232526024,0,2.0,0.8431874685136796,3,10.0,0.3265254118394656,8,44.0,0.286015791820277,2,19.0,0.37299511610854946,4,760.0,0.3518073615884244,0,8.0,0.9054007634707912,1,14.0,0.7651583949111888,2,34.0,0.2424852534172124,36,1566.0,0.0,0,0.0,0.7914031325777988,117,4153.0
245.0,290,9,111,357,647,0,2408.0,8.303448275862069,5.540835775714353,1,27.0,0.5068938032253908,9,105.0,0.26925034602404,0,28.0,0.8156720763631987,5,231.0,0.385631160765569,35,1459.0,0.07649267151742706,0,2.0,0.8232353724618188,0,2.0,0.899809387206153,7,40.0,0.1590524410091482,9,88.0,0.3354801611326464,6,32.0,0.3203943359014039,4,765.0,0.27736822629110536,1,3.0,0.6469526889875925,1,17.0,0.8461648516411673,1,12.0,0.6731896929929331,31,1567.0,0.04055372902962169,1,5.0,0.46626236258456943,111,4383.0
250.0,282,15,100,375,657,0,2152.0,7.631205673758865,5.631309980254879,2,8.0,0.6701598802171871,9,150.0,0.4733354280398122,2,6.0,0.46631751892107703,0,95.0,0.7198347880465165,36,1639.0,0.0489640021881632,0,0.0,0.7006957942700712,1,5.0,0.3352429083579353,3,45.0,0.08836098199042117,3,86.0,0.35665628354106427,1,35.0,0.4170393390098431,8,788.0,0.23218444427030607,6,22.0,0.30322180054529135,4,22.0,0.3317789739260768,2,18.0,0.6641868711677728,22,1307.0,0.20850681164032608,1,8.0,0.8302014562759348,100,4234.0
255.0,283,13,89,384,667,0,1797.0,6.34982332155477,5.612248934603772,1,3.0,0.5873805275688954,9,195.0,0.4599301062533098,0,6.0,0.5327047363781756,2,92.0,0.3859367835567352,31,1637.0,0.017301395331002042,0,4.0,0.5856587908201715,2,14.0,0.16028738634161124,0,13.0,0.6272681530343608,2,43.0,0.46801226077415414,2,16.0,0.6380069548002479,8,720.0,0.17885115292249001,11,71.0,0.2253936252176025,1,19.0,0.2225382342419329,3,32.0,0.2298977758587162,17,1399.0,0.2546838401586154,0,2.0,0.8750841116757735,89,4266.0
260.0,292,14,85,390,682,0,1289.0,4.414383561643835,5.856235864280118,3,13.0,0.5896199082469085,12,247.0,0.19977627103106638,0,0.0,0.3685810196600412,5,116.0,0.10340626367024251,23,1440.0,0.1639623102945606,0,6.0,0.8761016997832365,0,4.0,0.8275277028861274,1,12.0,0.7082652091302556,3,36.0,0.4317923192454781,1,16.0,0.706189495445808,7,531.0,0.2743995966604854,11,128.0,0.4066996942985118,1,9.0,0.3915892418033249,4,34.0,0.3983086268135388,13,1466.0,0.18974539470847837,1,5.0,0.5594131223794749,85,4063.0
265.0,284,18,72,410,694,0,889.0,3.130281690140845,5.737868927276009,0,10.0,0.6671938141290428,11,243.0,0.2492657293743228,3,8.0,0.20107845085727657,1,80.0,0.5509123017368842,17,1525.0,0.22018111979997881,0,4.0,0.8341963918465167,0,4.0,0.9389371127254998,2,22.0,0.5653387906190184,3,52.0,0.5491507687811495,2,20.0,0.413912523095874,5,488.0,0.2737379220415149,11,183.0,0.365039823535359,1,5.0,0.7299797157542913,0,18.0,0.7396032928853944,14,1531.0,0.11903049918789094,2,11.0,0.3065620592749907,72,4204.0
270.0,287,15,71,418,705,0,595.0,2.073170731707317,5.433989455409309,2,5.0,0.5983800475065831,2,155.0,0.4664876600354293,6,36.0,0.5013454962089885,0,0.0,0.7837569477630276,14,1596.0,0.17384783597483858,0,4.0,0.3985562532885352,0,0.0,0.9554100944092403,0,2.0,0.12458966318637221,0,14.0,0.7377394470195379,1,18.0,0.45828672607001125,9,522.0,0.17533666395540262,15,251.0,0.07216231582684711,1,10.0,0.8091308756889644,2,11.0,0.5556627728969356,16,1450.0,0.1865656455170463,3,15.0,0.5064350621120478,71,4089.0
275.0,296,19,77,421,717,0,587.0,1.9831081081081081,5.705574348999356,2,6.0,0.5878320087945482,2,128.0,0.40282961988689403,0,36.0,0.6480867559405896,1,4.0,0.673970257311837,10,1477.0,0.10964437342324125,4,20.0,0.2085907719109355,0,4.0,0.47446039693972497,0,0.0,0.5519290322004282,3,13.0,0.7140318150737152,2,10.0,0.6563640780218644,16,593.0,0.11300137584281185,18,336.0,0.03549260728495263,0,2.0,0.4448827265442353,4,27.0,0.08498481161292243,14,1219.0,0.28566268289266994,1,14.0,0.6915086298482769,77,3889.0
280.0,299,18,86,435,734,0,631.0,2.1103678929765888,5.741706146443381,3,15.0,0.6420349637470311,7,151.0,0.2668075303675729,2,8.0,0.4296352598888301,1,14.0,0.23160103744575203,10,1207.0,0.11555644940001036,5,47.0,0.6006520252853966,1,8.0,0.7184983592847735,2,5.0,0.7416154067580539,1,10.0,0.5365831271308077,1,10.0,0.6592911798142062,21,688.0,0.15142639882406364,12,351.0,0.2987539811106461,5,25.0,0.1836859314396723,2,31.0,0.2846196876712399,12,883.0,0.2509534867361894,1,11.0,0.7909987894546239,86,3464.0
285.0,288,18,72,454,742,0,451.0,1.5659722222222223,5.409761201710223,1,9.0,0.5547863026166822,8,123.0,0.18873946071526343,6,28.0,0.069350570791981,0,4.0,0.7894865145975897,7,1241.0,0.12773954219282466,5,72.0,0.6488785881930592,0,4.0,0.8814509475506425,2,15.0,0.6519804655197684,5,25.0,0.35720067016976786,2,16.0,0.5038577928640888,23,667.0,0.14450695827479948,2,261.0,0.4325660934048353,0,27.0,0.6782010363289166,0,10.0,0.7662054186901865,7,925.0,0.18773385118773078,4,22.0,0.44218586456359127,72,3449.0
290.0,292,20,69,464,756,0,455.0,1.5582191780821917,5.5537740622112794,2,11.0,0.6183389704914928,4,92.0,0.422860132382588,6,58.0,0.4067211036687638,0,4.0,0.8459066252410716,10,1271.0,0.2145871968147218,8,100.0,0.22035010743917924,0,0.0,0.8529079726572023,0,1.0,0.23045215988063816,0,26.0,0.6377218644692201,0,8.0,0.5393710792628781,20,530.0,0.06997329760200519,2,201.0,0.4854257978643073,0,8.0,0.8945910826755679,2,14.0,0.6407451954853652,8,950.0,0.2416286086137358,7,54.0,0.15667634147844473,69,3328.0
295.0,306,22,95,464,770,0,673.0,2.1993464052287583,5.239862474377226,2,11.0,0.4813435571014287,4,94.0,0.3314349684971909,0,44.0,0.6069727915686528,0,4.0,0.40174212315321356,18,1346.0,0.26125074071803145,11,150.0,0.0002267099122304714,0,0.0,1.0,1,5.0,0.40103600937997974,1,8.0,0.6848903307621643,1,8.0,0.699967600072503,18,626.0,0.0973410012166842,8,230.0,0.26830867932505353,2,7.0,0.4451350865475675,3,27.0,0.33305223969349645,13,1003.0,0.1396073196327937,13,107.0,0.25395678760111007,95,3670.0
300.0,307,17,98,476,783,0,702.0,2.2866449511400653,4.796615779189292,4,22.0,0.5694880336112417,10,124.0,0.24099506126598405,1,7.0,0.3865699660395157,0,8.0,0.756676503039372,18,1265.0,0.12114161754784336,11,209.0,0.07231399853632807,0,0.0,1.0,0,0.0,0.7269633381540506,1,7.0,0.4723057795234429,0,7.0,0.7373671933677999,14,698.0,0.1844232296541415,9,203.0,0.2597682718973798,6,34.0,0.13150853583930716,3,26.0,0.5244819914212069,14,935.0,0.1825287668670991,7,125.0,0.29177623658654395,98,3670.0
305.0,304,19,77,493,797,0,527.0,1.7335526315789473,5.296141966776173,2,17.0,0.534589183186883,10,135.0,0.22723720315088505,0,10.0,0.592225250452298,0,8.0,0.8621687055677961,21,974.0,0.05928297454725377,11,264.0,0.318630541202542,0,0.0,1.0,2,8.0,0.441132919671926,5,28.0,0.38201280628469103,3,8.0,0.4805699597382668,8,622.0,0.244083925867867,1,118.0,0.46361255534527257,1,38.0,0.6535522820818064,0,12.0,0.7678700220323885,11,729.0,0.2188955294918983,2,82.0,0.4762145400064328,77,3053.0
310.0,309,21,72,502,811,0,535.0,1.7313915857605178,5.687527096760589,3,14.0,0.6466996266886251,4,99.0,0.5009973167007535,0,6.0,0.8311077735430927,0,4.0,0.8571947283186532,18,986.0,0.1485497906695142,11,319.0,0.21790846497981434,0,3.0,0.8159427636656025,1,9.0,0.11518441909318665,1,28.0,0.5982023251067352,6,33.0,0.384661967181488,5,467.0,0.2046662067734717,4,119.0,0.40055656345831253,0,13.0,0.8967644008449394,3,11.0,0.4737031006114383,11,715.0,0.10863817106008455,5,44.0,0.4890646704776581,72,2870.0
315.0,315,22,83,503,818,0,632.0,2.0063492063492063,5.562591732349102,2,11.0,0.4885470435318043,3,87.0,0.38044283439611193,1,7.0,0.6898684296462348,2,3.0,0.7095603776389474,13,1026.0,0.2436152737784833,16,391.0,0.04987266012153117,0,3.0,0.9349056258228683,0,1.0,0.6873218152712504,3,14.0,0.6664580189817481,0,32.0,0.6558267136605936,8,357.0,0.16628919810150847,9,154.0,0.39629321965063957,3,15.0,0.3193069254018119,8,41.0,0.4559489585183887,13,779.0,0.10132429395825653,2,39.0,0.5362939042107256,83,2960.0
320.0,324,26,98,506,830,0,842.0,2.5987654320987654,5.272471364439013,5,24.0,0.5148021247506288,9,113.0,0.27476052528771444,5,20.0,0.1943205294274049,2,13.0,0.6875604198214431,13,1076.0,0.17347978395828936,19,484.0,0.2217392209915511,0,0.0,0.8818397352122798,0,0.0,0.8748284053738195,1,12.0,0.4141584231929693,1,6.0,0.7070544876481671,4,347.0,0.2975929761135165,8,138.0,0.3180070456470504,7,49.0,0.13511062105984223,3,50.0,0.44593296129999305,14,842.0,0.11109431912689981,7,40.0,0.3764623887021733,98,3214.0
325.0,332,24,92,516,848,0,893.0,2.6897590361445785,5.151370890572808,3,29.0,0.5049735248057056,8,119.0,0.2795943754716279,5,46.0,0.16961904051712942,2,27.0,0.5419261689397624,15,1003.0,0.0816942936735334,19,577.0,0.21406402993361315,0,0.0,0.6575639794534505,0,0.0,0.723068201123447,7,31.0,0.3791782206530459,0,6.0,0.5459548062457928,7,348.0,0.33098000317507714,2,75.0,0.39070817454045054,1,48.0,0.60435350840251,4,33.0,0.37480524972569434,15,763.0,0.1917440788888024,4,45.0,0.18022176771342402,92,3150.0
330.0,330,21,80,529,859,0,620.0,1.878787878787879,5.53531175003419,3,22.0,0.5026864688047683,2,69.0,0.46268387508894476,0,25.0,0.6973559217025782,2,10.0,0.5996809712293562,10,786.0,0.09359231897950344,13,551.0,0.2904399184215764,3,12.0,0.23178377647267942,3,7.0,0.5067069147463856,3,36.0,0.5276682562165933,4,23.0,0.34057909972717576,13,394.0,0.18331255288434942,3,80.0,0.32761148309908295,0,14.0,0.8288984263508119,4,39.0,0.37542717472530196,12,564.0,0.2841589818767291,5,36.0,0.5214137862148629,80,2668.0
335.0,335,18,88,543,878,0,421.0,1.2567164179104477,5.411937688402655,2,17.0,0.4709411469855404,4,42.0,0.5452165906534069,3,30.0,0.6447392894989905,2,20.0,0.769133561962019,10,512.0,0.1921232828766959,8,393.0,0.21988711035352107,2,19.0,0.4739291605378511,2,11.0,0.13605793049126425,3,19.0,0.6991544800867878,6,53.0,0.5666657820550566,15,406.0,0.11202506060494538,9,112.0,0.07186792951923839,1,3.0,0.5971658863410441,8,60.0,0.4480100321386658,12,555.0,0.24152170267567633,1,29.0,0.733144612080359,88,2281.0
340.0,345,22,85,545,890,0,410.0,1.1884057971014492,5.281909628616414,5,28.0,0.49542562471682344,2,40.0,0.33140162103401827,7,52.0,0.37796905525646474,1,7.0,0.6954558303197326,8,473.0,0.3283611374473209,6,422.0,0.2619447806655894,0,5.0,0.8672523194202113,0,8.0,0.4048633258798278,2,16.0,0.5485685030682487,0,44.0,0.5724695739130933,12,359.0,0.20171371830557133,15,184.0,0.2617003036531532,2,9.0,0.2177748500062342,8,98.0,0.32465393683734695,15,622.0,0.164854439605024,2,18.0,0.5492463005511687,85,2385.0
345.0,350,23,108,547,897,0,731.0,2.0885714285714285,5.670598749499331,8,61.0,0.4510818430313714,8,54.0,0.28982901693835206,11,102.0,0.23410940603467173,4,17.0,0.48273315424034724,7,504.0,0.34148708945536865,9,444.0,0.3307907583562521,0,0.0,0.8588393923285835,0,4.0,0.8587929703431775,7,28.0,0.29557503149917796,1,9.0,0.4560364024723135,11,265.0,0.2974954464736715,17,265.0,0.3083498544467821,2,17.0,0.6539915255380434,8,140.0,0.4511029457678226,9,552.0,0.1159699404297048,6,44.0,0.2606576984021488,108,2506.0
350.0,359,21,118,556,915,0,960.0,2.6740947075208914,5.251176522423442,9,103.0,0.3653147098839959,4,64.0,0.3455871778707817,12,164.0,0.055353661183849504,6,46.0,0.4259987257429987,14,562.0,0.23260681854568835,16,505.0,0.2549950161265258,0,0.0,0.8114950752936927,0,4.0,0.8440345324418711,6,50.0,0.3326049044523917,2,12.0,0.37420792534896324,8,279.0,0.2721684399102528,23,364.0,0.21838088712244969,0,4.0,0.8815839012390668,3,114.0,0.41891179888197433,7,411.0,0.16729424691402087,8,84.0,0.3591913059465817,118,2766.0
355.0,360,22,114,570,930,0,1118.0,3.1055555555555556,5.300797225472626,5,104.0,0.4314713719090563,2,35.0,0.5069853186905001,6,166.0,0.38788840626667165,0,40.0,0.2752432109961731,19,647.0,0.07056381507089635,23,607.0,0.18067608515484665,0,0.0,0.5889010905041704,1,5.0,0.624686014169348,2,35.0,0.5868571262745295,7,39.0,0.5249556350666877,7,306.0,0.24199046456903228,28,491.0,0.08040606710198742,0,0.0,0.8014676152467027,1,41.0,0.5513958474758005,5,265.0,0.29308280438414464,8,124.0,0.5284226794809527,114,2905.0
360.0,358,17,126,585,943,0,1466.0,4.094972067039106,4.87272152990876,1,46.0,0.49451901612020704,2,22.0,0.6031545139625119,0,91.0,0.7327208650453488,2,15.0,0.5495465654358332,28,775.0,0.04109835469527864,25,729.0,0.06334516100313947,0,0.0,0.5785430197045458,2,8.0,0.16504261235751574,4,40.0,0.49851878170670405,7,74.0,0.43990446152459606,10,290.0,0.17790045979527624,28,635.0,0.027643726487542833,0,2.0,0.40613940136635907,2,21.0,0.47134164007364,2,255.0,0.3504932823189135,13,173.0,0.3680481916521092,126,3176.0
365.0,364,17,140,595,959,0,1602.0,4.4010989010989015,4.7065952168081315,4,53.0,0.4623541086308076,2,29.0,0.7673842500714096,2,72.0,0.38384859119501225,0,8.0,0.8036491474054355,26,766.0,0.13184388396282104,20,709.0,0.12469100727446235,0,4.0,0.5451208471576366,5,31.0,0.24178854448002704,8,70.0,0.3176472426238973,10,119.0,0.2764030509406534,10,233.0,0.17490525321914333,22,676.0,0.18460681943106227,0,6.0,0.79865204999605,7,46.0,0.35766516581178126,7,277.0,0.24878701811834936,17,246.0,0.20419061019583953,140,3345.0
370.0,361,18,127,613,974,0,1308.0,3.623268698060942,4.777994894036518,9,87.0,0.37882975966975035,0,4.0,0.512372760027675,5,95.0,0.2304437199502032,1,8.0,0.6545888014426302,22,631.0,0.25155866185512027,11,498.0,0.3430979173134868,0,4.0,0.8980867049289752,3,33.0,0.4395830326239998,9,88.0,0.2972087951126042,7,133.0,0.30054478245302346,5,253.0,0.18364493643032395,19,612.0,0.22916150103876418,0,6.0,0.8689088065578728,3,38.0,0.2263082086446492,13,328.0,0.11907749966665279,20,345.0,0.037814650816611166,127,3163.0
375.0,358,14,90,628,986,0,779.0,2.1759776536312847,5.094375896453483,6,86.0,0.3256341550364939,2,13.0,0.4355668876455847,0,67.0,0.38806016809051724,0,6.0,0.4306377108053714,15,674.0,0.2314468518733005,4,473.0,0.30302428470457327,0,4.0,0.835610345059663,3,24.0,0.5301517500277633,3,49.0,0.5336821383074808,3,83.0,0.5552668201039348,10,260.0,0.20771283723740516,13,685.0,0.14498356579227872,0,4.0,0.880951991160362,4,22.0,0.19089077307303431,13,340.0,0.18502341198437927,14,357.0,0.1340008793082819,90,3147.0
380.0,365,18,68,633,998,0,414.0,1.1342465753424658,5.420534583643848,2,48.0,0.5124585175731166,0,7.0,0.7291362588301938,1,9.0,0.8176503832256576,2,12.0,0.5460597088679772,11,737.0,0.11659759402907831,7,504.0,0.21770489595426917,2,6.0,0.22978235970613323,0,14.0,0.22382116463712923,1,38.0,0.4921459129332552,0,51.0,0.5401449196887343,15,317.0,0.1325564050720317,11,745.0,0.11868320655204087,0,8.0,0.313140470835901,0,17.0,0.2695577893721031,12,278.0,0.3011447254448644,4,270.0,0.4764816170930575,68,3061.0
385.0,372,18,95,642,1014,0,447.0,1.2016129032258065,5.087185800584098,4,52.0,0.40133591221739484,0,4.0,0.8781274852649431,1,14.0,0.7310899530272139,1,16.0,0.7565255280984547,9,697.0,0.1562654099834352,13,559.0,0.12937675353913772,6,27.0,0.1258821890235725,0,1.0,0.4644287927366245,8,58.0,0.31186768451395974,7,67.0,0.3109257900887654,16,323.0,0.08440254796800703,15,806.0,0.19296866660426887,0,5.0,0.5594339494729124,0,7.0,0.7441326993936319,11,326.0,0.20313243446423515,4,286.0,0.30190464263676137,95,3248.0
390.0,356,19,122,665,1021,0,693.0,1.946629213483146,4.798552054415951,10,85.0,0.3456874692346008,1,2.0,0.7206077566457966,3,24.0,0.28802343385304086,3,20.0,0.6005537249073483,6,526.0,0.304887580975279,21,647.0,0.23552943199351428,3,37.0,0.07119599615527764,1,9.0,0.6163555825007353,8,76.0,0.3000552929910843,7,76.0,0.23830612127333922,15,300.0,0.2076514623099681,22,900.0,0.21785055120916047,0,4.0,0.9239910742088819,0,7.0,0.9340522232971429,13,395.0,0.15922552957543015,9,319.0,0.09356786089690387,122,3427.0
395.0,351,20,138,685,1036,0,1097.0,3.1253561253561255,4.340358098384437,12,141.0,0.2819598819453867,1,7.0,0.4391439336082325,2,20.0,0.2693661834722828,5,38.0,0.4176562459187636,5,540.0,0.2993895424542031,27,769.0,0.15316941298079415,2,24.0,0.2741080077154211,1,14.0,0.8400515306289281,2,51.0,0.5507694347481851,4,52.0,0.5018448291311024,14,324.0,0.2748853646892432,28,1027.0,0.05901591384350119,0,0.0,0.8303944308097284,2,9.0,0.5585943597847743,17,468.0,0.08102112149483606,16,384.0,0.13085649900255086,138,3868.0
400.0,361,20,146,691,1052,0,1367.0,3.7867036011080333,3.816557626205586,14,208.0,0.29159596605968713,0,2.0,0.6214707562238984,2,16.0,0.666313390809253,2,36.0,0.25490425342154716,11,577.0,0.21474530482623813,31,918.0,0.05781495945807744,2,18.0,0.6752390833647517,1,19.0,0.7165632940499792,4,52.0,0.35339010273688454,2,51.0,0.4312259781679678,10,361.0,0.2134901556357136,29,1054.0,0.04680751569135006,0,8.0,0.4284850641282923,2,13.0,0.1730829385072419,16,479.0,0.08789774274654137,20,482.0,0.20538391694609343,146,4294.0
405.0,364,22,150,694,1058,0,1449.0,3.980769230769231,4.333094199413015,11,218.0,0.28695556124291904,0,4.0,0.7308004979173582,1,7.0,0.6312021180703875,1,17.0,0.599168382703659,14,636.0,0.12467411333662023,27,926.0,0.07709820958236274,2,28.0,0.6092783111800392,2,12.0,0.1614177560100615,10,84.0,0.22762726369877959,9,71.0,0.22653898547293075,12,409.0,0.18149984172805705,22,955.0,0.19906011868886336,0,8.0,0.8836336845287495,6,31.0,0.44175812486352006,13,404.0,0.20242905771909658,20,582.0,0.25053650089016133,150,4392.0
410.0,372,19,140,705,1077,0,1261.0,3.389784946236559,4.512113030887876,4,153.0,0.34998457902888097,2,7.0,0.7302652496561461,5,26.0,0.16474385800620994,1,9.0,0.7513734936807129,22,732.0,0.05431757845411626,17,777.0,0.17194681913051105,2,38.0,0.7128990902394349,6,30.0,0.1787250469869784,9,101.0,0.24330048256444867,9,93.0,0.27200164856525455,21,495.0,0.07380353884230417,13,966.0,0.24719027559317017,0,8.0,0.9076196021335297,0,30.0,0.6493125206634289,12,328.0,0.30913124335121944,17,563.0,0.15413339434675516,140,4356.0
415.0,375,22,110,715,1090,0,905.0,2.4133333333333336,4.6435834373640335,4,156.0,0.3732856910420685,3,19.0,0.6545883816971131,2,28.0,0.441254348208216,2,15.0,0.5571702017706669,22,742.0,0.07985918105006963,8,763.0,0.16773852480303064,2,50.0,0.6615685477200379,0,27.0,0.560673243576934,3,61.0,0.38132338968244134,3,56.0,0.5722887685457569,30,634.0,0.030175192756568475,9,1017.0,0.15907851525984723,2,7.0,0.44647670723327804,2,8.0,0.3529894394519498,5,343.0,0.2817785044530134,13,467.0,0.2331241100913408,110,4393.0
420.0,370,23,110,727,1097,0,829.0,2.2405405405405405,4.663336202755083,9,186.0,0.29637413439814,5,36.0,0.4619631545185659,0,13.0,0.7443100795292975,1,9.0,0.2605153498068529,18,698.0,0.19881521517032993,9,809.0,0.15756509665646076,0,8.0,0.5938950575409454,0,6.0,0.7956167722930015,1,60.0,0.41316505241504003,3,57.0,0.4910179664216881,32,777.0,0.1289447352603036,14,1074.0,0.09052901693964847,1,12.0,0.20346295525251895,0,10.0,0.47243859470514915,7,370.0,0.2040558192742791,10,469.0,0.2928799556984178,110,4594.0
425.0,367,25,133,744,1111,0,1131.0,3.0817438692098094,4.831316015348834,14,244.0,0.21718092829403524,1,28.0,0.35113074800698163,2,14.0,0.6629365742033767,1,10.0,0.7407414785499903,19,789.0,0.17046855068228525,14,865.0,0.17519497697335268,0,4.0,0.7680471651935894,0,4.0,0.9237372559718475,7,75.0,0.4659167253242788,8,80.0,0.2983340997720761,36,929.0,0.18450213427676912,14,1021.0,0.0477439406536117,3,20.0,0.573264189885107,0,4.0,0.7141141787881058,7,357.0,0.26824750102115424,7,505.0,0.23225319995144417,133,4949.0
430.0,366,28,137,758,1124,0,1448.0,3.9562841530054644,4.894629309296212,19,333.0,0.24184879662148573,3,16.0,0.5523891588788362,2,24.0,0.6272902248356801,0,4.0,0.9320225423688128,14,869.0,0.15413948578725006,21,959.0,0.20054530306047053,2,8.0,0.26484465188174305,0,6.0,0.8242760751893424,3,70.0,0.3828954159491544,6,91.0,0.3286362654285921,36,1105.0,0.1289468286076062,12,845.0,0.26240676573285354,0,15.0,0.8359223280914251,1,8.0,0.6602644069061911,4,289.0,0.3315154668975565,14,562.0,0.14379771743361583,137,5204.0
435.0,369,26,125,765,1134,0,1417.0,3.8401084010840107,4.442158470394268,15,344.0,0.2023728130305243,1,14.0,0.4098722807414272,0,8.0,0.3188657778708675,0,0.0,0.7840536410936761,11,825.0,0.12547330685589284,27,1078.0,0.16802579872631682,3,25.0,0.1420231638433841,0,2.0,0.8230019849679387,3,29.0,0.4532850090439074,1,48.0,0.58340234091115,33,1162.0,0.05843671091037869,8,897.0,0.31165941856977786,1,9.0,0.6197294858194626,3,17.0,0.38961334564887135,4,299.0,0.2416053074084799,15,534.0,0.05952191153668969,125,5291.0
440.0,376,27,121,773,1149,0,1281.0,3.4069148936170213,4.855786423708803,8,264.0,0.3143128879999711,4,25.0,0.5863891790692893,0,4.0,0.8017376142853829,1,6.0,0.24653227469301758,9,676.0,0.26323425537875816,29,1225.0,0.1388770684759017,0,12.0,0.7676980438965303,0,6.0,0.7900226622722368,3,33.0,0.5072243730468898,3,21.0,0.622602686416709,25,1035.0,0.07122688120838923,10,933.0,0.22271164748902733,6,26.0,0.21575662452580283,2,23.0,0.5113536610096069,9,335.0,0.1573356865959483,12,407.0,0.19894753806894067,121,5031.0
445.0,373,32,114,787,1160,0,1321.0,3.5415549597855227,4.838263194728003,0,214.0,0.37721400622517753,1,24.0,0.6133097724457921,1,5.0,0.824868579552786,1,11.0,0.7012342158126489,10,713.0,0.26979976950069595,34,1384.0,0.02012376521135121,0,4.0,0.8814915261298333,0,4.0,0.8123307370044074,3,42.0,0.607187160897143,1,20.0,0.3830419166520412,18,1128.0,0.12043148580454481,14,994.0,0.07754777095695148,7,62.0,0.39691093425280033,1,16.0,0.6050259538383386,15,400.0,0.08724632427079215,8,409.0,0.3129151363749347,114,5430.0
450.0,368,30,113,802,1170,0,1082.0,2.9402173913043477,4.819604643455604,6,232.0,0.3053252044182196,1,8.0,0.5737546256389087,1,9.0,0.6266728355786015,0,4.0,0.9449601770084454,13,771.0,0.1979966044381393,29,1387.0,0.09684797508970382,0,2.0,0.7654061917591033,0,4.0,0.9364701216732261,1,19.0,0.46269210596016663,7,36.0,0.3430470765326096,13,1186.0,0.22850344478824836,17,944.0,0.17168478169243,1,60.0,0.4627271440011375,1,12.0,0.48794865042531316,15,408.0,0.1550942643511917,8,447.0,0.2332796079082599,113,5529.0
455.0,365,35,104,816,1181,0,869.0,2.3808219178082193,5.148757680624175,12,281.0,0.22739067142387542,2,10.0,0.28486602597756894,0,4.0,0.6657793446751352,0,0.0,0.92903731869834,13,777.0,0.09037773362021091,20,1197.0,0.23132518297186333,0,6.0,0.7499898078540271,0,2.0,0.9250764838064421,2,12.0,0.5543233047365957,2,44.0,0.5767173034483944,9,1118.0,0.2694500076098957,14,758.0,0.25700871193747005,0,17.0,0.5133514131728388,2,20.0,0.6864793775566981,12,313.0,0.20293678326955006,16,509.0,0.13756431111416192,104,5068.0
460.0,368,33,112,831,1199,0,880.0,2.391304347826087,4.770673150509529,19,364.0,0.20883546362765323,5,28.0,0.38127288130472436,2,12.0,0.7405700086745791,1,5.0,0.5270328790548767,20,867.0,0.08005969374492487,14,1276.0,0.18682888462528138,0,6.0,0.9165364072600222,0,2.0,0.895307005476243,0,2.0,0.7133049053370228,2,21.0,0.6486621341521167,6,935.0,0.25552271622150274,8,738.0,0.22667124019476245,0,8.0,0.7057321598695254,2,9.0,0.20935814948119721,10,333.0,0.13238521331894965,23,606.0,0.06649699007514201,112,5212.0
465.0,364,34,117,842,1206,0,878.0,2.412087912087912,4.369944378251954,23,472.0,0.15439144058151563,2,30.0,0.4052197835097961,2,8.0,0.5663474085864503,2,17.0,0.6268361222559924,22,960.0,0.1345423745724162,10,1333.0,0.13618217024010607,0,2.0,0.8487158207869937,0,0.0,0.9211411085694687,0,2.0,0.8468017436966263,3,25.0,0.33995849987076754,7,962.0,0.21055140248024168,9,781.0,0.1217090255307784,1,9.0,0.6002265560850045,2,19.0,0.3498861979858859,10,395.0,0.12378025797366222,24,626.0,0.17044723992130895,117,5641.0
470.0,362,36,127,858,1220,0,1146.0,3.165745856353591,4.439910633269946,24,590.0,0.16930424806098981,1,11.0,0.5886049591144229,5,29.0,0.3588235196890778,0,8.0,0.8855289255882212,26,1067.0,0.1176679325523096,15,1394.0,0.07990175439517716,0,2.0,0.009899235783508114,0,2.0,0.7915070418306677,0,0.0,0.708436548835248,7,52.0,0.3848885827001012,10,997.0,0.18773802071569098,8,682.0,0.26817316842434097,0,10.0,0.5621722478128962,1,10.0,0.5499086182976411,14,453.0,0.2330403144584132,16,538.0,0.21920668292300516,127,5845.0
475.0,367,38,125,867,1234,0,1208.0,3.2915531335149866,4.640070319807207,21,608.0,0.20280039453837276,1,16.0,0.7735731369581407,6,44.0,0.35320198171389694,0,4.0,0.8817931975204129,29,1208.0,0.010073466831657042,15,1295.0,0.0923770045060112,1,15.0,0.3635146276181191,0,4.0,0.88018874923943,2,8.0,0.5967386650956378,3,49.0,0.5473371152349276,11,940.0,0.16350466964962207,5,490.0,0.3755153860380759,2,13.0,0.5769916230469915,3,25.0,0.6450783250995261,14,449.0,0.23249147764718625,12,603.0,0.17165833104140812,125,5771.0
480.0,365,35,100,880,1245,0,1008.0,2.7616438356164386,4.478518497243612,15,518.0,0.21451757335820484,1,5.0,0.7769937723547066,1,37.0,0.24809993211676945,1,6.0,0.20136796291603265,33,1366.0,0.0030741491241024006,11,1059.0,0.26266161511134195,0,8.0,0.8824245845035993,0,4.0,0.8762397885157854,0,4.0,0.5860180437664566,2,23.0,0.5489914532205256,10,771.0,0.125570928323416,2,397.0,0.3219262714583797,2,21.0,0.5189839859331231,0,16.0,0.45825730044798796,12,368.0,0.14554957347345848,10,651.0,0.14761072747677542,100,5254.0
485.0,371,38,90,887,1258,0,827.0,2.22911051212938,4.415226894411184,9,566.0,0.24766969971083302,3,13.0,0.6626307978889449,1,39.0,0.4050214003378261,0,8.0,0.7586193482118192,30,1375.0,0.026124619993286937,9,1044.0,0.2606883963590042,0,8.0,0.8972627836867761,0,0.0,0.8335011536568905,0,2.0,0.9656737262755266,2,23.0,0.3499928842904677,6,797.0,0.12938948095101677,7,422.0,0.2033086889802792,3,19.0,0.4533570699734704,0,8.0,0.35627744208194545,11,418.0,0.11448474848388948,9,606.0,0.2681750352110408,90,5348.0
490.0,377,42,105,893,1270,0,778.0,2.0636604774535807,4.665997162225628,9,605.0,0.2261488975191939,1,9.0,0.407562651549334,7,59.0,0.48525407145089733,0,6.0,0.8592584194094655,22,1212.0,0.19783345401886687,7,1077.0,0.2264866099198313,1,6.0,0.4017140965602287,0,0.0,0.730559293793053,1,3.0,0.7278879891051371,8,44.0,0.34244632877312364,10,828.0,0.21476847027976106,11,476.0,0.12388432224361799,8,50.0,0.36590012847458275,1,9.0,0.4761921574548511,14,478.0,0.20488682842018446,5,482.0,0.3199280223218443,105,5344.0
495.0,374,45,120,901,1275,0,840.0,2.2459893048128343,4.229026818346428,12,566.0,0.17676767147152486,6,27.0,0.37421534429114955,5,69.0,0.44073285732921885,0,4.0,0.7811477641973245,17,1230.0,0.24150775199425367,14,1133.0,0.12175902611335328,6,32.0,0.10641222199808426,0,0.0,0.8367668281827573,3,12.0,0.4276645634031255,3,44.0,0.37619790431697314,16,892.0,0.21293521642769245,19,556.0,0.161735420092276,3,55.0,0.17588038711592258,2,21.0,0.6042887218707718,10,460.0,0.2314193712852318,4,473.0,0.19660716429462158,120,5574.0
500.0,381,45,98,910,1291,0,710.0,1.863517060367454,4.303944146554633,10,437.0,0.21406146197987216,0,29.0,0.6422628486840132,1,25.0,0.3037398076112863,1,7.0,0.15908934344445383,12,1293.0,0.18044226274046962,13,1046.0,0.21384747542710947,1,36.0,0.5428723390910473,0,0.0,0.8867816871539543,0,10.0,0.513528887478084,3,29.0,0.4775706467110186,14,835.0,0.08790752616639937,26,676.0,0.20490214447528188,3,35.0,0.21378211188239815,0,8.0,0.5223496626061055,7,371.0,0.17028243482431674,7,506.0,0.16260108380505553,98,5343.0
505.0,384,49,107,919,1303,0,707.0,1.8411458333333333,4.978195016076133,10,466.0,0.23380065835240488,2,8.0,0.7078889985459562,6,29.0,0.26792139376777474,0,10.0,0.5842948733027524,9,1193.0,0.12775191459070032,11,812.0,0.365082792052666,0,12.0,0.8009416506488858,0,0.0,0.8232196938279598,0,4.0,0.8921305550823644,3,35.0,0.3692825578454539,17,675.0,0.11361882759845011,27,807.0,0.11223808280327041,1,25.0,0.5318659145243843,0,8.0,0.7319482582757051,7,400.0,0.12903226903529824,14,561.0,0.19050192376716857,107,5045.0
510.0,389,44,105,927,1316,0,892.0,2.2930591259640103,4.983787091681973,9,501.0,0.20418357874038537,1,7.0,0.4077464232956005,2,38.0,0.4290480572662105,0,6.0,0.8301516822427668,8,965.0,0.25123955418744054,8,485.0,0.30012476851363856,0,4.0,0.835654326715314,0,0.0,0.2666934442788905,0,4.0,0.7633695062000705,4,45.0,0.43131956558135814,12,617.0,0.2466356433753145,31,955.0,0.019577231499811953,2,22.0,0.6937291661922215,2,11.0,0.5784817187242915,11,434.0,0.12947495810818796,15,536.0,0.22015677548958135,105,4630.0
515.0,388,49,111,939,1327,0,1058.0,2.7268041237113403,4.906979469356106,10,460.0,0.20426799568736323,5,24.0,0.378662050652808,2,19.0,0.7365415858574306,0,4.0,0.7023600107181134,8,980.0,0.28464569361231373,4,509.0,0.1880737400444089,1,2.0,0.5230626452633611,1,5.0,0.5980162265329064,2,6.0,0.5669366365087617,0,22.0,0.7002421306064178,13,669.0,0.2786959157871185,35,1128.0,0.12159203730891477,1,6.0,0.20058533855012178,2,25.0,0.6157734756297767,15,498.0,0.16827772303865512,12,420.0,0.14200921370212125,111,4777.0
520.0,390,49,103,953,1343,0,998.0,2.5589743589743588,4.8318345712451025,6,340.0,0.2579885202468082,0,23.0,0.6122386621552621,0,8.0,0.554865798970899,0,8.0,0.7894325827915752,9,1014.0,0.21343843745506794,7,528.0,0.2425284931209019,6,28.0,0.29054049510721774,0,0.0,0.8995440684251955,0,6.0,0.49852970942283503,2,5.0,0.6507625601052687,10,664.0,0.1835766517159175,29,1140.0,0.1536920040277821,6,33.0,0.15326256614393802,0,8.0,0.5145803779784217,17,503.0,0.1806119315843683,11,481.0,0.11175219909253344,103,4789.0
525.0,383,48,111,969,1352,0,921.0,2.4046997389033944,4.641708449248517,8,371.0,0.21849866787806135,3,14.0,0.7233119916815324,2,12.0,0.28082966989639835,0,4.0,0.8570799467032209,12,944.0,0.10282033582749715,14,589.0,0.2076282390373823,8,67.0,0.373733525929441,0,0.0,0.8728170524168576,2,13.0,0.7024457013245353,0,4.0,0.696093695396568,18,739.0,0.10191573385347648,21,972.0,0.1014120253284081,1,38.0,0.6150146032174537,0,8.0,0.5051082074092021,14,474.0,0.09713599176537176,8,523.0,0.13002613327404342,111,4772.0
530.0,387,46,118,983,1370,0,851.0,2.198966408268734,4.4741317820799935,8,409.0,0.20291917081654223,1,9.0,0.47543461937127657,6,35.0,0.4288752997853897,0,4.0,0.8409925956818335,10,747.0,0.11480821820323074,20,678.0,0.2689084814863511,2,69.0,0.4283293751138746,1,2.0,0.5217241032071486,1,5.0,0.739107090369063,3,7.0,0.4652862593746685,18,821.0,0.14269278527781926,18,742.0,0.13353635444068612,0,8.0,0.82387344559316,1,5.0,0.6210580192848559,18,431.0,0.11603113978983545,11,482.0,0.0941881572178456,118,4454.0
535.0,387,51,106,994,1381,0,784.0,2.0258397932816536,4.555386922094396,9,366.0,0.2044696821677691,6,29.0,0.41464664896484205,6,67.0,0.6163945911359288,0,0.0,0.7294839088468951,8,476.0,0.1543671680979484,20,635.0,0.07676971368353286,0,18.0,0.3452926030302219,5,21.0,0.13748586919803926,2,10.0,0.5425315741640657,4,29.0,0.6509670883894848,24,907.0,0.12532165016343466,6,782.0,0.32125111216482677,1,5.0,0.5648610324149098,2,15.0,0.7394523278015828,7,472.0,0.241795003813359,6,363.0,0.14101763156071384,106,4195.0
540.0,385,52,105,1003,1388,0,754.0,1.9584415584415584,4.8395169974956325,7,221.0,0.18736903639060007,0,28.0,0.6396567295498862,6,93.0,0.48671518064222624,0,4.0,0.45921277616716694,5,484.0,0.3150149454740008,22,517.0,0.0873407001988436,0,8.0,0.5810287265092777,4,37.0,0.45095167390773344,1,7.0,0.4312618630894958,1,22.0,0.6926520159500562,29,1042.0,0.0350891995901953,8,787.0,0.3748984731209013,5,24.0,0.3538847845482222,0,4.0,0.5484566010566438,10,486.0,0.3151793274040679,7,380.0,0.2330657785916012,105,4144.0
545.0,386,55,125,1015,1401,0,1107.0,2.8678756476683938,5.0042328684360315,4,202.0,0.228541105799784,2,9.0,0.7007987665408895,9,131.0,0.008124533045177079,0,4.0,0.9040463467232156,8,495.0,0.3631509769598,13,543.0,0.13695459129947318,6,29.0,0.6215490176157468,0,16.0,0.6755422157119982,1,9.0,0.7920234614261923,3,10.0,0.5713768153748647,33,1204.0,0.02537943087177416,14,839.0,0.177671270454574,5,51.0,0.4512121391633552,0,0.0,0.6863159118653416,15,544.0,0.20228997631782109,12,425.0,0.29030809850028455,125,4511.0
550.0,398,54,142,1020,1418,0,1397.0,3.5100502512562812,4.355355568032465,7,222.0,0.2465497663615041,2,10.0,0.45326823704284586,6,124.0,0.06287111812020489,0,8.0,0.8026256769541996,13,548.0,0.27222891641213115,9,572.0,0.20581117821188397,4,39.0,0.18829557672728597,3,17.0,0.34038945630169465,2,6.0,0.7627844572031631,3,13.0,0.41240593308049833,35,1380.0,0.11738459417093232,20,932.0,0.07353940203259375,5,76.0,0.5082626372412479,1,5.0,0.56568987308743,17,544.0,0.11394924671811305,15,490.0,0.2604912616162712,142,4986.0
555.0,402,49,157,1029,1431,0,1604.0,3.990049751243781,4.1506265565129095,6,188.0,0.2360466410709154,7,35.0,0.33479742101459176,0,47.0,0.35293839795338455,0,4.0,0.7324562476930988,19,635.0,0.1203339202470195,9,507.0,0.2720315516499541,6,44.0,0.18228552251145336,3,32.0,0.2871419646789505,2,12.0,0.53785809156708,4,27.0,0.5843666558997301,31,1374.0,0.1548912036644832,24,1050.0,0.18074532418269298,1,57.0,0.1290494685129952,5,19.0,0.34618491183315603,18,474.0,0.07733461373009569,22,590.0,0.2022855596204848,157,5095.0
560.0,398,52,148,1046,1444,0,1533.0,3.851758793969849,4.345957590117673,5,111.0,0.24404859300848283,3,46.0,0.48615710610210083,3,57.0,0.44167642687602143,0,4.0,0.8251884614588355,22,627.0,0.0519554803845603,8,378.0,0.3457114653085202,7,66.0,0.42911513791270944,3,47.0,0.6439851258530425,0,7.0,0.460290750242702,1,20.0,0.6609183791424212,23,1168.0,0.0962880076608784,18,1026.0,0.29518421300304126,0,10.0,0.38437489868343633,11,60.0,0.3121942239487898,15,505.0,0.10870683255531878,29,721.0,0.030928020983196032,148,4853.0
565.0,398,56,138,1058,1456,0,1373.0,3.449748743718593,4.706423448240975,2,101.0,0.2698865631145704,3,29.0,0.6535587510853573,6,86.0,0.574361475053326,1,1.0,0.6033770468027497,22,529.0,0.18794507185725318,6,346.0,0.2670119563904276,7,101.0,0.41234153495944387,3,62.0,0.642315524854903,1,9.0,0.7529881113473769,3,14.0,0.5541346778725699,20,898.0,0.12139612313355208,11,851.0,0.1481106265188503,0,8.0,0.8453319014328068,12,117.0,0.1249554213005222,13,555.0,0.10016047442046895,28,757.0,0.04579152049311543,138,4464.0
570.0,391,59,114,1070,1461,0,992.0,2.5370843989769822,4.607718359804756,7,125.0,0.2387612227745794,5,33.0,0.4913128507583594,1,64.0,0.5860102981755817,1,10.0,0.7065323404217224,16,607.0,0.19959585130139282,9,379.0,0.17314845012052124,10,142.0,0.1011751332524457,0,22.0,0.2859044658901091,2,8.0,0.7813031628026337,2,14.0,0.38525536548765354,8,948.0,0.292956350581938,11,853.0,0.11692266151832822,0,8.0,0.9454771619762746,12,179.0,0.029457524450199505,11,573.0,0.1377383465503817,19,614.0,0.12400353810554278,114,4579.0
575.0,394,62,122,1080,1474,0,901.0,2.286802030456853,4.570535457863017,9,132.0,0.22819221819904598,3,31.0,0.3135905779264842,4,21.0,0.39517760478177943,0,4.0,0.8097346889192114,13,676.0,0.1516370235481257,14,435.0,0.14441833014538918,14,207.0,0.059072010905891294,5,17.0,0.12245367255234736,3,17.0,0.6663398478144804,3,17.0,0.6534235136354758,6,945.0,0.31535783140416374,12,915.0,0.13593301959043233,2,6.0,0.4097359189340539,6,185.0,0.4370755303039917,14,635.0,0.17937143807987588,14,692.0,0.23308212439213336,122,4935.0
580.0,397,62,111,1093,1490,0,657.0,1.654911838790932,4.56331010793874,7,106.0,0.2425795583860832,4,24.0,0.5941860540896922,6,39.0,0.15074035776963865,0,4.0,0.8530967570362907,8,619.0,0.10483445750160794,14,436.0,0.1033469196327732,10,220.0,0.1370610677010528,1,31.0,0.5063060390646408,1,11.0,0.4497034163804877,2,9.0,0.7453044874508674,13,992.0,0.1675567566264134,9,838.0,0.26114002861454005,6,35.0,0.1791335419721427,0,112.0,0.6896319396177448,19,722.0,0.22014678267621818,11,751.0,0.23734133460590628,111,4949.0
585.0,394,59,93,1107,1501,0,538.0,1.365482233502538,4.761682308802877,7,125.0,0.21521711096937962,1,19.0,0.570264590804005,6,47.0,0.21935297279586813,0,0.0,0.5005850270928406,6,451.0,0.2303671881268853,10,329.0,0.22428801346742014,1,135.0,0.5907106729549663,0,11.0,0.7163026329180374,6,25.0,0.3662251218771598,3,14.0,0.46890687001065956,14,952.0,0.10466053193947536,3,627.0,0.32711468740522753,0,33.0,0.694218275760867,1,90.0,0.39549530833090774,26,834.0,0.15581519623124043,9,701.0,0.12734179890699115,93,4393.0
590.0,401,60,100,1115,1516,0,689.0,1.7182044887780548,5.133757878468067,8,154.0,0.23161290381977015,4,21.0,0.45792762013604693,7,70.0,0.5251439850407718,1,3.0,0.7821524861642157,5,383.0,0.3139437797672109,5,334.0,0.17430775681578903,1,117.0,0.5976779737320366,0,4.0,0.8678101153108098,3,35.0,0.5517987482947591,1,15.0,0.44408723770899683,11,802.0,0.21616351316005786,5,586.0,0.24756406308295165,0,8.0,0.898466456356629,8,117.0,0.05268355305122812,30,980.0,0.09883919750731053,11,540.0,0.14358972281782825,100,4169.0
595.0,401,62,105,1129,1530,0,866.0,2.1596009975062342,4.805688410338932,14,212.0,0.2087530435394223,3,24.0,0.3279040213026501,1,64.0,0.6486410827244291,0,2.0,0.7329954357177934,4,387.0,0.2948620626135164,7,371.0,0.1296769940210471,7,139.0,0.33623966336888333,1,2.0,0.5763310079542132,4,23.0,0.6202705457818003,1,11.0,0.7698477926780897,10,800.0,0.2960241036863066,9,625.0,0.129860116919253,1,5.0,0.3590364948768289,6,109.0,0.4232475397194181,33,1139.0,0.013371744775085882,4,558.0,0.29403071020894794,105,4471.0
600.0,392,65,128,1143,1535,0,1211.0,3.0892857142857144,4.760141140937542,15,238.0,0.13668286117126865,3,21.0,0.4891086421289036,0,18.0,0.2745430514100664,0,4.0,0.8140265455229402,10,427.0,0.24256981772077602,11,421.0,0.23876264868655295,15,201.0,0.05095804887207396,2,14.0,0.6449704709006412,1,18.0,0.40104252858764006,1,5.0,0.7752004102204667,13,860.0,0.20245834145097125,7,543.0,0.25379385113966185,6,33.0,0.20210180549422616,0,35.0,0.7659604055637489,36,1314.0,0.09352191402240542,8,562.0,0.28089399513405866,128,4714.0
605.0,401,65,128,1150,1551,0,1259.0,3.1396508728179553,4.789008274207091,14,224.0,0.22615609748773932,3,37.0,0.6717702484560986,3,33.0,0.13343315834761096,0,4.0,0.8942483719220597,12,416.0,0.09521048773852718,17,500.0,0.26101169573141325,11,209.0,0.06637162590903392,0,6.0,0.7366604565339071,5,26.0,0.3185600327042239,4,14.0,0.5347788086845249,8,795.0,0.12218111690729809,6,351.0,0.36034694555687813,0,32.0,0.6888459967667935,1,20.0,0.5318572375814569,30,1337.0,0.1420186916731608,14,624.0,0.12817364269385087,128,4628.0
610.0,398,65,128,1169,1567,0,1161.0,2.9170854271356785,4.870881874286911,12,274.0,0.22154817159520918,0,18.0,0.7659672245032092,8,60.0,0.3750650059701584,0,0.0,0.9346433746691913,12,358.0,0.11023675250224237,26,611.0,0.24152672708929496,2,142.0,0.43576062709995367,0,4.0,0.8341265483241032,2,33.0,0.4308666950545774,2,19.0,0.4200270637904106,9,624.0,0.13762802422618492,4,312.0,0.3088169253175747,0,6.0,0.8757263023559652,7,46.0,0.07921625280380465,24,1208.0,0.11110464137831022,20,711.0,0.20662977260835777,128,4426.0
615.0,391,65,136,1184,1575,0,1263.0,3.2301790281329925,4.654530189683748,9,323.0,0.19456999192370744,2,5.0,0.5683698329747253,8,104.0,0.4378855745438092,0,0.0,0.7634875003273075,13,365.0,0.10732057511977143,31,757.0,0.09297266536969095,2,128.0,0.4951778626842935,2,6.0,0.7223614472375036,2,19.0,0.6637816085500553,2,16.0,0.6451808066477038,8,556.0,0.23597080660222278,8,345.0,0.17906627501569716,0,0.0,0.6724913678656438,11,95.0,0.3537794028740843,19,967.0,0.11617618718374761,19,705.0,0.2533567530595041,136,4391.0
620.0,393,68,143,1195,1588,0,1291.0,3.2849872773536894,4.416708054667396,14,384.0,0.1808430013154873,0,1.0,0.5854382232050745,8,140.0,0.4559663178682395,1,5.0,0.6313679281838708,10,395.0,0.12479524866937823,32,813.0,0.020838913456581825,7,152.0,0.37942288536684277,2,12.0,0.7332713477121158,5,31.0,0.6497153089454375,1,8.0,0.6682607492767126,7,574.0,0.26875747438411285,15,407.0,0.1089238510951427,4,9.0,0.024497264511151563,11,148.0,0.459301446500681,12,942.0,0.20149780862380742,14,590.0,0.28629498872539244,143,4611.0
625.0,391,74,144,1207,1598,0,1302.0,3.329923273657289,4.218787513433401,15,400.0,0.1572703066528344,1,9.0,0.6716399499511095,8,184.0,0.3144056653556373,1,2.0,0.6169117963915766,13,428.0,0.10545414511052494,24,751.0,0.09205950275136515,9,197.0,0.5312952877173169,2,22.0,0.512683527756055,1,18.0,0.4421646435447048,4,21.0,0.5753711819429637,13,603.0,0.24697122623190237,21,500.0,0.1644321785335859,1,22.0,0.2516337198121025,11,201.0,0.2365334457889118,5,953.0,0.3356939726899191,15,659.0,0.16929850123003853,144,4970.0
630.0,399,66,149,1215,1614,0,1318.0,3.3032581453634084,4.119132345686984,14,358.0,0.1887331466972875,0,4.0,0.748472218081401,5,156.0,0.32861042282702446,2,12.0,0.6361032941941662,18,507.0,0.19415788426758962,14,824.0,0.21515869189925235,9,242.0,0.3957280537604618,0,3.0,0.14091840068994319,6,17.0,0.34698991067525986,2,20.0,0.3800036994649459,20,686.0,0.12057028384543059,22,476.0,0.18265922917682464,0,11.0,0.7883601957151182,16,274.0,0.04580862424306513,11,949.0,0.3684981606443726,10,721.0,0.12489120192800768,149,5260.0
635.0,407,63,157,1226,1633,0,1417.0,3.481572481572482,4.21349432060736,13,417.0,0.1987785163375146,3,11.0,0.7135460232227125,0,69.0,0.5641714546347998,0,4.0,0.6638284786756633,25,619.0,0.19994156323128884,12,876.0,0.3195755605931481,12,295.0,0.007712960826778615,0,2.0,0.4633500797710425,1,29.0,0.45066054791779436,4,21.0,0.43406767015526626,26,804.0,0.03278100018342473,16,409.0,0.10097396724925314,0,8.0,0.8574865736002588,12,286.0,0.26080523146264406,18,1025.0,0.28238458649401704,15,779.0,0.0744040425118668,157,5654.0
640.0,411,65,161,1236,1647,0,1536.0,3.7372262773722627,4.200668450144507,13,483.0,0.18615386540252446,1,7.0,0.4528851448659889,1,48.0,0.3816718068355532,0,4.0,0.9052299587521254,32,762.0,0.16306417234981768,15,941.0,0.24276307677409956,9,273.0,0.160121348276863,1,9.0,0.6323772871950784,3,19.0,0.5172637865795192,1,19.0,0.7086529720505156,32,955.0,0.13357169994102586,7,433.0,0.15368211917837862,2,10.0,0.5742241728201063,2,202.0,0.42675154724374165,26,1140.0,0.15119164049190403,16,746.0,0.04581150300385308,161,6051.0
645.0,406,67,173,1247,1653,0,1863.0,4.588669950738916,4.209039436078244,9,472.0,0.1974555841057873,5,25.0,0.43830317965769117,7,78.0,0.38382997064753044,1,5.0,0.4982058156923663,36,935.0,0.1424098648166906,22,1034.0,0.04166810260100166,0,146.0,0.5650178712775615,1,14.0,0.7772516126622512,2,20.0,0.4274410902557175,2,12.0,0.7020530342500296,35,1127.0,0.1332824701345115,6,454.0,0.2701249806717182,1,17.0,0.3198797154239259,3,205.0,0.2625547807644388,29,1136.0,0.024847221291746848,14,619.0,0.25538095165435637,173,6299.0
650.0,410,68,165,1258,1668,0,1831.0,4.465853658536585,4.341765075176942,8,396.0,0.204532080406179,5,50.0,0.5853522935653392,1,57.0,0.6664175629625884,1,14.0,0.6497488906683705,32,993.0,0.05282049936198506,24,1023.0,0.05159515472522551,3,121.0,0.47293815742986756,0,6.0,0.731638800447148,3,24.0,0.523091916295789,1,8.0,0.3867432538183685,30,1125.0,0.04444005626420343,13,507.0,0.25634964423953355,3,19.0,0.4168722334614862,8,239.0,0.04329957326848699,27,1004.0,0.11507996024172669,6,397.0,0.35278153133284856,165,5983.0
655.0,404,74,149,1274,1678,0,1511.0,3.74009900990099,4.5823865953871765,8,365.0,0.21649015792043555,0,33.0,0.6973642596724065,0,16.0,0.6049314721792479,0,5.0,0.8280841320561196,28,940.0,0.07634727533055712,16,877.0,0.18083412810180813,7,147.0,0.4424503666220064,1,8.0,0.41155664735105013,3,41.0,0.5264099652472344,6,26.0,0.4119133980399241,27,979.0,0.07728817558338495,19,586.0,0.24692897747419343,7,50.0,0.5204726351113631,6,213.0,0.36183705927036025,16,1088.0,0.10325966941728841,5,417.0,0.3372785039077283,149,5791.0
660.0,400,77,112,1283,1683,0,1152.0,2.88,4.652811407946896,9,405.0,0.2021706064489236,1,4.0,0.4833457981263879,4,19.0,0.368345954271316,0,4.0,0.8284487250340232,18,1034.0,0.18852760914179942,12,830.0,0.2670565430257391,4,114.0,0.4397298599586292,0,10.0,0.47889887280738413,3,58.0,0.7028565685057983,1,27.0,0.4370201152323918,15,997.0,0.21295430929408396,25,699.0,0.04490751276029236,1,46.0,0.32950993349879565,0,102.0,0.6688959738324199,12,1141.0,0.10276082174575492,7,445.0,0.3547447744165242,112,5935.0
665.0,400,85,129,1291,1691,0,1013.0,2.5325,4.6934120779572925,13,459.0,0.20657844629475242,1,5.0,0.33276359893268004,9,54.0,0.066935101739825,2,2.0,0.49340292009852654,14,1083.0,0.22427713164539256,11,886.0,0.26783965090941986,2,36.0,0.4716020328801748,0,6.0,0.8032554992037662,2,23.0,0.68377004501573,2,14.0,0.4306843535033616,11,1051.0,0.23390679920222546,29,841.0,0.06156103241839918,5,27.0,0.07927276583467299,4,109.0,0.5323895614715961,10,1055.0,0.19405519967462656,14,507.0,0.18781286028026198,129,6158.0
670.0,406,85,130,1301,1707,0,969.0,2.3866995073891624,4.767844606526553,14,451.0,0.18936927553409638,5,24.0,0.44934494703559286,7,75.0,0.0945344542789434,3,21.0,0.6284445983764135,11,1020.0,0.14473723536541672,15,949.0,0.28363192744830673,2,22.0,0.5620176586990421,1,8.0,0.8009870613384399,3,17.0,0.535182191073751,0,6.0,0.7351884743914867,8,963.0,0.17231809089741862,24,876.0,0.17687923138924583,3,43.0,0.12712335251570628,6,134.0,0.40109617587540086,6,828.0,0.2148468069540404,22,602.0,0.157951059737267,130,6039.0
675.0,399,81,121,1320,1719,0,998.0,2.50125313283208,4.384728208453032,12,376.0,0.17886617520528042,0,25.0,0.6093855988988415,0,50.0,0.5791887278172981,3,36.0,0.5981720382109809,12,856.0,0.1356988427893521,20,1037.0,0.1865407457898078,2,7.0,0.1771057573379807,2,15.0,0.45809273964056035,6,48.0,0.34214838929662017,0,4.0,0.9129956045885168,9,786.0,0.1313968879362813,14,758.0,0.2676037524225025,1,17.0,0.7196148315421951,7,171.0,0.32857910864498147,7,791.0,0.15187661911181502,26,725.0,0.03989714699662628,121,5702.0
680.0,398,83,126,1335,1733,0,1005.0,2.5251256281407035,4.164954057486717,7,382.0,0.20145527152120093,2,10.0,0.6967739366170796,0,11.0,0.7914819926614667,1,21.0,0.6134365815995791,8,890.0,0.1858495958985334,27,1162.0,0.009792881791054251,4,21.0,0.2595352265158052,7,41.0,0.09964787555627154,2,41.0,0.5490846908139068,0,0.0,0.7047195290150491,8,817.0,0.11914140468114916,13,771.0,0.17449668089383544,1,12.0,0.7918528992312913,12,221.0,0.3303745852250783,10,839.0,0.12436738474954427,24,730.0,0.10909930781225201,126,5969.0
685.0,404,87,122,1341,1745,0,930.0,2.301980198019802,4.697826428910866,14,433.0,0.206170429827821,1,9.0,0.4765550391391868,1,11.0,0.6969178407265018,1,6.0,0.5793305101941598,11,911.0,0.1417320901143652,26,1163.0,0.020712955413406908,2,22.0,0.3233323628755036,7,60.0,0.33685303475504585,0,7.0,0.7137722129579716,2,6.0,0.6155203792882764,10,836.0,0.2330659313411773,10,833.0,0.12443093695202759,1,15.0,0.7936802040526949,12,279.0,0.3721186350245318,8,745.0,0.24249209013798737,16,626.0,0.2729160623505464,122,5962.0
690.0,402,86,109,1352,1754,0,910.0,2.263681592039801,4.896404411364195,8,406.0,0.21480628371467236,5,27.0,0.3452533322786365,1,9.0,0.7709585203091357,5,27.0,0.3466954450487693,11,844.0,0.08572244867612946,18,1023.0,0.1145477668275527,3,21.0,0.7191329217467899,0,35.0,0.7542408908093423,1,4.0,0.4365696194563938,0,3.0,0.5595977279811047,15,890.0,0.23112520953039395,14,890.0,0.22210971090495307,1,18.0,0.764303280881084,12,341.0,0.2774008692020969,6,591.0,0.2840759283682363,9,642.0,0.2820611312240334,109,5771.0
695.0,409,82,139,1365,1774,0,1110.0,2.7139364303178484,4.168958906109429,7,290.0,0.23697847924807755,7,62.0,0.5199639277865701,0,2.0,0.5414744951058591,12,78.0,0.2743909953647511,15,907.0,0.04748115883096792,14,1039.0,0.2405330608067166,0,11.0,0.7099474992794886,1,34.0,0.5326841249097627,5,25.0,0.36428145556214186,1,5.0,0.7382432177112322,23,982.0,0.12843511136141206,20,975.0,0.2147940379240225,0,2.0,0.6741380120631062,15,411.0,0.20453539799705667,9,627.0,0.20195825715693075,10,692.0,0.15781367435363908,139,6142.0
700.0,409,86,153,1377,1786,0,1494.0,3.65281173594132,3.900665694056751,3,272.0,0.24331481668067367,7,97.0,0.5320450256923708,0,4.0,0.8579873142199689,12,138.0,0.32412230393721453,12,945.0,0.05339682156045343,12,1103.0,0.23858434509600254,2,8.0,0.2816734933456508,8,61.0,0.3990272947248135,0,23.0,0.5727914902659633,0,4.0,0.7025339607621459,28,1115.0,0.029659701236073737,27,1091.0,0.13149575372450548,0,0.0,0.6423994855643365,20,504.0,0.23005131553174116,13,679.0,0.2062936304801914,9,643.0,0.21520057953197622,153,6687.0
705.0,414,84,176,1382,1796,0,2010.0,4.855072463768116,3.728470441800907,7,299.0,0.20496243491976276,11,141.0,0.17783270629702705,1,9.0,0.8225643761530007,13,199.0,0.2557871889113321,15,999.0,0.14040656749292774,8,1016.0,0.19059290680494473,2,14.0,0.18764151732004491,10,114.0,0.2822521006603145,1,4.0,0.5436809675978499,2,10.0,0.7475086221885572,30,1138.0,0.14065916869144418,29,1239.0,0.10760885921381443,3,5.0,0.1418039038943732,20,602.0,0.11677437141037329,17,746.0,0.1829235836631273,7,497.0,0.303165505061895,176,7032.0
710.0,415,89,184,1392,1807,0,2410.0,5.807228915662651,3.8645179455482555,6,280.0,0.23033752041624858,15,216.0,0.22226629947450374,1,12.0,0.8226121602551313,17,278.0,0.24791020838161634,22,1097.0,0.21071285656903935,9,807.0,0.15317345125096823,2,14.0,0.7509725949031242,10,164.0,0.38732958815148266,0,1.0,0.6809304564496889,0,4.0,0.7587578986546039,22,954.0,0.21720860207912662,24,1225.0,0.16899383151245564,7,39.0,0.11897634305245203,20,706.0,0.04444570485616337,24,846.0,0.08053368968157909,5,521.0,0.24318535201128022,184,7164.0
715.0,414,93,183,1405,1819,0,2649.0,6.398550724637682,3.736798786025537,7,196.0,0.22839169195111544,15,291.0,0.3555089343597715,3,23.0,0.23169164988064198,19,373.0,0.158588182179851,28,1221.0,0.21644512426626442,6,828.0,0.28011141378724236,2,23.0,0.8105555015316714,4,156.0,0.3862277709740131,0,0.0,0.953213393999921,2,10.0,0.5217561047652506,16,1040.0,0.14694945501383533,21,1058.0,0.1593068610796991,2,50.0,0.6138894593133657,20,806.0,0.1859008795555672,29,985.0,0.004045822520648912,9,559.0,0.1320236209628057,183,7619.0
720.0,418,94,178,1408,1826,0,2722.0,6.511961722488039,3.670604053419005,3,201.0,0.18929523012527705,10,287.0,0.2130239576503741,7,46.0,0.3808462914154572,19,468.0,0.12490033394157898,35,1383.0,0.14144399081570994,8,852.0,0.29062101467944107,2,4.0,0.5677795565888968,0,56.0,0.42464319326553823,0,4.0,0.6547104344048744,0,8.0,0.5594798489596683,14,1114.0,0.11133592199432125,12,998.0,0.1679938854289598,0,16.0,0.8125691497078655,20,906.0,0.23873090776341996,32,977.0,0.04516443890764878,16,630.0,0.06612000770793804,178,7950.0
725.0,422,100,191,1414,1836,0,2664.0,6.312796208530806,4.045991884979708,12,235.0,0.20490510316529972,6,203.0,0.29327714526542875,7,81.0,0.43303610913806706,19,563.0,0.09045602177406761,36,1563.0,0.04635299667762389,14,914.0,0.15075336221721033,5,18.0,0.2420684707052904,1,57.0,0.39014975172231847,3,12.0,0.6765186698078837,2,4.0,0.6461157908462436,15,1177.0,0.21320649033533293,9,1043.0,0.13830864353646682,3,18.0,0.32952014854260386,15,836.0,0.19873325778419623,22,814.0,0.20087323538566254,22,732.0,0.28379449359663905,191,8270.0
730.0,427,101,163,1424,1851,0,2288.0,5.3583138173302105,4.035147585754119,9,231.0,0.18903657575165567,3,182.0,0.3318098173440038,2,65.0,0.30583738310467157,19,660.0,0.10757513735151089,32,1560.0,0.021869739466574882,15,847.0,0.06104575579590926,0,16.0,0.44136288118261385,8,85.0,0.26047121858218675,0,9.0,0.7622866879629295,0,0.0,0.7784281820315213,16,1117.0,0.1966948498555747,6,941.0,0.14595273413029264,7,56.0,0.19418264414379338,7,594.0,0.31300394338274334,13,629.0,0.2917960846841125,26,850.0,0.2058846637183822,163,7842.0
735.0,413,102,148,1445,1858,0,2077.0,5.0290556900726395,4.1087794383488365,9,181.0,0.20369246607536842,8,208.0,0.38302685466088376,4,31.0,0.16962713631333257,19,759.0,0.21354094389603867,24,1314.0,0.06556347760239349,11,634.0,0.31698122430474923,1,7.0,0.700891013884742,11,140.0,0.35784555334280593,1,5.0,0.5154415181979243,0,0.0,0.9571786751012646,15,933.0,0.10009849262635559,3,706.0,0.29973256284158184,1,50.0,0.6575314403047174,2,549.0,0.32161194489760575,8,627.0,0.2214357375657315,31,991.0,0.055529017201479874,148,7135.0
740.0,410,106,131,1460,1870,0,1935.0,4.719512195121951,3.937238123627703,6,183.0,0.21614643453365154,9,198.0,0.2564653383778362,1,35.0,0.4943460124077914,21,859.0,0.1736800325247372,16,1062.0,0.14925878746598945,4,582.0,0.31427504010585344,0,6.0,0.8405829595771468,11,195.0,0.27597928009521955,1,9.0,0.439972911511545,0,2.0,0.6874509456668342,14,996.0,0.10691970864378796,3,603.0,0.29571348818021986,0,16.0,0.8780880276950742,9,567.0,0.28927935142655953,6,654.0,0.2276669056981961,30,1011.0,0.019873491508650382,131,6978.0
745.0,417,108,142,1467,1884,0,1624.0,3.894484412470024,4.268143452848563,9,216.0,0.1897308877819922,7,138.0,0.2834500496797315,1,26.0,0.8385807851204964,19,846.0,0.23484087564108944,7,1085.0,0.3078445295466857,7,600.0,0.20800495419256396,1,7.0,0.5599557399205424,14,259.0,0.00543971931415263,2,11.0,0.6790712184512765,2,11.0,0.6778503865134178,15,1055.0,0.20293603165665278,7,619.0,0.17483255498722233,1,5.0,0.43663046331663197,16,624.0,0.11468016833014577,12,697.0,0.2716918564308596,22,820.0,0.16817860855712571,142,7019.0
750.0,420,109,146,1471,1891,0,1308.0,3.1142857142857143,4.183272076614408,9,215.0,0.2065745078076947,0,92.0,0.33396585458629297,1,9.0,0.6721095770097254,11,690.0,0.2816522212695716,8,1115.0,0.31855551100782864,13,656.0,0.08946747905749138,5,25.0,0.37011187354486985,16,338.0,7.39430816979395e-05,3,25.0,0.6962487094301245,0,7.0,0.7321830839733358,8,973.0,0.2649055900973569,12,676.0,0.13921876005287287,7,27.0,0.0028875827077033053,21,719.0,0.03530607071254877,19,778.0,0.21235034807843634,13,895.0,0.23963107786302004,146,7240.0
755.0,436,104,144,1476,1912,0,1125.0,2.580275229357798,3.8261514750594463,6,163.0,0.2449839312978397,7,99.0,0.4197911905879926,6,24.0,0.28185381968923057,2,598.0,0.31351668918546693,15,1171.0,0.21176770701297912,19,741.0,0.13650140750177872,1,28.0,0.29647110810158195,10,322.0,0.08262092852408848,2,19.0,0.4140236721812556,1,6.0,0.5660172830317194,7,754.0,0.16469802639872355,14,614.0,0.2408299996500857,2,42.0,0.2156422842443031,15,678.0,0.23482150851333602,25,888.0,0.10160181210044286,12,957.0,0.17280403938949318,144,7104.0
760.0,439,104,157,1489,1928,0,1214.0,2.765375854214123,4.0569485251421735,7,114.0,0.26896438029520786,8,104.0,0.3755168309445967,8,45.0,0.046520426681760665,6,612.0,0.19919744722081903,21,1260.0,0.20093693574777916,27,861.0,0.18447217965656426,4,17.0,0.16847608000684183,0,216.0,0.5635715867656236,8,37.0,0.3562311038726725,1,6.0,0.4497562822684138,4,657.0,0.12901245303946443,11,452.0,0.262588415149377,0,19.0,0.8404476101085694,5,466.0,0.48548381703189974,32,1040.0,0.025151948550728023,15,1021.0,0.0912093488499837,157,6927.0
765.0,442,101,144,1497,1939,0,1335.0,3.020361990950226,4.229637452668278,5,93.0,0.33263355124020344,6,83.0,0.320809819406878,2,46.0,0.26645168466994645,13,661.0,0.1308965546304438,21,1197.0,0.15114725507124005,28,1003.0,0.10621684302702226,0,17.0,0.5996977519227782,1,193.0,0.5445042694654507,3,47.0,0.5294471792913603,2,10.0,0.47003231678061536,7,681.0,0.14098053194117846,9,439.0,0.16243079406592856,1,16.0,0.8410959517693594,2,369.0,0.2618258354958806,29,1058.0,0.13860305002979395,15,973.0,0.12501604693282362,144,6886.0
770.0,443,106,149,1507,1950,0,1443.0,3.2573363431151243,4.49598338793843,3,78.0,0.4218820988722797,1,73.0,0.25760782495939966,2,33.0,0.726972953767077,19,743.0,0.19109063946011082,20,979.0,0.09465472657795938,28,1143.0,0.09167639808872392,0,4.0,0.8936884134104623,6,210.0,0.3390619571382005,3,20.0,0.7015162025913612,1,10.0,0.6634736716685784,13,738.0,0.12711194639762824,9,485.0,0.10781838141623634,3,20.0,0.4631755124167136,6,387.0,0.1578938647542361,23,936.0,0.22280351219422787,12,792.0,0.3032484431240001,149,6651.0
775.0,443,107,164,1522,1965,0,1505.0,3.3972911963882617,4.036529931880885,6,79.0,0.38008137645746887,7,92.0,0.2583728133445553,2,14.0,0.7633334776701659,23,852.0,0.19997745588775143,19,1071.0,0.12530419011843705,27,1089.0,0.023182114212787715,0,4.0,0.8087494525972077,7,183.0,0.13975124821217824,1,18.0,0.3668834230083579,1,9.0,0.8427931580094348,14,668.0,0.21749560992735031,14,545.0,0.2200725490729398,3,23.0,0.13121096047881023,12,439.0,0.22788899932375123,17,963.0,0.16784871117854538,11,791.0,0.24057265413800927,164,6840.0
780.0,441,108,175,1531,1972,0,1453.0,3.2947845804988662,4.051750166090454,11,121.0,0.2008506748092086,14,148.0,0.14996177575743452,3,21.0,0.4298683382314554,18,806.0,0.19350885280473318,16,1143.0,0.2391634488197857,18,912.0,0.21336723392091675,2,8.0,0.5624371465801369,6,88.0,0.18262618178846354,8,39.0,0.3222438570768317,0,2.0,0.5573153454593877,11,527.0,0.3049787597264536,20,633.0,0.2688057348680205,4,30.0,0.5022575694787489,19,519.0,0.3189836229039854,14,1036.0,0.09646369802058186,11,847.0,0.13035335730260578,175,6880.0
785.0,444,112,159,1540,1984,0,1231.0,2.7725225225225225,3.711030698464717,18,198.0,0.1842757905926394,21,238.0,0.14408404104791392,1,16.0,0.20198859047392728,15,611.0,0.11868897782173413,10,1038.0,0.23515267678549612,11,849.0,0.2912800917156009,7,38.0,0.49486406767841123,2,99.0,0.14644878179905624,3,43.0,0.4139576319512468,2,7.0,0.539389356753181,11,453.0,0.2464235731681232,26,754.0,0.15064819838388321,1,22.0,0.6138108662731677,17,474.0,0.08514261511889079,8,976.0,0.12272971573310891,6,765.0,0.22061918306883047,159,6581.0
790.0,449,111,163,1552,2001,0,1213.0,2.7015590200445434,3.7689253791268333,25,309.0,0.16653609281024664,18,287.0,0.18015419451043238,3,23.0,0.6735550702459002,9,659.0,0.1270715365154968,15,1090.0,0.06235341763831622,9,894.0,0.1707502707273241,1,40.0,0.5429608817647091,7,102.0,0.25543996813331915,2,25.0,0.43329287468438854,4,24.0,0.6164359350338824,11,505.0,0.17579067092678846,32,907.0,0.051594939429064596,1,7.0,0.47824924659648993,16,308.0,0.07573086126216437,5,796.0,0.1310668829778839,5,577.0,0.30729094636746696,163,6553.0
795.0,441,112,150,1567,2008,0,1348.0,3.056689342403628,3.890268778782386,27,440.0,0.14043012200256888,10,257.0,0.20841555512023166,3,38.0,0.7247935441135382,9,675.0,0.12907915779354728,15,1158.0,0.04273066119854824,12,945.0,0.13580733760113262,3,17.0,0.48146108196271087,9,142.0,0.3465172408310403,2,27.0,0.6012045614504623,0,17.0,0.6705824755048656,12,552.0,0.21435253190349113,30,932.0,0.047001846443365136,1,18.0,0.34142600599282114,6,340.0,0.18075371075810778,6,822.0,0.22799707338929054,5,605.0,0.2409850990889394,150,6985.0
800.0,445,110,168,1581,2026,0,1566.0,3.5191011235955054,4.094328319347493,29,581.0,0.15357642406407368,3,258.0,0.3348000864163589,6,53.0,0.3598474154406427,15,738.0,0.1627044914321163,17,1227.0,0.04515850526600396,13,869.0,0.20825525138559617,6,39.0,0.38519857382278083,5,115.0,0.43958149711515626,2,32.0,0.74196310004589,2,6.0,0.47668073986615467,18,632.0,0.1549614128364427,21,805.0,0.09141194286307246,1,25.0,0.7916835192180639,8,339.0,0.28885686460674564,12,871.0,0.27810926483018533,10,650.0,0.14464063357583987,168,7240.0
805.0,441,114,180,1597,2038,0,1905.0,4.319727891156463,4.081779471099069,31,733.0,0.13196319353074343,8,283.0,0.2675489143893105,9,94.0,0.12796209971087394,22,835.0,0.15748158433912912,22,1319.0,0.09294804723435811,10,663.0,0.2631071135528394,2,41.0,0.6160385733159619,2,57.0,0.3015866823616359,1,5.0,0.42951706837251297,1,10.0,0.5237905929230877,24,739.0,0.12296017651148268,14,620.0,0.2931787100166994,0,8.0,0.8392091064493514,7,307.0,0.29099926464700654,15,932.0,0.2728686440028241,12,593.0,0.09857591770947853,180,7239.0
810.0,443,112,191,1605,2048,0,2225.0,5.022573363431151,4.203783565876723,27,792.0,0.1266691853478839,14,343.0,0.1821671749499261,9,139.0,0.35919586393307107,23,945.0,2.400627908009405e-05,29,1447.0,0.17049869174304444,8,709.0,0.18497050700806458,2,17.0,0.753447454249817,3,50.0,0.48709841632083806,3,12.0,0.5213652033332343,3,14.0,0.612532509608716,31,880.0,0.08121570152948102,6,640.0,0.34454790177288885,0,4.0,0.6299861959176826,5,207.0,0.3871519135875948,22,1024.0,0.16391224807978125,6,458.0,0.1353676268699246,191,7681.0
815.0,448,114,197,1614,2062,0,2235.0,4.988839285714286,3.8786726804708755,21,740.0,0.17725937704350958,17,424.0,0.29951432562536157,9,184.0,0.30755781434433016,17,873.0,0.05196162149128289,30,1385.0,0.19469923303638367,9,751.0,0.15085517158197978,1,8.0,0.20954007590719173,4,62.0,0.648458224333126,3,14.0,0.3866877435970565,5,34.0,0.5995181666948664,31,909.0,0.04889887679713732,7,666.0,0.3342265941124332,5,21.0,0.2690375931865245,4,218.0,0.24325755528895932,28,1151.0,0.03192111301724074,6,405.0,0.3237366007807704,197,7845.0
820.0,445,118,192,1629,2074,0,1924.0,4.323595505617978,3.538314909108494,14,733.0,0.20440037683930937,19,512.0,0.20035297953931283,7,165.0,0.129315883228922,7,622.0,0.3224849786641711,25,1187.0,0.16104886223841633,16,817.0,0.19273849151374883,6,29.0,0.19609766041562196,7,88.0,0.10411896267869315,3,24.0,0.5509344929128142,1,25.0,0.3870999510676438,26,1045.0,0.04534198552304182,14,723.0,0.21344761151332822,2,29.0,0.4799662983125504,8,247.0,0.16104019796826222,30,1157.0,0.03484457882109445,7,436.0,0.36917136793320937,192,7839.0
825.0,438,122,188,1640,2078,0,1679.0,3.8333333333333335,3.642289568919087,12,788.0,0.19787991410033334,17,520.0,0.14864582257090314,1,92.0,0.4649828485647888,2,585.0,0.4711808089845645,21,1294.0,0.09374548710728102,21,913.0,0.15575682519322653,2,29.0,0.09345017190283259,10,136.0,0.07884429312425399,0,13.0,0.5997501308932746,5,20.0,0.40856330847248984,24,1168.0,0.13937650798732001,20,811.0,0.09436492030517356,2,10.0,0.6776213426917566,15,311.0,0.1955199056371971,23,1012.0,0.17379132701283753,13,486.0,0.2805456917543794,188,8188.0
830.0,430,130,163,1656,2086,0,1374.0,3.1953488372093024,3.807809701417188,6,746.0,0.21008113842756052,11,441.0,0.2651275782520786,0,19.0,0.761972859390484,7,607.0,0.31620738438377854,14,1361.0,0.13151561427646946,21,872.0,0.20673556112630545,5,30.0,0.12461140903034099,4,110.0,0.4465465172926708,2,12.0,0.6828466780566829,2,27.0,0.5130942999209489,13,1112.0,0.17652740446473833,21,810.0,0.06595456008829428,1,5.0,0.3170524875351167,22,406.0,0.19844287742352942,15,716.0,0.2374384637712929,19,568.0,0.16791527629533806,163,7842.0
835.0,431,135,138,1666,2097,0,1160.0,2.691415313225058,3.9825850611154587,5,625.0,0.24896089489393095,1,387.0,0.37386735424134887,3,21.0,0.3670603276867068,14,662.0,0.1888612119430289,11,1255.0,0.10364537073603593,14,731.0,0.24070407938321697,0,28.0,0.6969080319395281,0,41.0,0.6191250304067912,0,8.0,0.7707431269503391,5,31.0,0.5304186143991795,8,877.0,0.1204203430044894,13,710.0,0.2126155368074789,6,27.0,0.4284934087171748,25,526.0,0.10333613929510106,7,634.0,0.2831281498486569,26,682.0,0.05326294658301804,138,7245.0
840.0,437,133,141,1670,2107,0,1282.0,2.933638443935927,3.7102755359562045,3,591.0,0.205528257025068,7,407.0,0.2544714370247319,5,47.0,0.1288812994002945,21,751.0,0.18554730188620094,14,1018.0,0.11149385195605509,5,712.0,0.24354372979308966,0,4.0,0.8868406124280089,2,45.0,0.4246698703894864,2,6.0,0.47702241529419664,1,27.0,0.34054588638011585,10,736.0,0.14236198498996772,8,739.0,0.24190009912162055,0,31.0,0.6805568516660554,27,660.0,0.029020904582864,4,638.0,0.26768427157098224,32,833.0,0.02459762613369057,141,7245.0
845.0,444,132,162,1680,2124,0,1613.0,3.6328828828828827,3.799086214414482,8,611.0,0.20746295357841854,12,456.0,0.20437009237132722,0,38.0,0.6193358544551457,28,879.0,0.18944544238289845,9,1055.0,0.20685570872132503,8,740.0,0.19493221882406872,2,7.0,0.5065125329024207,8,73.0,0.31089511550250354,1,3.0,0.362259353568115,2,14.0,0.5849396912622744,5,757.0,0.2669526390473169,11,787.0,0.2557531173816147,1,9.0,0.5874731539101086,27,795.0,0.16455386518918083,10,674.0,0.20522272694589627,30,866.0,0.0892824933271744,162,7764.0
850.0,448,134,197,1690,2138,0,2162.0,4.825892857142857,3.9874688372169858,11,568.0,0.21888838571983632,18,540.0,0.16708726291206807,0,8.0,0.8843782803227372,28,1018.0,0.07962317396016638,13,1077.0,0.18849608585001684,15,797.0,0.10460368248431702,2,11.0,0.19627767422445166,10,127.0,0.3123200132323019,2,8.0,0.5620576544106497,1,5.0,0.7455593215459864,11,772.0,0.27894790855126483,15,848.0,0.21248223570544267,6,23.0,0.31801188474697245,27,930.0,0.20591810795837714,18,746.0,0.22805737662695624,20,735.0,0.20642019720157354,197,8213.0
855.0,456,127,215,1697,2153,0,2716.0,5.956140350877193,3.6081933002072035,10,413.0,0.17368135077361607,19,536.0,0.25499098813328297,0,4.0,0.8783990883597855,33,1174.0,0.10222736037090681,15,1136.0,0.10444953065516564,20,886.0,0.06057196331803554,6,19.0,0.20472410859579845,4,118.0,0.5826304511579582,1,10.0,0.4952837822853407,3,16.0,0.6815906205792054,11,726.0,0.12243197526058307,22,951.0,0.11723169677350538,6,57.0,0.11123161082144077,27,1061.0,0.11429079898409607,23,850.0,0.17646611654576563,15,813.0,0.23756229684118702,215,8770.0
860.0,467,124,197,1705,2172,0,2625.0,5.620985010706638,3.513291381597027,5,432.0,0.20032908633069532,13,416.0,0.2016973679103731,2,6.0,0.510869447124156,27,1151.0,0.1658406850529973,16,1048.0,0.16663500831575387,26,1014.0,0.1409337298131804,1,27.0,0.6146532754847471,0,49.0,0.5078778745476495,1,13.0,0.8072155136975375,0,9.0,0.4174696659389766,13,614.0,0.12058447147316458,30,1083.0,0.03763913656535909,0,46.0,0.5605949632336986,22,1053.0,0.05082454717701404,29,978.0,0.06001298807855742,12,883.0,0.2761325374081734,197,8822.0
865.0,464,128,181,1720,2184,0,2124.0,4.577586206896552,3.8042474886549607,8,451.0,0.20123112175854738,8,373.0,0.25817794244386405,6,29.0,0.13029413401056594,17,954.0,0.15806644147059934,14,808.0,0.21795728475519324,27,1149.0,0.1632740989024559,0,0.0,0.800923130022098,3,44.0,0.17641550120644256,0,2.0,0.8078871868236029,6,21.0,0.3687267228526483,10,650.0,0.2151075045880107,29,1094.0,0.03192098113370828,0,8.0,0.7576889714410561,13,903.0,0.2953942688871381,29,1002.0,0.03950297189666139,11,801.0,0.18441149864109982,181,8289.0
870.0,464,128,161,1728,2192,0,1684.0,3.6293103448275863,4.207505570494068,8,402.0,0.19741346065635376,7,405.0,0.2610145400075818,0,27.0,0.584208058216924,11,885.0,0.1614963776459462,16,725.0,0.1880392833325769,32,1295.0,0.03977805794936768,0,0.0,0.783116466364734,7,73.0,0.11927253569574078,2,6.0,0.6997171795674756,1,26.0,0.5859806465061138,14,678.0,0.24289219955605876,20,950.0,0.20909166188801454,0,4.0,0.749555285962242,9,884.0,0.27921944272629196,22,874.0,0.1855737503437765,12,674.0,0.12058619951842428,161,7908.0
875.0,460,133,150,1743,2203,0,1557.0,3.384782608695652,4.278480241219682,7,272.0,0.22760844674893044,12,459.0,0.2613810879119807,1,24.0,0.7188118751205652,8,932.0,0.25987893713844457,10,780.0,0.13957948281006452,36,1473.0,0.025666482916303513,0,0.0,0.8632467669643732,10,120.0,0.3265993430910334,1,1.0,0.41435542076238063,2,11.0,0.6092826254858993,19,755.0,0.12426100840891177,11,666.0,0.3353996784257436,0,6.0,0.8264721097146688,9,932.0,0.18078699974137571,17,965.0,0.20666326103765742,7,626.0,0.13235977006608313,150,8022.0
880.0,455,135,161,1762,2217,0,1612.0,3.5428571428571427,3.8826311133637588,7,294.0,0.2052821138113234,19,543.0,0.14675880107203315,4,40.0,0.3986395595037469,13,984.0,0.3025700008548705,10,823.0,0.16693630975275706,30,1459.0,0.13521811680282442,0,4.0,0.6174719323699954,4,108.0,0.4445247942578863,3,14.0,0.487303938236336,1,7.0,0.6400377541145822,30,887.0,0.05312754307712171,4,696.0,0.3268083746873147,0,4.0,0.7758326864501779,14,994.0,0.11008491570791613,14,1035.0,0.11677146332190509,8,632.0,0.20529128265008045,161,8524.0
885.0,449,135,201,1776,2225,0,1910.0,4.2538975501113585,3.8293983987240097,12,334.0,0.18486978194147818,25,655.0,0.11732116950326131,10,77.0,0.061409097785927486,20,1065.0,0.13357155242575627,19,899.0,0.21275433423841603,20,1229.0,0.24477152392607363,0,4.0,0.8812085479394649,2,49.0,0.4061123711879769,1,11.0,0.5130031841530963,3,14.0,0.5069405296983612,34,1034.0,0.12485254696207881,6,720.0,0.27875022644792385,0,4.0,0.81669931463814,21,1086.0,0.20399950466786368,16,1110.0,0.10768009748816781,12,674.0,0.2795821892704446,201,8965.0
890.0,456,134,233,1786,2242,0,2577.0,5.651315789473684,3.431139259424835,9,298.0,0.176641763116613,29,798.0,0.1314167221300606,6,84.0,0.19726718300081844,25,1184.0,0.029893178510944824,24,1007.0,0.11688438853446244,13,858.0,0.22249224828534733,0,2.0,0.8901264705713355,4,60.0,0.4437520167715296,2,9.0,0.5410296764147599,1,9.0,0.6428876325041727,36,1172.0,0.12771207566032297,13,773.0,0.20912511989598018,2,4.0,0.24679977957439292,29,1213.0,0.15079995767320958,21,1206.0,0.15764704747994923,19,754.0,0.17789741602829587,233,9431.0
895.0,460,137,245,1795,2255,0,2979.0,6.476086956521739,3.2417348315795467,8,211.0,0.20662577582459168,24,801.0,0.16790489924473204,1,34.0,0.6456807219937204,28,1320.0,0.16496486153609874,31,1145.0,0.003995795517088164,5,897.0,0.32103894988465353,1,3.0,0.529816726239511,4,71.0,0.4354412263277645,0,7.0,0.5784551730691037,3,18.0,0.622175964759455,31,1195.0,0.051594822073180314,21,864.0,0.09964196923593387,4,27.0,0.14318460974152383,34,1369.0,0.04748042882303613,23,1165.0,0.19255595805587655,27,871.0,0.1347667699157582,245,9998.0
900.0,463,138,236,1799,2262,0,3042.0,6.570194384449244,3.10580305860198,6,207.0,0.18467296657085136,20,657.0,0.15226882174545386,2,33.0,0.3714074112301903,26,1273.0,0.14735986781658766,36,1317.0,0.00025101403840793686,8,917.0,0.32942822221591384,7,27.0,0.05175227572896553,1,40.0,0.22797290510397672,0,4.0,0.8692819764417159,1,13.0,0.40484415676198454,28,1082.0,0.08670623427780919,19,828.0,0.13651767028235975,0,21.0,0.6695667229959156,34,1547.0,0.04933163807377538,20,998.0,0.12312340710008822,28,1013.0,0.14022599567405578,236,9977.0
905.0,464,142,223,1810,2274,0,2829.0,6.0969827586206895,3.2350920187549073,10,243.0,0.18999773455283253,13,675.0,0.21772321506292647,3,40.0,0.10482644084599144,23,1069.0,0.12302129401485143,30,1327.0,0.04542277379164004,11,825.0,0.18408694457737113,11,83.0,0.09396751188304939,7,26.0,0.00037374302145306426,0,4.0,0.895799445755513,4,19.0,0.4700026450050838,16,1105.0,0.21175438638777513,13,634.0,0.12643779002104097,2,23.0,0.7861053153591478,30,1535.0,0.14917231052408766,18,1036.0,0.1188874157570975,32,1164.0,0.003324458028003006,223,9808.0
910.0,459,150,170,1823,2282,0,2042.0,4.44880174291939,3.9964778709124675,14,297.0,0.200501181118335,9,725.0,0.23387400402955918,3,54.0,0.12068900384012189,13,1076.0,0.11479796451567266,22,1080.0,0.20143721300100284,12,653.0,0.22738844826996074,5,101.0,0.5123387909591025,1,41.0,0.25144843775396597,2,4.0,0.672392850375225,1,13.0,0.6501471782188171,11,1145.0,0.24086789308799342,10,675.0,0.2480504411707347,4,36.0,0.46629639807104645,20,1320.0,0.2508646772866303,14,1107.0,0.24980590485301946,29,1190.0,0.039532426339691576,170,9517.0
915.0,452,151,140,1837,2289,0,1434.0,3.172566371681416,4.1556348909076695,16,309.0,0.134296107153416,7,667.0,0.24425233432316568,3,75.0,0.5337646143579038,12,1130.0,0.15150761506704202,15,1094.0,0.27461418006307253,10,693.0,0.1343090107150017,0,59.0,0.6516166019323174,0,14.0,0.8244464139313507,0,4.0,0.4668265423737749,3,13.0,0.6469301219179091,15,1204.0,0.16558209454345638,10,721.0,0.28567525233445773,4,53.0,0.1889043769527656,13,1240.0,0.1669853910494574,13,1103.0,0.2854455965985833,19,1052.0,0.14325921582182868,140,9431.0
920.0,463,149,143,1844,2307,0,1148.0,2.4794816414686824,4.010479650200563,13,372.0,0.14526215827429487,4,528.0,0.23565074535893688,3,90.0,0.648078345767781,13,1184.0,0.2606296963290042,10,1151.0,0.15720749280666976,9,693.0,0.14068234378416294,2,50.0,0.2809406004783581,0,7.0,0.9003058282925113,2,13.0,0.7415267710856673,1,7.0,0.5052308720686652,22,1304.0,0.06197030048920201,15,784.0,0.15606150380637485,7,82.0,0.3645843956648534,9,1296.0,0.13950824605660303,19,1184.0,0.1797100922918001,14,1130.0,0.2081142620151307,143,9875.0
925.0,464,152,190,1856,2320,0,1491.0,3.2133620689655173,3.468385678562051,18,448.0,0.1134018143937233,2,536.0,0.2334325045284069,5,108.0,0.440545819520506,20,1267.0,0.17770342975557601,9,1057.0,0.14258960117483765,14,737.0,0.12903824234707362,8,80.0,0.019213345466270897,0,1.0,0.40502490993299706,1,5.0,0.808455866346479,5,18.0,0.4052340130123519,28,1431.0,0.13821119796548334,22,881.0,0.019200105789782693,8,121.0,0.37291751414669455,13,1349.0,0.23519644594529857,24,1280.0,0.07557135959330516,13,1194.0,0.2603113917300619,190,10513.0
930.0,460,149,215,1871,2331,0,1942.0,4.221739130434782,3.4984069051585593,22,545.0,0.09513334969982679,8,564.0,0.19325455165902547,8,139.0,0.320969048939498,26,1384.0,0.09137776201563388,7,838.0,0.2950269050340382,21,834.0,0.2032193173793297,4,75.0,0.31798396868713896,5,15.0,0.4560075070318453,2,8.0,0.5607948692129239,0,22.0,0.6658911186891175,29,1413.0,0.18774380212365663,19,863.0,0.2349361332345478,2,88.0,0.27550940506281435,20,1435.0,0.20136144818643203,28,1399.0,0.06146960240964273,14,1258.0,0.19195902859339092,215,10880.0
935.0,457,155,212,1884,2341,0,2196.0,4.805251641137856,3.5606272145413507,23,652.0,0.11580731860475177,14,623.0,0.16134416231571436,4,91.0,0.1653446956221812,29,1529.0,0.11370168909793221,3,780.0,0.3402898642483551,21,806.0,0.11108669438185505,0,28.0,0.6561246859067338,5,44.0,0.5718680859305968,1,7.0,0.46110572199304445,2,7.0,0.7424987951177567,23,1228.0,0.16711792185933574,9,653.0,0.40001817976120235,4,39.0,0.5161300935656815,26,1545.0,0.13759137656082793,32,1546.0,0.049182164662403716,16,1197.0,0.06794122969676038,212,10775.0
940.0,461,160,220,1891,2352,0,2345.0,5.086767895878525,3.538986674268598,23,677.0,0.11667356551273307,15,600.0,0.1654955161189708,3,30.0,0.519745261213323,29,1676.0,0.2032798557631711,8,803.0,0.2517457472678112,19,662.0,0.10986065037355289,3,28.0,0.6523157368933481,8,75.0,0.4529563485938229,1,6.0,0.7393952748725711,4,16.0,0.5920256394124155,20,988.0,0.15329368243642963,8,685.0,0.20156221464912638,0,20.0,0.7353986262607722,32,1693.0,0.004183872006508754,31,1529.0,0.019893369821438227,16,1017.0,0.14864585040611908,220,10505.0
945.0,461,162,196,1897,2358,0,2285.0,4.956616052060737,3.5720477556515124,24,636.0,0.13324174476273276,11,483.0,0.29776754079624196,2,23.0,0.7115097123892977,35,1838.0,0.1067454239837203,15,864.0,0.18116670117596742,9,616.0,0.15497314920798194,3,45.0,0.5466861042096384,6,82.0,0.13577077654514128,2,7.0,0.6980230600126087,1,12.0,0.4030088930843566,11,1045.0,0.1725147822014515,10,732.0,0.10364324699873084,1,10.0,0.5542388461754277,36,1868.0,0.020731998915034276,23,1335.0,0.09668721186569801,7,1002.0,0.30951094199637064,196,10598.0
950.0,462,167,183,1907,2369,0,2042.0,4.41991341991342,3.370057862056079,15,684.0,0.17478199372915684,5,462.0,0.2364474863533885,4,33.0,0.4002680166838804,32,1799.0,0.03423543314392244,16,796.0,0.07794430470933224,7,653.0,0.3015285941277332,6,66.0,0.27887057255959574,6,56.0,0.27357176331264427,3,20.0,0.6226694976002458,2,12.0,0.6680795319963803,9,1062.0,0.22486110996051997,14,793.0,0.10732732467916802,6,30.0,0.09017777171128565,30,1828.0,0.13781013351310836,18,1421.0,0.22348332085103403,10,1027.0,0.24862196820181487,183,10742.0
955.0,464,169,187,1919,2383,0,1847.0,3.980603448275862,3.4984529836299596,13,743.0,0.1977633032171522,7,486.0,0.26329738627182747,9,71.0,0.1619609566246742,25,1584.0,0.059307814456426904,15,659.0,0.11184973448169092,12,705.0,0.28718011908728736,11,107.0,0.19748777621379107,7,62.0,0.27196447407637997,0,14.0,0.472199106257735,0,2.0,0.7257679589466084,15,1114.0,0.21991932778839277,15,745.0,0.17045817074361178,12,91.0,0.09858236455344065,21,1548.0,0.22045796702086162,16,1502.0,0.25550709639398356,9,931.0,0.13063945127287635,187,10364.0
960.0,465,167,172,1928,2393,0,1467.0,3.1548387096774193,3.5739120738735513,8,705.0,0.19284547824480536,14,543.0,0.1878327380426017,14,129.0,0.24719987171932245,15,1663.0,0.1290238259759825,14,660.0,0.1445605488788914,20,784.0,0.1826881867340009,11,158.0,9.238521501068707e-07,2,57.0,0.14079238858898455,6,21.0,0.3972228769586113,2,7.0,0.45181929964707407,16,1033.0,0.20412125714003432,11,563.0,0.3181730746308388,7,124.0,0.4860328946742657,13,1531.0,0.1584689125142275,10,1397.0,0.21604371511596418,9,711.0,0.12192348666321756,172,10086.0
965.0,470,167,164,1939,2409,0,1325.0,2.8191489361702127,3.6180375402561786,8,588.0,0.2182844057958652,20,633.0,0.1966387349509177,9,175.0,0.39869265662174436,12,1722.0,0.24451281116647183,11,707.0,0.11215711270188651,23,762.0,0.05136497284011307,11,217.0,0.0813705306043615,4,31.0,0.45970942369474155,7,55.0,0.34363934676770524,0,4.0,0.6181184295018018,13,864.0,0.12432486051070321,8,607.0,0.27350752362663133,7,135.0,0.5570974108394455,11,1595.0,0.12032257886082978,13,1146.0,0.11634994960283923,7,740.0,0.2153023888246647,164,9981.0
970.0,463,171,169,1958,2421,0,1379.0,2.978401727861771,3.521087399900877,5,421.0,0.23336464695264647,19,617.0,0.1661941322412772,12,210.0,0.3757202985643502,15,1784.0,0.203023254492424,8,644.0,0.15002455499295794,20,630.0,0.1796105884827108,11,276.0,0.40194541893667335,1,20.0,0.5783338321862478,1,55.0,0.4756365661424537,0,4.0,0.761757241831406,21,781.0,0.08719009719019445,10,651.0,0.16712954133340294,10,175.0,0.31051832662290996,14,1650.0,0.23735697765852448,12,1140.0,0.11015175689349023,10,773.0,0.22943348526724056,169,9831.0
975.0,467,167,173,1966,2433,0,1700.0,3.640256959314775,3.590197583502979,3,423.0,0.27064223771000945,17,502.0,0.16777386030735167,15,276.0,0.3341190383392774,20,1874.0,0.04222001104856317,7,570.0,0.22405816253456487,11,635.0,0.1998504328341189,11,331.0,0.406361862256225,1,9.0,0.7280991469534087,1,16.0,0.6974168888791449,0,4.0,0.8840487295196601,13,852.0,0.13618332361336222,15,716.0,0.10441121228041816,13,237.0,0.1278356921828704,20,1739.0,0.2331264670249764,10,1159.0,0.12555807446527,16,840.0,0.26407792900288657,173,10183.0
980.0,470,174,199,1972,2442,0,2029.0,4.317021276595745,3.5500130092194477,8,437.0,0.29627037710447285,14,482.0,0.20121943338567141,15,351.0,0.21939693370164273,30,2005.0,0.10881748321451502,9,606.0,0.2338955706460725,11,674.0,0.24869279758012816,15,391.0,0.3165458170218579,3,7.0,0.47510817549912077,0,7.0,0.7696322900069562,0,4.0,0.8522083988727894,11,875.0,0.2559027996870673,18,664.0,0.06486832183756308,8,225.0,0.13114342092759954,27,1858.0,0.14062010133782646,9,1065.0,0.20145177954304572,21,934.0,0.14076962781315228,199,10585.0
985.0,487,170,217,1975,2462,0,2699.0,5.542094455852156,3.816280116128748,14,495.0,0.23495883142827356,11,537.0,0.2145918706703227,15,426.0,0.0573383405416088,30,2155.0,0.18611975574719067,12,656.0,0.14686103019938077,14,735.0,0.2817023764745105,18,479.0,0.33263233562220285,4,26.0,0.2557688950182849,1,5.0,0.5955028220495157,2,3.0,0.6969078160829439,17,944.0,0.2664333484716546,12,489.0,0.2265373527844959,2,121.0,0.61302607331815,29,2005.0,0.05634502353462519,8,836.0,0.286621727053395,28,1063.0,0.051334849414508145,217,10975.0
990.0,493,166,229,1981,2474,0,3247.0,6.586206896551724,3.1994916467581525,13,482.0,0.19252547018143926,7,487.0,0.251384588881651,15,505.0,0.04965989488854626,25,2064.0,0.16052079168378883,15,598.0,0.09937860373387505,22,836.0,0.1787503093328727,18,569.0,0.2669060858078526,2,25.0,0.09526136816437232,1,10.0,0.3573898885007836,1,4.0,0.5045330088806308,23,1044.0,0.17997869805827976,9,497.0,0.2902473095053996,4,120.0,0.5170120746676148,33,2165.0,0.01110372766098065,7,856.0,0.22332585321892115,34,1222.0,0.013052712819194333,229,11484.0
995.0,501,165,229,1990,2491,0,3382.0,6.750499001996008,3.574092353419104,12,387.0,0.18652302156637687,4,357.0,0.2623408239034876,9,467.0,0.2994321875130824,19,1717.0,0.11627409518824681,11,461.0,0.22368084301368973,27,960.0,0.09795532827175285,18,659.0,0.13313414998271456,0,2.0,0.4657065432216863,2,13.0,0.6675152252323701,2,14.0,0.7134818406632086,32,1186.0,0.05487323606444786,8,531.0,0.16584692019160524,10,154.0,0.15068591940692677,35,2339.0,0.12963185025383253,10,891.0,0.26407884249603236,30,1198.0,0.13308675193212477,229,11336.0
1000.0,500,169,202,2003,2503,0,2858.0,5.716,3.5970676626104376,11,383.0,0.1818521101581266,2,307.0,0.25941782128819807,0,302.0,0.6086124534518365,12,1668.0,0.15482010609343316,8,496.0,0.22990900154637023,27,944.0,0.01950540169038982,14,612.0,0.10260134031499231,0,4.0,0.4633272807906721,2,15.0,0.6608191424575454,0,4.0,0.84035979771757,31,1186.0,0.01806297025059525,13,597.0,0.11987871539736043,11,171.0,0.08093707650297513,35,2516.0,0.15028872214954384,16,959.0,0.23040444297654916,20,1013.0,0.2398670499707707,202,11177.0
