step,system_total_running,system_total_backlogged,system_total_stopped,system_total_arrived,system_total_departed,system_total_teleported,system_total_waiting_time,system_mean_waiting_time,system_mean_speed,0_stopped,0_accumulated_waiting_time,0_average_speed,1_stopped,1_accumulated_waiting_time,1_average_speed,10_stopped,10_accumulated_waiting_time,10_average_speed,11_stopped,11_accumulated_waiting_time,11_average_speed,12_stopped,12_accumulated_waiting_time,12_average_speed,13_stopped,13_accumulated_waiting_time,13_average_speed,14_stopped,14_accumulated_waiting_time,14_average_speed,15_stopped,15_accumulated_waiting_time,15_average_speed,2_stopped,2_accumulated_waiting_time,2_average_speed,3_stopped,3_accumulated_waiting_time,3_average_speed,4_stopped,4_accumulated_waiting_time,4_average_speed,5_stopped,5_accumulated_waiting_time,5_average_speed,6_stopped,6_accumulated_waiting_time,6_average_speed,7_stopped,7_accumulated_waiting_time,7_average_speed,8_stopped,8_accumulated_waiting_time,8_average_speed,9_stopped,9_accumulated_waiting_time,9_average_speed,agents_total_stopped,agents_total_accumulated_waiting_time
5.0,16,0,0,0,16,0,0.0,0.0,13.645916052646172,0,0.0,0.9624019638419093,0,0.0,0.9526450291357424,0,0.0,1.0,0,0.0,1.0,0,0.0,0.9592680096725469,0,0.0,1.0,0,0.0,1.0,0,0.0,1.0,0,0.0,0.9571957708740935,0,0.0,0.9591446499412206,0,0.0,0.9543636591904975,0,0.0,1.0,0,0.0,1.0,0,0.0,1.0,0,0.0,0.9493979577635595,0,0.0,1.0,0,0.0
10.0,32,0,0,0,32,0,0.0,0.0,12.751959986888544,0,0.0,0.8952833839901678,0,0.0,0.9252010134722101,0,0.0,1.0,0,0.0,1.0,0,0.0,0.928292595178577,0,0.0,1.0,0,0.0,1.0,0,0.0,1.0,0,0.0,0.9332874662016273,0,0.0,0.940055214226482,0,0.0,0.9291865165166755,0,0.0,1.0,0,0.0,1.0,0,0.0,1.0,0,0.0,0.9251655864208135,0,0.0,1.0,0,0.0
15.0,40,0,0,0,40,0,0.0,0.0,12.791522002123504,0,0.0,0.83238187509772,0,0.0,0.8893579069909032,0,0.0,1.0,0,0.0,1.0,0,0.0,0.9627086630309006,0,0.0,0.9434532159246283,0,0.0,1.0,0,0.0,1.0,0,0.0,0.8724158326413132,0,0.0,0.9785722297249273,0,0.0,0.9713634112345572,0,0.0,0.9300967224289498,0,0.0,0.9839771543603858,0,0.0,0.9839815385757196,0,0.0,0.9636503612140854,0,0.0,1.0,0,0.0
20.0,56,0,2,0,56,0,6.0,0.10714285714285714,11.990533451991112,1,4.0,0.7275475247818581,0,0.0,0.9733669877049552,0,0.0,1.0,0,0.0,1.0,0,0.0,0.9538503394605543,0,0.0,0.9171561136046119,0,0.0,1.0,0,0.0,1.0,1,2.0,0.6768644254211234,0,0.0,0.9417839614563065,0,0.0,0.8112772146410504,0,0.0,0.9426079870056706,0,0.0,0.9646587705801045,0,0.0,0.9356277131881264,0,0.0,0.9609176517275676,0,0.0,0.9174593448527647,2,6.0
25.0,72,0,3,0,72,0,6.0,0.08333333333333333,10.466540478031012,1,4.0,0.6414693955398477,1,2.0,0.7435446832286356,0,0.0,0.9418631337965717,0,0.0,0.748694554799251,0,0.0,0.9878991439370525,0,0.0,0.7179600624717939,0,0.0,1.0,0,0.0,1.0,0,0.0,0.7317931999437253,1,3.0,0.6722092480846893,0,4.0,0.6806138443724922,0,0.0,0.8760063830922145,0,3.0,0.48358740669496236,0,0.0,0.9291595842670439,0,0.0,0.8378890568488719,0,0.0,0.9323633875014845,3,16.0
30.0,80,0,10,0,80,0,38.0,0.475,9.882832432579914,3,12.0,0.658738999052409,3,11.0,0.45405302101932216,0,0.0,0.9465460858953348,0,0.0,0.9503556098441927,0,0.0,0.9475126056405901,2,6.0,0.5772673164006737,0,0.0,1.0,0,0.0,1.0,0,0.0,0.9599739528927819,0,0.0,0.7019687837316853,1,7.0,0.6502471943862923,1,4.0,0.441830067779434,0,3.0,0.892639810305656,0,4.0,0.47377392307945465,0,0.0,0.9407007158499026,0,0.0,0.6912810315416679,10,47.0
35.0,96,0,5,0,96,0,32.0,0.3333333333333333,9.617336189676083,4,31.0,0.5084030296685824,0,7.0,0.5860268777574437,1,5.0,0.3214352083078686,0,0.0,0.9312501281910344,0,0.0,0.9769013976275281,0,0.0,0.5506704229371101,0,2.0,0.3799548119093946,0,0.0,0.9465607121031343,0,0.0,0.8519710422249565,0,0.0,0.959473936587548,0,3.0,0.7569706230069022,0,8.0,0.3523874842610654,0,7.0,0.854111237574239,0,4.0,0.9174789162988899,0,0.0,0.8675233354091038,0,1.0,0.6988193949343361,5,68.0
40.0,112,0,7,0,112,0,20.0,0.17857142857142858,10.465517919390688,1,25.0,0.6055692083687853,0,2.0,0.8391125011954162,1,10.0,0.7546897695416174,1,3.0,0.0,0,0.0,0.9576024368143649,0,0.0,0.872407868584018,0,4.0,0.8399718943328693,0,0.0,0.9283026073177374,0,0.0,0.7850282332602768,0,0.0,0.7964854779277122,2,6.0,0.5629246560731427,1,12.0,0.8061700822439656,0,4.0,0.8511952904535633,0,4.0,0.9378485967302312,1,1.0,0.7670290539208265,0,0.0,0.7622061308032732,7,71.0
45.0,120,0,10,0,120,0,48.0,0.4,10.648117562761211,1,7.0,0.6028316226756142,0,4.0,0.9194226779584067,0,2.0,0.9083587166089246,1,8.0,0.4528823983953972,0,0.0,0.9588149187899685,0,1.0,0.8098780313782044,0,2.0,0.9085751324816924,0,0.0,0.9851466161150362,1,2.0,0.580335659673226,0,0.0,0.9405037987640217,5,28.0,0.33596667928479795,0,8.0,0.937737002600476,0,4.0,0.9271807153134299,0,0.0,0.8693839459578927,1,6.0,0.7533386052722773,1,1.0,0.7141183138302349,10,73.0
50.0,136,0,12,0,136,0,34.0,0.25,9.370900057845084,2,8.0,0.5712857672940759,0,4.0,0.917729798923429,1,3.0,0.6334664478290354,0,0.0,0.9374515345256271,0,0.0,0.9288771718977084,0,1.0,0.64149696665327,0,2.0,0.835901133743951,0,2.0,0.6671050693911726,0,0.0,0.6897745666470133,0,0.0,0.8703195603028785,3,34.0,0.381016941091569,2,6.0,0.5895423831431936,1,6.0,0.2908493157663982,0,0.0,0.9068848596892944,1,15.0,0.5820811403993882,2,11.0,0.6335914705347526,12,92.0
55.0,150,0,20,2,152,0,85.0,0.5666666666666667,8.944647013788874,5,24.0,0.5758294432511414,0,0.0,0.70913930807291,1,5.0,0.13166828374386558,0,0.0,0.8569111752969436,0,2.0,0.8346616654476993,3,12.0,0.5883740508068424,0,2.0,0.917554571271628,0,2.0,0.9280138083135205,0,0.0,0.9190821382456118,2,2.0,0.6065853436605859,2,15.0,0.631885151267342,2,11.0,0.3097963251403742,1,15.0,0.6832736618040608,0,0.0,0.8294850020575951,0,4.0,0.7958811223459651,4,30.0,0.5899497231855112,20,124.0
60.0,158,0,27,2,160,0,107.0,0.6772151898734177,8.190577932970076,0,21.0,0.5404229546219121,3,15.0,0.5105742843050497,5,25.0,0.17136527071535806,2,4.0,0.5850051310875802,0,2.0,0.9460007760759092,0,9.0,0.39639897960503545,1,5.0,0.5543355717890128,0,2.0,0.9054608791324197,0,0.0,0.8338098051457689,3,17.0,0.4748321392879336,4,28.0,0.6152608998665003,4,18.0,0.19883471035051384,0,8.0,0.863562883662455,2,6.0,0.5674472433367671,2,8.0,0.7811857964211557,1,21.0,0.28576126926348516,27,189.0
65.0,174,0,32,2,176,0,165.0,0.9482758620689655,8.383486960302418,3,10.0,0.6035329180201625,0,9.0,0.7257015966034905,0,23.0,0.7499928643525892,4,25.0,0.49445993018397855,0,2.0,0.898995558072762,2,11.0,0.5790508442552783,1,12.0,0.668850698585963,0,0.0,0.5116963178957326,2,6.0,0.701114230277944,3,32.0,0.5452506611634196,2,22.0,0.3580003342714844,5,46.0,0.19319241905114987,0,4.0,0.9013361279478679,1,4.0,0.522224456403521,3,18.0,0.5536071428307595,6,21.0,0.10094152751395556,32,245.0
70.0,188,0,23,4,192,0,119.0,0.6329787234042553,8.90188892818103,0,4.0,0.6479438405704083,0,4.0,0.8729182197863494,0,6.0,0.9219095322665047,1,26.0,0.4917134944786108,0,0.0,0.8208865882980755,2,25.0,0.4860508936247186,0,8.0,0.8953669934622712,4,19.0,0.13906716272665975,1,3.0,0.4345071411946431,0,13.0,0.7849301548189997,6,32.0,0.4190594437623401,0,34.0,0.7199137185518054,1,3.0,0.5674447956183549,2,11.0,0.6104937929021401,6,42.0,0.3223598185405382,0,27.0,0.2737476712987846,23,257.0
75.0,190,0,23,10,200,0,77.0,0.4052631578947368,9.12511173705308,3,9.0,0.6052746307128498,1,3.0,0.5666158655074711,1,5.0,0.5308286911426621,6,28.0,0.5675225710348515,2,5.0,0.6782523116405926,0,4.0,0.7586135667966311,0,4.0,0.89922954791365,0,17.0,0.8059513345833103,5,18.0,0.3729820452163956,1,4.0,0.6206796061330916,2,36.0,0.5689124814924259,0,6.0,0.8830347929415666,1,10.0,0.7035669634214795,0,0.0,0.8513162801748789,1,38.0,0.3545745527830585,0,6.0,0.7881592871385005,23,193.0
80.0,201,0,27,15,216,0,136.0,0.6766169154228856,9.318009779291623,0,6.0,0.6478327895976678,3,14.0,0.45839336751438503,4,23.0,0.18592867380940178,6,54.0,0.5425766731580419,4,19.0,0.4793139109008389,2,9.0,0.695819467445471,0,0.0,0.4993532678929,0,6.0,0.90879936611679,2,27.0,0.6343393325847166,0,5.0,0.6070031934301605,3,20.0,0.6274767337178822,1,1.0,0.46190276439429867,0,4.0,0.8116640225189473,2,8.0,0.6751454375840353,0,8.0,0.7432767501165494,0,8.0,0.8892951314204303,27,212.0
85.0,212,0,22,20,232,0,94.0,0.44339622641509435,8.430474853322542,2,6.0,0.6605913073432726,0,10.0,0.7125895987692275,0,21.0,0.5310130603563263,1,50.0,0.33679084048255375,0,13.0,0.5429748653120813,0,8.0,0.2612886558485,1,11.0,0.2571168720322009,1,3.0,0.5305641149681734,3,16.0,0.6662610989733944,0,4.0,0.9307225090183462,5,39.0,0.5069571249181114,5,23.0,0.10725903098107892,0,0.0,0.8624601904142091,0,3.0,0.5248638227554944,3,10.0,0.6914267498559212,1,7.0,0.583601376135698,22,224.0
90.0,209,0,30,31,240,0,113.0,0.5406698564593302,8.391589072366514,0,3.0,0.630698389936977,0,4.0,0.9059718413787462,0,2.0,0.887385245235776,2,14.0,0.3950566199102538,0,0.0,0.8064509005410694,6,30.0,0.41258686795036814,2,23.0,0.72651232597284,5,20.0,0.20166994651752687,1,7.0,0.4368919948391753,1,5.0,0.7838037088104148,1,36.0,0.3393905498740818,0,29.0,0.5639456655224326,1,5.0,0.7209294983171683,5,21.0,0.47862119143996656,5,28.0,0.5702801326450803,1,12.0,0.3615539962198104,30,239.0
95.0,212,0,33,44,256,0,139.0,0.6556603773584906,8.443040841577684,2,8.0,0.6024545572706148,1,5.0,0.5574641468982515,0,0.0,0.7145585830319724,2,6.0,0.33753372143270477,2,3.0,0.7799180583519705,0,31.0,0.7198612032667128,0,8.0,0.9274970362431745,2,33.0,0.22387953151488002,6,22.0,0.38572345480752435,2,8.0,0.6014817557761335,2,13.0,0.6514564308915032,0,8.0,0.8650172167160035,1,9.0,0.7732610505865033,1,24.0,0.38390811705690003,7,58.0,0.3598956920321459,5,22.0,0.4126170833758573,33,258.0
100.0,220,0,37,52,272,0,207.0,0.9409090909090909,7.983429108008781,4,26.0,0.5699085905314218,0,2.0,0.37667791255385,2,13.0,0.18074599972889704,7,23.0,0.21690432272873136,3,16.0,0.7131561442772035,1,9.0,0.5600174279883204,1,5.0,0.33262282492793244,1,16.0,0.8107721477229708,1,30.0,0.46328012502208954,0,9.0,0.3830337179763545,3,13.0,0.6082736509868281,0,4.0,0.9074772467582157,0,2.0,0.743642203342266,5,24.0,0.4540087840843249,9,99.0,0.23949290657336123,0,25.0,0.6719169243990648,37,316.0
105.0,223,0,36,57,280,0,203.0,0.9103139013452914,7.976426484954319,1,18.0,0.5623260648896411,2,10.0,0.5267463879643544,0,16.0,0.7084508834326365,2,31.0,0.1361985299656073,4,36.0,0.5049429590940913,1,10.0,0.1316958611582319,0,12.0,0.2704290208327966,0,6.0,0.9004952067078105,2,14.0,0.6469652954956564,4,20.0,0.6255463049758265,6,38.0,0.37657324501338196,1,2.0,0.40612848759554493,1,5.0,0.7039222220772464,5,49.0,0.5188731145541694,5,100.0,0.4627731426306836,2,10.0,0.5094747112173829,36,377.0
110.0,219,0,29,77,296,0,149.0,0.680365296803653,8.277631580258642,2,8.0,0.6068422325727242,1,9.0,0.6291709855965664,0,6.0,0.90177234545423,1,16.0,0.36716119428978067,6,65.0,0.3293175155677465,6,29.0,0.12692912736816025,0,8.0,0.8274652472741014,2,9.0,0.026949512854285297,0,3.0,0.6815847521707862,0,16.0,0.62470334582915,5,48.0,0.26868391132355374,3,19.0,0.2200665064431996,1,14.0,0.7459785086002201,2,41.0,0.4872290326988573,0,40.0,0.6243408168321117,0,7.0,0.40614055547115757,29,338.0
115.0,224,0,34,88,312,0,225.0,1.0044642857142858,8.758526712714952,2,8.0,0.5216300981541282,1,11.0,0.8092558992295937,2,5.0,0.5732952186609828,2,14.0,0.6860509081469097,9,104.0,0.2401175953204742,6,59.0,0.38929506138810105,0,8.0,0.9069383173931386,0,7.0,0.3053324913621766,2,3.0,0.48707909184769843,2,5.0,0.6052794042392299,4,34.0,0.42898097798410334,0,13.0,0.8136553128206246,0,4.0,0.8107569732952502,2,17.0,0.2713304097440702,2,7.0,0.4771516181955719,0,8.0,0.7047522256830075,34,307.0
120.0,214,0,27,106,320,0,131.0,0.6121495327102804,8.190625827920439,4,22.0,0.5205123991197588,0,2.0,0.5371173035073074,5,21.0,0.013506879228274472,2,24.0,0.8048657453962357,4,101.0,0.25164117930622354,0,50.0,0.628995853798106,1,6.0,0.4614161098074184,0,2.0,0.9377681224754941,0,5.0,0.5515213792863428,3,11.0,0.38981272333562006,3,30.0,0.5239058163851672,0,8.0,0.8855671421378813,0,4.0,0.8177070114072971,2,25.0,0.6410053525858175,1,16.0,0.34736661865124147,2,12.0,0.5946464513807441,27,339.0
125.0,219,0,36,117,336,0,148.0,0.6757990867579908,7.969963959562206,2,23.0,0.49862598975752165,3,13.0,0.4987789338067129,1,23.0,0.29116000722336416,1,3.0,0.5515040671311775,0,42.0,0.5864394366987105,0,6.0,0.636589961384415,6,28.0,0.056196375922370166,0,2.0,0.934141922648664,2,9.0,0.6640406217725301,3,25.0,0.6993346395413333,6,40.0,0.544792417102276,1,5.0,0.43104247935611417,0,0.0,0.534524146488619,1,9.0,0.7966046719120337,4,23.0,0.5246872420065603,6,32.0,0.34760402825223075,36,283.0
130.0,227,0,51,125,352,0,272.0,1.198237885462555,7.949283539963181,3,18.0,0.6233613074846673,1,13.0,0.6356810202169052,0,3.0,0.7797314744443445,7,23.0,0.14124034849976894,2,31.0,0.63881797834896,3,11.0,0.569782933698948,0,28.0,0.5749745543841402,0,0.0,0.5794797923134019,0,3.0,0.7235421538375872,1,15.0,0.7127274613197271,8,70.0,0.37793918874365,7,33.0,0.10182264140990885,0,2.0,0.4164031743037726,1,12.0,0.7945319689694861,6,50.0,0.5708972350754764,12,77.0,0.318778388662105,51,389.0
135.0,231,0,65,129,360,0,500.0,2.1645021645021645,7.160187725996185,0,10.0,0.52600791258463,1,9.0,0.8145822497551998,1,5.0,0.6639602554955301,4,40.0,0.16564307148768487,7,54.0,0.41370297834412867,8,34.0,0.3123514305812351,0,4.0,0.9222677542990074,4,15.0,0.05862568015304769,1,4.0,0.38393353925878076,2,11.0,0.4851969210219804,10,117.0,0.21370678887667896,7,68.0,0.3783716425681952,0,4.0,0.7949963511827948,0,2.0,0.30244698237530987,8,83.0,0.4184621993768448,12,137.0,0.2882902487083973,65,597.0
140.0,236,0,60,140,376,0,527.0,2.233050847457627,6.845162413260184,3,8.0,0.6582004343833189,1,5.0,0.530908236995249,3,18.0,0.19002576224666012,0,21.0,0.7244974006090732,10,101.0,0.38150870264295716,6,56.0,0.04677387349776686,0,0.0,0.9513462305765038,1,24.0,0.4903993949183452,2,12.0,0.43637775262198303,1,11.0,0.41392279482560745,12,171.0,0.35497347586757416,1,62.0,0.5668210443494712,0,6.0,0.7972165583078101,2,12.0,0.15559023814208564,11,131.0,0.32888373894147654,7,145.0,0.08523271564659857,60,783.0
145.0,231,0,58,161,392,0,569.0,2.463203463203463,7.442326821383186,0,4.0,0.6440692054298885,3,16.0,0.507003929237476,8,48.0,0.3676065098593765,0,2.0,0.8375460155849678,6,104.0,0.4324493370106088,2,51.0,0.275538204409347,1,1.0,0.6297426932409876,0,6.0,0.8496301239044767,4,16.0,0.6307505091588427,2,16.0,0.7243901451671665,12,231.0,0.3940076205808498,2,17.0,0.15335796548825684,0,8.0,0.5351116446391401,0,4.0,0.8792186534442978,12,187.0,0.18182566693109792,6,107.0,0.18811021171739564,58,818.0
150.0,230,0,40,170,400,0,431.0,1.873913043478261,7.517483232140423,2,5.0,0.6536683554942502,1,15.0,0.5652160837561478,2,52.0,0.5442521305360513,0,0.0,0.9140250225844427,3,61.0,0.42188231438790885,2,41.0,0.4433412832341082,1,12.0,0.3363839723143374,1,5.0,0.7871440700908257,1,13.0,0.6059494596261251,1,5.0,0.7774891809580204,15,298.0,0.2185302015749228,1,25.0,0.19268060476888033,0,9.0,0.5837361922751035,0,4.0,0.9192298099405847,8,185.0,0.29993390352129823,2,90.0,0.22881097958517135,40,820.0
155.0,234,0,46,182,416,0,491.0,2.0982905982905984,7.609216685146571,1,3.0,0.63461446061861,1,11.0,0.7904480274955451,2,23.0,0.49131913186831816,1,1.0,0.47353089890449523,4,65.0,0.23276077067451761,7,66.0,0.5522870117297878,1,19.0,0.7776168098055718,1,10.0,0.6804888750903834,3,13.0,0.40799183448335075,2,9.0,0.6284274306156823,17,383.0,0.12143988972043557,1,23.0,0.6766634224253485,1,9.0,0.5398702802497511,0,0.0,0.46761591483544196,0,101.0,0.5585365455497462,4,84.0,0.6282021213126262,46,820.0
160.0,242,0,63,190,432,0,662.0,2.7355371900826446,7.230091318712947,3,15.0,0.6303365643570954,2,7.0,0.45844309382630916,3,26.0,0.43077806943200864,1,10.0,0.7078821655423967,10,95.0,0.2680062279530614,3,62.0,0.37274673301954936,0,4.0,0.8677429538621814,4,24.0,0.23811976675035482,3,22.0,0.40504636907331,1,8.0,0.5575466423357158,19,473.0,0.24146344533928604,1,28.0,0.7474422383319963,6,29.0,0.5102599648970794,0,4.0,0.41028139637775374,3,90.0,0.4733618288163012,4,104.0,0.6826730270377359,63,1001.0
165.0,241,0,61,199,440,0,602.0,2.4979253112033195,7.0955302505506355,0,12.0,0.6007218249567973,4,23.0,0.3535906246633902,2,23.0,0.34179555909748355,0,4.0,0.8108661246311953,13,156.0,0.3742239362696001,6,42.0,0.36855620410999174,0,4.0,0.528649312756359,1,21.0,0.25441128838952665,3,18.0,0.6385060709368662,1,10.0,0.8173623226129397,15,466.0,0.26883919463527656,1,33.0,0.545643279234191,0,24.0,0.3039529059547246,0,8.0,0.7910744350624257,9,120.0,0.1917097651511376,6,125.0,0.30891102704337303,61,1089.0
170.0,243,0,61,213,456,0,480.0,1.9753086419753085,7.2637116685861205,2,5.0,0.5935153687636433,0,21.0,0.6702088358752681,2,12.0,0.17194260528242056,0,4.0,0.9040311155966353,9,165.0,0.3901015879795759,6,65.0,0.4767335686235262,2,18.0,0.18997053592089874,2,14.0,0.6716777739628639,2,13.0,0.5634495459839645,0,4.0,0.7350742520507728,8,311.0,0.1930494776562719,1,40.0,0.6980507896919856,3,14.0,0.12693322423195477,0,8.0,0.8526249190756706,13,177.0,0.14277354558005398,11,171.0,0.31301865001341733,61,1042.0
175.0,246,0,45,226,472,0,394.0,1.6016260162601625,7.443348136318678,1,5.0,0.5861466182503976,0,4.0,0.8910507302068491,1,13.0,0.33468069309345294,0,0.0,0.45525510202070923,5,95.0,0.28766052826645316,6,95.0,0.5310422680175231,0,4.0,0.8420872906076239,0,6.0,0.7616724202179683,6,27.0,0.3539466403160556,3,11.0,0.5600313281338797,1,293.0,0.23115877936750556,0,8.0,0.8446832119029803,0,14.0,0.6349170715585246,2,12.0,0.544988445271101,9,180.0,0.1992543430310565,11,228.0,0.28696428877069463,45,995.0
180.0,243,0,43,237,480,0,312.0,1.2839506172839505,7.5593814321072905,4,16.0,0.5496610470559248,0,0.0,0.6758627793890462,2,13.0,0.49837105528636033,0,2.0,0.4410108302858351,3,102.0,0.23921323025382893,6,125.0,0.4975416706568372,0,4.0,0.8682868425638338,0,4.0,0.79145126229664,8,60.0,0.32193420458870303,2,10.0,0.35356440051407645,6,313.0,0.32498573029210814,0,4.0,0.8790709088003594,0,4.0,0.9250909631055382,6,30.0,0.15779969827961615,1,109.0,0.4314591692966017,5,188.0,0.2949130895888495,43,984.0
185.0,246,0,57,250,496,0,312.0,1.2682926829268293,7.3668571455623555,6,42.0,0.4709361506147787,3,7.0,0.5117460991862651,3,28.0,0.7102492689154026,0,6.0,0.6050252469873344,6,118.0,0.21352442039930974,3,100.0,0.28889078456218875,0,4.0,0.5148287122402226,1,6.0,0.49139844089794493,9,104.0,0.47356174571966686,3,16.0,0.510080304327447,13,361.0,0.31208629910088526,3,5.0,0.3196491399254476,0,2.0,0.9055811045440979,0,28.0,0.54371623192683,4,115.0,0.4652994728267102,3,71.0,0.4882120837972767,57,1013.0
190.0,241,0,72,271,512,0,510.0,2.116182572614108,6.6226604622492165,3,41.0,0.48381675507057836,0,7.0,0.5706366920276611,5,47.0,0.5699499010045948,0,6.0,0.8958495522742276,13,169.0,0.3148141627867536,1,12.0,0.264454868543723,0,4.0,0.8291154287898349,2,12.0,0.0,11,152.0,0.26415530732006126,1,10.0,0.6464146900005554,19,440.0,0.22257649023056505,4,27.0,0.16228377245546288,2,4.0,0.6157852876693135,1,9.0,0.797394298691543,9,143.0,0.33727461379647594,1,52.0,0.546902579528897,72,1135.0
195.0,236,0,74,284,520,0,583.0,2.4703389830508473,5.959283047618858,3,19.0,0.5810468117823883,0,4.0,0.877972308459514,4,40.0,0.34750090461812055,1,7.0,0.8234372706976906,10,178.0,0.38389243317210187,0,11.0,0.4373292987833988,0,6.0,0.8618039819277624,0,0.0,1.0,15,218.0,0.15180833558972473,2,12.0,0.535124223412838,17,437.0,0.10864266369932268,0,23.0,0.6460245095411945,0,4.0,0.3715079370156496,1,10.0,0.25790737450050755,14,202.0,0.269240968337998,7,66.0,0.3774511298135108,74,1237.0
200.0,245,0,81,291,536,0,715.0,2.9183673469387754,6.250195983023712,4,22.0,0.4342928691641945,0,4.0,0.809966248162,6,29.0,0.1199862656618422,0,0.0,0.6152048310397702,4,113.0,0.36392648846957487,5,31.0,0.6671321036304578,0,4.0,0.851012338009862,0,0.0,0.9454748128859776,15,293.0,0.20035920178841596,0,3.0,0.618595461912621,11,340.0,0.15241023386558158,0,8.0,0.884963942949918,2,12.0,0.6454625488125503,7,36.0,0.3807377289390668,18,285.0,0.1961558865469503,9,111.0,0.17202061096231375,81,1291.0
205.0,256,0,75,296,552,0,870.0,3.3984375,6.767079196240965,7,45.0,0.5138460648627424,3,10.0,0.5483761018667282,6,49.0,0.26402290066314443,4,14.0,0.1491300909980352,2,119.0,0.4009125671024693,5,52.0,0.6122663664650005,0,4.0,0.8014738871896637,0,0.0,0.9064976227023479,15,368.0,0.3306455667128839,0,0.0,0.9003892253175504,5,339.0,0.3443407723398821,0,4.0,0.8393635533391571,3,27.0,0.6718940783038926,1,41.0,0.6240537786208653,20,383.0,0.10836080750501102,4,94.0,0.2289274153452292,75,1549.0
210.0,257,0,73,303,560,0,991.0,3.8560311284046693,6.008516695838934,3,43.0,0.4144017720524752,0,12.0,0.49263054961143343,2,54.0,0.40646973885565796,0,16.0,0.6561033799912832,7,145.0,0.2711673642231477,7,80.0,0.1334681624834176,2,6.0,0.704201531793863,2,7.0,0.5603339137922778,15,443.0,0.2505554584131644,0,0.0,0.9508733249938802,9,365.0,0.3321114660182621,2,11.0,0.25694853722815153,0,13.0,0.3964242084982853,2,17.0,0.6270517671279074,21,488.0,0.14580881935636145,1,38.0,0.6508027057354382,73,1738.0
215.0,268,0,105,308,576,0,1434.0,5.350746268656716,6.413528432984446,2,16.0,0.5819732718382108,1,9.0,0.7773956774307572,5,35.0,0.6225311156134212,0,8.0,0.8883437485974068,14,204.0,0.15341235724572724,11,131.0,8.684852432693207e-05,2,16.0,0.5677732963617168,2,17.0,0.6125060018219692,19,528.0,0.1278629293250297,0,0.0,0.9468068998933831,13,417.0,0.17219077580119513,1,13.0,0.525768906532387,4,21.0,0.47392394559568685,5,28.0,0.5090446343036232,24,602.0,0.22965123123566916,2,38.0,0.5351191686811313,105,2083.0
220.0,272,0,105,320,592,0,1817.0,6.680147058823529,6.443472406420159,4,24.0,0.6282570281866325,1,14.0,0.8126961130597107,0,31.0,0.4896761713350212,0,4.0,0.9097195805411197,13,218.0,0.21394915540437875,11,192.0,0.3131255982973094,2,30.0,0.2526475801718938,0,4.0,0.9329825718499063,20,627.0,0.16272721745320706,0,0.0,0.9546279072227256,21,512.0,0.07598928613050963,0,6.0,0.823419256322277,0,16.0,0.7121466692458562,5,57.0,0.3339603092376552,25,720.0,0.23977912419624156,3,53.0,0.1650066315749984,105,2508.0
225.0,261,0,106,339,600,0,1874.0,7.180076628352491,5.816712953149678,1,14.0,0.5711030265748074,4,23.0,0.5595310587614559,4,19.0,0.277222121557181,2,6.0,0.5524237627631682,6,167.0,0.3507586298140726,11,247.0,0.4635792775171139,0,4.0,0.8659895356297976,0,4.0,0.8063550680325194,14,606.0,0.20155884993851514,0,4.0,0.7567457744019422,26,634.0,0.06623077471758192,1,4.0,0.6936275381161138,1,7.0,0.7035566237986483,5,82.0,0.4920807416438729,28,853.0,0.17270775713442316,3,68.0,0.33955830414679866,106,2742.0
230.0,273,0,104,343,616,0,1933.0,7.08058608058608,5.576582572965997,2,7.0,0.6422459199859756,7,52.0,0.2516142630219957,1,24.0,0.15337736009839306,6,30.0,0.4349176598728889,2,159.0,0.4147879846902509,12,301.0,0.3276653961479987,0,4.0,0.8778248243450429,0,4.0,0.7432339364577848,7,452.0,0.2667130858139906,0,4.0,0.8888885590516911,28,769.0,0.17904334231866006,1,9.0,0.6913257907962747,4,18.0,0.2961743343488266,5,107.0,0.6217335809576184,29,995.0,0.031178026212429412,0,24.0,0.8173747606190611,104,2959.0
235.0,285,0,107,347,632,0,2041.0,7.161403508771929,4.999397723408877,1,3.0,0.627923164835711,7,67.0,0.30486824210880104,5,30.0,0.3611344677399791,2,30.0,0.42805333392744793,8,189.0,0.3611020712797393,15,370.0,0.0070514493618570795,0,0.0,0.6324968479212416,3,10.0,0.3486180519169848,2,463.0,0.34893716820873677,0,2.0,0.7856938879880965,24,779.0,0.2356397967994608,1,5.0,0.4862770440006558,0,20.0,0.272468957651449,8,141.0,0.42530584371441693,31,1146.0,0.02993765017990473,0,0.0,0.723947416830684,107,3255.0
240.0,289,0,121,351,640,0,2278.0,7.882352941176471,5.078954865058755,3,13.0,0.6398696288232052,2,49.0,0.5631835830131401,0,28.0,0.709000492206953,6,27.0,0.5316494272914968,14,247.0,0.16713638008724493,18,459.0,7.600884977982506e-05,0,4.0,0.5065757025922627,3,20.0,0.1296775032662712,8,490.0,0.36750372495090994,2,7.0,0.5141212545260131,17,665.0,0.16802263104412007,3,17.0,0.5777402045218678,0,6.0,0.9194537946708529,10,189.0,0.03864992897135314,33,1306.0,0.009875435853327116,2,6.0,0.4315866470005292,121,3533.0
245.0,296,0,109,360,656,0,2140.0,7.22972972972973,4.919543251892193,2,10.0,0.5611923773248596,3,22.0,0.6029713160561461,2,10.0,0.6001874868669029,2,31.0,0.37521960215077316,19,334.0,0.08053918222906745,18,553.0,0.042086733043054984,0,4.0,0.9007201619063478,1,15.0,0.3774807256697719,8,420.0,0.3475866713620298,1,8.0,0.4623919866020739,10,673.0,0.12487571217644898,0,10.0,0.6678719646211781,0,6.0,0.9214220402348747,15,262.0,0.06185051118096604,28,1314.0,0.04318306195473263,0,14.0,0.19418483605332484,109,3686.0
250.0,299,0,102,373,672,0,1609.0,5.381270903010034,5.2957286237185786,3,15.0,0.6242739154794091,1,13.0,0.39315622151994856,3,21.0,0.5581066866106676,4,21.0,0.24698112288214155,22,438.0,0.07337102540360983,12,524.0,0.2600975332931996,0,6.0,0.8652969395420017,2,13.0,0.5035551836925505,5,258.0,0.29669415128959714,2,15.0,0.7049089670413897,9,720.0,0.24647303687072708,2,11.0,0.19868587011295158,1,3.0,0.6379852653710271,15,337.0,0.23441044958314855,21,1158.0,0.20244603860455546,0,8.0,0.8478257350645954,102,3561.0
255.0,289,1,85,390,679,0,1025.0,3.546712802768166,5.615880491590907,1,9.0,0.4813366263473279,5,28.0,0.3456879648122157,3,36.0,0.5840266895226218,2,22.0,0.08163554087915069,24,554.0,0.042024272184832026,2,317.0,0.5064778323711105,0,4.0,0.8221664859583031,4,30.0,0.5294631463780803,5,272.0,0.257928871122403,0,4.0,0.9026925251207423,9,668.0,0.23870986418601856,7,41.0,0.3975269969425225,0,4.0,0.3352640142245033,9,309.0,0.3569957217314868,14,873.0,0.3080656319963968,0,4.0,0.9071180260554992,85,3175.0
260.0,299,3,63,394,693,0,714.0,2.387959866220736,5.85766911377403,3,14.0,0.5378839512308226,2,38.0,0.5101612593595136,0,13.0,0.6420649984675207,4,27.0,0.08342853448409848,26,679.0,0.1044971480280799,2,318.0,0.40629967306491777,0,4.0,0.8536011046751831,0,25.0,0.19628063555973757,7,304.0,0.24157405083489392,1,2.0,0.6936507682162429,7,523.0,0.1660004264871411,1,41.0,0.6573274655331666,1,13.0,0.6907764094295773,1,175.0,0.3251613831569681,8,916.0,0.27090523524307586,0,0.0,0.6427994902826885,63,3092.0
265.0,311,5,64,396,707,0,592.0,1.9035369774919615,5.94656690518131,2,12.0,0.4889353116751123,3,25.0,0.6094862133052643,2,7.0,0.589931477669239,0,18.0,0.6138591878227384,21,701.0,0.22740919245095145,8,350.0,0.20176182473332804,2,4.0,0.4403249588723196,0,2.0,0.5290438758352712,8,243.0,0.31886578946588495,0,4.0,0.6341483602572695,3,501.0,0.16039787071246775,1,12.0,0.5674192730687322,0,4.0,0.8871705051376327,4,182.0,0.11699255008057528,7,951.0,0.20991444384497368,3,11.0,0.43321070190954675,64,3027.0
270.0,307,2,83,411,718,0,545.0,1.775244299674267,5.878154760810425,5,19.0,0.5359922459966276,1,15.0,0.46760478170781494,0,7.0,0.7818805838952547,0,7.0,0.8200615851577303,14,595.0,0.2540950258092314,11,405.0,0.3230722570240722,4,24.0,0.09574792232862844,3,10.0,0.6382830057749639,8,132.0,0.2513580119392084,0,4.0,0.8767257200827971,9,518.0,0.2328984104420378,3,21.0,0.19432439917659566,0,4.0,0.8422924185388762,9,217.0,0.32918519310938654,14,1007.0,0.2592456717319139,2,12.0,0.20566993628224137,83,2997.0
275.0,306,0,89,430,736,0,546.0,1.7843137254901962,5.2954917518763525,2,21.0,0.5023248463758555,5,19.0,0.3825679951614987,4,11.0,0.46274463358930173,0,3.0,0.8512065361542983,9,561.0,0.24125868678475923,11,460.0,0.3769471235691857,0,18.0,0.6711345728079962,5,34.0,0.5762223476154107,6,156.0,0.22963190913589,0,4.0,0.8571820244991475,15,578.0,0.22825877596166816,8,49.0,0.3420535293223125,2,7.0,0.25567124393529156,5,192.0,0.4087494005725791,14,946.0,0.24041889735007893,3,23.0,0.5610677658077129,89,3082.0
280.0,315,0,87,437,752,0,542.0,1.7206349206349207,4.922340389330706,4,21.0,0.6173152489745368,3,25.0,0.5414235771622946,3,23.0,0.2035363324544586,2,9.0,0.3422529234531952,7,598.0,0.16362109301896188,15,526.0,0.13727643176232737,0,4.0,0.9312071408778863,3,35.0,0.0941880714851253,8,184.0,0.2510402962932973,2,4.0,0.5852728746718013,16,551.0,0.08901488861364883,2,52.0,0.4773210834561169,2,19.0,0.6189040413522764,3,71.0,0.47654736707817885,14,751.0,0.13254436285980994,3,40.0,0.6827671814391052,87,2913.0
285.0,321,0,95,439,760,0,673.0,2.0965732087227416,5.194464691444426,2,18.0,0.4434425770892786,5,31.0,0.5625176327336749,4,30.0,0.2976840562443609,1,15.0,0.504588980928351,12,653.0,0.13096148662700574,19,613.0,0.04725570363806824,0,2.0,0.22405948423139327,6,32.0,0.16751345295945022,16,251.0,0.22268001424604916,0,0.0,0.6361809662683463,17,463.0,0.11980604359600175,0,21.0,0.5634564762642605,0,8.0,0.8429836803136042,3,79.0,0.34108143698053756,9,741.0,0.11589723078344166,1,21.0,0.6585894746266001,95,2978.0
290.0,320,1,111,455,775,0,825.0,2.578125,5.443029858472355,5,22.0,0.534650009359685,3,31.0,0.3723452810824806,3,30.0,0.66759658568256,0,8.0,0.8941811667377362,13,618.0,0.2238446434062651,19,712.0,0.08420924454063737,3,16.0,0.14245470549082534,2,41.0,0.43396729078090523,17,256.0,0.16046075357132833,0,4.0,0.7782996900584256,16,333.0,0.2703184199208398,4,23.0,0.5844787741606662,0,2.0,0.8626681756180263,7,89.0,0.3583943812374362,14,799.0,0.10717623597146432,5,20.0,0.36235054076744044,111,3004.0
295.0,318,3,95,471,789,0,890.0,2.79874213836478,5.766415193243718,3,24.0,0.5091771968379981,5,29.0,0.42122704483331386,3,34.0,0.7144881596465747,0,4.0,0.8640890129083687,11,484.0,0.3013756440023095,19,811.0,0.20499622118727523,0,10.0,0.6905805040084875,3,31.0,0.5690312311039616,14,230.0,0.20272039015416923,0,4.0,0.8854576916618232,4,351.0,0.31080686254764484,6,53.0,0.5583091334633435,2,2.0,0.5796295738121788,9,129.0,0.4539002118375617,15,867.0,0.10746633509174733,1,18.0,0.11959629939335417,95,3081.0
300.0,323,1,94,476,799,0,881.0,2.7275541795665634,5.360146855893252,4,21.0,0.5150517092045125,5,53.0,0.5743179379342733,6,49.0,0.2889060372688329,1,5.0,0.460441064153369,11,531.0,0.16311455969724356,15,736.0,0.20977885910960725,0,8.0,0.8252005247674016,0,16.0,0.23373831269173723,6,244.0,0.25838788083085046,1,6.0,0.8194177324022439,7,332.0,0.24168970059262776,1,45.0,0.5775705305089934,4,19.0,0.46014316698423013,9,170.0,0.4846017216911756,22,962.0,0.1532592477034835,2,13.0,0.12826815326115043,94,3210.0
305.0,335,1,94,480,815,0,804.0,2.4,5.2786020058317815,0,15.0,0.49659510126499384,5,78.0,0.6287556792971689,10,97.0,0.1126377986139096,0,2.0,0.4662139645669743,8,582.0,0.11221227985946325,10,521.0,0.2961287747114853,2,10.0,0.7068502517423325,0,2.0,0.4705729134642741,7,265.0,0.26956517155067566,2,9.0,0.6192058156243216,13,389.0,0.1498842138767348,4,21.0,0.3582745008351207,1,17.0,0.44985216232885455,5,136.0,0.2770398989430687,27,1087.0,0.2152077004791362,0,4.0,0.8488387522091987,94,3235.0
310.0,335,3,105,494,829,0,879.0,2.6238805970149253,5.203913182202687,3,13.0,0.5888148734968708,1,57.0,0.3664645961122094,11,152.0,0.3383852673666032,0,0.0,0.5365265904302519,11,540.0,0.21655462774522743,2,493.0,0.23194601813837856,4,28.0,0.5930882136479848,0,4.0,0.8361113730274558,8,261.0,0.2302950604180905,1,8.0,0.412264543227898,15,376.0,0.19875498619606136,7,52.0,0.35686633085455743,5,25.0,0.5102878294195615,3,68.0,0.1845336806592239,34,1242.0,0.1618414544101364,0,4.0,0.8478297594212634,105,3323.0
315.0,333,2,99,505,838,0,912.0,2.7387387387387387,5.299377849984159,2,14.0,0.5297857436796237,1,11.0,0.45748522947278797,11,207.0,0.27845189629568745,0,2.0,0.4543335360619089,8,402.0,0.26908135282441314,7,520.0,0.24785109420734694,4,26.0,0.23280665543585238,0,4.0,0.9064344732739079,7,189.0,0.39773831823051614,3,18.0,0.6778169318317863,13,304.0,0.2492711868830797,7,89.0,0.4494559424969616,0,21.0,0.2231221435948021,4,74.0,0.3617995682639394,31,1239.0,0.07734722644601663,1,6.0,0.6201061517804723,99,3126.0
320.0,332,4,101,520,852,0,747.0,2.25,4.8002500430724835,4,20.0,0.5669453916764065,3,16.0,0.5020950060568503,8,194.0,0.09838287608029876,0,8.0,0.7338132587219616,8,399.0,0.233049522919446,14,576.0,0.0912947854429683,5,23.0,0.24682948407046326,1,6.0,0.530295485878206,2,168.0,0.31876525072765466,1,13.0,0.7123032588597216,11,235.0,0.17449689748367633,2,82.0,0.5238343025209531,5,20.0,0.13662490809563083,9,103.0,0.44549897514400255,27,1078.0,0.06964782131556528,1,8.0,0.4735179732959325,101,2949.0
325.0,340,6,84,526,866,0,634.0,1.8647058823529412,5.139010545508778,0,19.0,0.5629154933335835,7,44.0,0.522767345616702,3,122.0,0.245813272571515,0,8.0,0.8962105956226465,7,440.0,0.13408156911025976,14,509.0,0.20696774500875736,6,50.0,0.15589233576408074,6,28.0,0.03460649261306597,7,181.0,0.2940814235534863,3,15.0,0.564331898827103,2,252.0,0.223846776036502,2,35.0,0.528242805892117,0,24.0,0.7452567938234448,11,153.0,0.1582817409979781,16,1100.0,0.12837440682891849,0,5.0,0.4920860395676911,84,2985.0
330.0,344,7,95,529,873,0,641.0,1.8633720930232558,5.405290334081206,2,6.0,0.5480155122757605,4,51.0,0.2687804701818798,2,102.0,0.3927284912628506,0,4.0,0.8577925891098143,13,498.0,0.22097406262686253,9,348.0,0.41180964974411643,6,84.0,0.44930142704578324,5,43.0,0.21226894155865547,13,234.0,0.19535947114099173,2,13.0,0.3183591725381795,7,257.0,0.3075038574813169,2,22.0,0.4421748775563215,0,8.0,0.9112899111606672,15,218.0,0.0009174578123979146,14,1150.0,0.22162435143498171,1,9.0,0.453308743308882,95,3047.0
335.0,343,9,99,544,887,0,769.0,2.24198250728863,5.50225718618354,2,6.0,0.5338834265920646,2,28.0,0.3667502171921389,6,117.0,0.5385171184199165,1,5.0,0.5044542029943888,14,467.0,0.20570639939966148,2,299.0,0.45536677975830864,6,116.0,0.5652847183647316,0,21.0,0.7045361102269234,18,320.0,0.3219993346868164,4,24.0,0.47826351681821244,7,249.0,0.300347684927644,7,52.0,0.20962512950055934,1,5.0,0.6150430910139392,16,302.0,0.21211178136559833,8,1051.0,0.27570305576612886,5,27.0,0.42959315027911077,99,3089.0
340.0,353,7,106,552,905,0,914.0,2.5892351274787537,5.102026925956121,6,26.0,0.554146569122216,2,25.0,0.5711057545618703,0,77.0,0.5226556261572296,6,31.0,0.10712020464312665,14,362.0,0.13947014828692006,6,320.0,0.4142064439606457,9,153.0,0.3610993837911243,0,0.0,0.8811471872206422,15,335.0,0.22011163518273547,2,24.0,0.4509343376425691,5,192.0,0.2332634393683077,11,107.0,0.29879840702430815,0,2.0,0.2948740867295434,16,385.0,0.26688088581226954,7,824.0,0.16335454068174923,7,64.0,0.5843226870897686,106,2927.0
345.0,356,7,116,557,913,0,950.0,2.668539325842697,4.858882940199969,2,29.0,0.469710389425047,7,48.0,0.47027777335559895,4,10.0,0.2062947831565913,1,35.0,0.532899670642239,14,265.0,0.14318940103829944,12,368.0,0.299382388811744,14,208.0,0.11285139465452886,0,0.0,0.8872225694283481,14,253.0,0.19317570997187072,3,22.0,0.6182179626930747,4,167.0,0.19139789367833407,13,169.0,0.33754010866617346,4,14.0,0.11717364939506737,11,364.0,0.28898699166427105,6,785.0,0.12616277806318643,7,95.0,0.5001273226684871,116,2832.0
350.0,361,7,99,568,929,0,682.0,1.889196675900277,5.01010730239923,3,11.0,0.6256657976932624,11,91.0,0.2307199732962565,2,16.0,0.08736972076155476,0,9.0,0.8576521749757342,1,291.0,0.31472884615796587,19,450.0,0.2060913263850131,9,204.0,0.07143132226573966,0,2.0,0.41790520958837124,3,246.0,0.3007585799880993,0,15.0,0.6644001707914794,6,186.0,0.2936619566754579,12,184.0,0.30048069707158037,5,46.0,0.18226735131060437,7,246.0,0.23906307720592102,11,828.0,0.23051718520568554,10,138.0,0.10264365476963509,99,2963.0
355.0,358,10,109,584,942,0,863.0,2.410614525139665,5.489752324846346,5,26.0,0.5606653991296073,13,155.0,0.22874267080802202,0,5.0,0.5315482374319751,2,10.0,0.22916883148591932,6,286.0,0.357075632519794,26,567.0,0.13447065787684792,1,103.0,0.5007978718048075,0,4.0,0.869231708925804,7,259.0,0.3205078844418196,2,6.0,0.5862569515968448,13,236.0,0.3387740002573262,6,153.0,0.2738171971659162,0,36.0,0.7108039654502958,1,218.0,0.3638817773840437,13,884.0,0.22891574479557342,14,202.0,0.00012856429880201415,109,3150.0
360.0,352,6,127,602,954,0,1165.0,3.309659090909091,4.846382235344017,0,20.0,0.5415695068829539,7,167.0,0.2718289758990778,2,14.0,0.6451003189209891,6,32.0,0.42755501225217624,13,333.0,0.18213615835407815,29,711.0,0.07976672242168785,1,35.0,0.7919374811873033,0,4.0,0.8977209270116459,8,240.0,0.20346516870463147,2,11.0,0.35803794270603717,20,315.0,0.24150815161028819,4,161.0,0.22169269301375305,0,6.0,0.9134478029338257,6,216.0,0.38197409785898706,15,825.0,0.16259158652887068,14,279.0,0.10213386090962834,127,3369.0
365.0,351,7,142,618,969,0,1496.0,4.262108262108262,4.872829761532111,1,5.0,0.6593041994199328,2,110.0,0.5514878038000621,2,22.0,0.7221336575729281,0,30.0,0.6871158530719459,16,342.0,0.07236609854821492,29,860.0,0.028652776433665473,1,23.0,0.23768643010114146,2,7.0,0.5413820924445196,5,174.0,0.4559549069280415,2,14.0,0.6443634815948095,25,426.0,0.11037536923656936,10,193.0,0.12479518224597771,2,7.0,0.37103652481306787,13,264.0,0.15721926158140215,18,638.0,0.23103602208351476,14,349.0,0.40001657929417084,142,3464.0
370.0,359,7,144,626,985,0,1895.0,5.278551532033426,4.417106015261157,3,17.0,0.675838986113751,4,42.0,0.6329312135442242,0,2.0,0.5051339910201075,2,7.0,0.5867666789447616,13,299.0,0.12646034740544243,30,1006.0,0.06522831451531977,2,35.0,0.19633103839233354,5,24.0,0.09502906177539312,1,131.0,0.43960197963543535,2,12.0,0.6540865361126491,29,564.0,0.042797256334645546,11,194.0,0.041080762830258626,1,15.0,0.2758417588775737,15,342.0,0.04761150187193999,12,701.0,0.23054176372753168,14,419.0,0.3216128081978362,144,3810.0
375.0,355,8,150,637,992,0,2259.0,6.363380281690141,3.9403867376841655,2,13.0,0.476986757369616,1,34.0,0.4322657075714171,0,0.0,0.4667045871563217,1,11.0,0.29220233763517606,11,315.0,0.26373920038718585,35,1168.0,0.09403307479651571,0,4.0,0.8613120352550886,12,78.0,0.09139494075965977,8,147.0,0.2872937009305761,3,20.0,0.35683968552988105,31,715.0,0.02931308661579192,3,131.0,0.24446775835355142,1,14.0,0.8112496352430516,9,320.0,0.42078056263079466,13,746.0,0.1504002028596831,20,503.0,0.09905618320339003,150,4219.0
380.0,359,10,142,647,1006,0,2372.0,6.607242339832869,4.419627509975597,4,20.0,0.6221424713986963,6,34.0,0.2979897800443251,1,1.0,0.030724303988290274,0,1.0,0.295516817403484,9,359.0,0.3291226335891521,30,1181.0,0.17169252359876566,0,8.0,0.8040974961572352,6,97.0,0.41126018241224493,9,145.0,0.1993721925375977,4,27.0,0.35381798936915104,32,875.0,0.14512545731020554,2,106.0,0.40775304634033754,1,19.0,0.8533086519187084,1,181.0,0.44346512201186833,16,812.0,0.1605138055171067,21,612.0,0.04264382418540268,142,4478.0
385.0,372,8,136,652,1024,0,2225.0,5.981182795698925,4.642635903934283,0,13.0,0.6072494082244132,5,47.0,0.3687080336452966,4,19.0,0.23093176023460718,2,4.0,0.24602829323734776,14,414.0,0.2705722860984156,22,1031.0,0.15979547925553186,0,4.0,0.7908373011422276,0,62.0,0.5928557401731137,8,116.0,0.26314943345649494,3,23.0,0.6019651738475827,28,918.0,0.17275036567081836,7,128.0,0.4683583428580345,2,8.0,0.32771296506963665,3,146.0,0.31219325432143546,17,782.0,0.07016232952567175,21,721.0,0.14115687108268407,136,4436.0
390.0,375,7,144,658,1033,0,2027.0,5.405333333333333,4.684948535894771,3,12.0,0.6072454495864478,3,32.0,0.5206286121428897,0,15.0,0.7766693323924678,7,32.0,0.4077318636616083,21,503.0,0.08673459662524437,17,810.0,0.14103576878646853,0,8.0,0.8019351856891322,2,51.0,0.25511211413500084,3,109.0,0.36467291642411237,1,19.0,0.5641693906323066,23,843.0,0.1154494344141297,7,161.0,0.4314909312330213,7,31.0,0.05766433603984115,9,180.0,0.08875919484656361,20,665.0,0.08112364071948559,21,826.0,0.3253251194545073,144,4297.0
395.0,376,9,133,671,1047,0,1832.0,4.872340425531915,4.495280433021999,1,9.0,0.5733004472912107,2,32.0,0.5679678072483759,0,2.0,0.9438942310067625,1,37.0,0.2770704571025252,36,653.0,0.04647559198223314,5,848.0,0.25321287673493875,0,4.0,0.8305834823231447,7,80.0,0.23952223865547204,9,128.0,0.2609587628967713,5,29.0,0.3570850264175926,15,878.0,0.10769011462972604,7,198.0,0.3905176688126619,1,36.0,0.5170135959840249,8,164.0,0.34745226105879967,13,683.0,0.12195284870044193,23,932.0,0.19815233362134946,133,4713.0
400.0,373,13,126,686,1059,0,1858.0,4.981233243967829,5.272115621634928,4,16.0,0.6099191195124326,3,29.0,0.5030621912891126,0,0.0,0.9306013004165842,0,6.0,0.39345765242926073,34,819.0,0.13557338638332433,8,856.0,0.32284470427780476,0,4.0,0.8742698554020631,1,68.0,0.6491653307661043,14,188.0,0.19561330080786385,3,38.0,0.404140950563889,13,945.0,0.2289762588759412,5,163.0,0.32350362764690543,0,10.0,0.8148097874657423,0,86.0,0.6977910194422353,13,720.0,0.2166572878921567,28,1066.0,0.10729923842243107,126,5014.0
405.0,371,15,119,694,1065,0,2107.0,5.679245283018868,5.241997584656554,1,13.0,0.4575052550306771,4,32.0,0.2941902047904433,0,0.0,0.5686301785044549,0,0.0,0.8659404702410511,35,968.0,0.13900878707484426,8,794.0,0.32404483241247334,1,6.0,0.5914209853155191,0,12.0,0.7653228061905578,15,214.0,0.1674138469234865,1,18.0,0.4633448634837811,14,1007.0,0.23225198474437647,0,52.0,0.5561328295917249,1,11.0,0.7123495760944972,3,70.0,0.42227134550810336,8,656.0,0.2567329889377538,28,1210.0,0.03490559650281148,119,5063.0
410.0,381,12,123,703,1084,0,1784.0,4.68241469816273,5.0356631490763,3,16.0,0.6347914512314131,4,35.0,0.5674869957584632,1,8.0,0.7190575691984409,0,0.0,0.9063855261928142,31,1023.0,0.03734716784356793,7,628.0,0.2800872179892194,3,20.0,0.6347627071167047,4,15.0,0.4841189268929152,10,192.0,0.35305739868474617,3,24.0,0.5510814596677743,17,976.0,0.09241879160439447,0,11.0,0.3213680419983735,1,9.0,0.8235536265755,9,106.0,0.07452981002601528,8,486.0,0.15917023505754146,22,1180.0,0.09987037157438858,123,4729.0
415.0,376,15,104,721,1097,0,1068.0,2.8404255319148937,4.856831472448604,1,10.0,0.5688712430818321,1,23.0,0.5802067488151067,0,4.0,0.8297864606211797,0,0.0,0.751411461325736,29,980.0,0.08474816052913525,2,558.0,0.28294425852619154,3,35.0,0.6302741232536405,9,47.0,0.23681078957850527,5,196.0,0.249472517766237,4,41.0,0.6668719719845001,18,796.0,0.09538659985792801,1,14.0,0.4662110006595916,1,6.0,0.5245179633088157,7,106.0,0.35629875975780273,5,514.0,0.10941878383998685,18,978.0,0.12420469366717084,104,4308.0
420.0,373,14,94,733,1106,0,775.0,2.0777479892761392,5.093658162114945,3,12.0,0.5518593008827571,3,13.0,0.4317090649092868,0,4.0,0.8186426671115757,0,0.0,0.19768900357500896,18,1021.0,0.21927991712212117,8,575.0,0.21103793651055072,5,57.0,0.3705232422702821,6,62.0,0.1256846076733375,8,222.0,0.24482263916535474,1,29.0,0.32377632287700514,16,661.0,0.2490923729840637,2,20.0,0.7572259217427454,2,16.0,0.5505719322881003,0,61.0,0.677184126765502,9,539.0,0.09718733883538852,13,984.0,0.24738521477307426,94,4276.0
425.0,375,20,106,741,1116,0,720.0,1.92,5.304896652831051,0,10.0,0.6930724428471073,7,46.0,0.3366541706048713,1,11.0,0.30231147517480045,0,0.0,0.6222746005200296,14,1062.0,0.23233068283631234,14,630.0,0.052603361360164955,11,103.0,0.35782844839050004,5,51.0,0.46034141848393695,10,228.0,0.18701398281001214,2,13.0,0.5189589471994388,11,527.0,0.3518699120532907,5,36.0,0.6163214699017597,1,6.0,0.5025031678278413,1,35.0,0.4631533872350841,14,600.0,0.0795042404176353,10,1031.0,0.2510875329101828,106,4389.0
430.0,376,23,120,753,1129,0,723.0,1.922872340425532,4.82830787362476,2,5.0,0.6478479419949817,2,49.0,0.5690996381003262,0,9.0,0.5485586212289445,0,4.0,0.79986860222557,13,1013.0,0.13543544933560223,20,717.0,0.1530875772423166,11,156.0,0.25839914886664944,4,55.0,0.4707018088012786,8,181.0,0.261894726681803,3,8.0,0.5886306608893938,4,481.0,0.2957804260346032,10,67.0,0.3495684916275349,5,19.0,0.24586484902681627,6,54.0,0.12385643605074535,16,567.0,0.07282871728319129,16,1092.0,0.24442525223079964,120,4477.0
435.0,368,18,123,774,1142,0,1028.0,2.7934782608695654,4.855606680836539,2,8.0,0.5580797310791402,2,17.0,0.6154594088070827,0,4.0,0.8094379205565553,0,4.0,0.8472901726626705,14,872.0,0.1075196420304968,23,830.0,0.278304928659505,11,211.0,0.07963337469590508,4,53.0,0.26265117483580425,2,190.0,0.3816085273528868,4,28.0,0.6259209935819132,6,437.0,0.2864255856046532,15,131.0,0.09608671351387392,0,22.0,0.2692215056347184,6,65.0,0.3602401779040805,13,458.0,0.2175014923305154,21,1187.0,0.25274952839447506,123,4517.0
440.0,377,15,130,784,1161,0,1255.0,3.3289124668435015,4.521974973616582,4,21.0,0.6016469253062126,1,7.0,0.42174507215741913,0,0.0,0.6301323123033518,0,4.0,0.7019443700064456,9,902.0,0.09435523087228409,21,810.0,0.12060761824030938,11,268.0,0.17353478356112867,2,33.0,0.23297854337572746,7,208.0,0.26252590332185943,2,28.0,0.4542067640746815,13,481.0,0.2984845991041088,20,225.0,0.02457476473180972,0,4.0,0.8597665251388799,0,36.0,0.6506116312233864,11,481.0,0.3134328270755979,29,1315.0,0.17791691363422613,130,4823.0
445.0,383,17,141,792,1175,0,1266.0,3.3054830287206265,4.796305643762452,1,16.0,0.606507446975269,6,28.0,0.4460946592515234,0,0.0,1.0,1,6.0,0.3718453395125898,11,913.0,0.19162936405301229,19,659.0,0.2183293396705545,5,237.0,0.5262435698694506,5,25.0,0.45588689900071827,8,200.0,0.22219017330100083,3,17.0,0.47136822290097447,19,560.0,0.21474667823369353,14,257.0,0.20205191822752622,0,8.0,0.8179046622957292,2,32.0,0.4736309980366156,13,543.0,0.27460563160104184,34,1475.0,0.08856785465529379,141,4976.0
450.0,378,19,125,803,1181,0,1332.0,3.5238095238095237,5.128181319434395,3,9.0,0.5860080952426091,6,58.0,0.5422217301678549,0,0.0,0.9557882674007707,0,5.0,0.5778142952031696,16,967.0,0.2608816023108357,8,708.0,0.2682593353550123,0,124.0,0.6186561313476989,0,23.0,0.670789128826682,6,143.0,0.25788386356094745,0,12.0,0.5360045783339988,25,672.0,0.09219666172747436,5,219.0,0.4389935628338606,0,4.0,0.8673041838598545,8,61.0,0.0661476003139584,14,604.0,0.25507030851049617,34,1645.0,7.190221784132651e-06,125,5254.0
455.0,382,17,138,817,1199,0,1560.0,4.0837696335078535,4.825468418116002,1,10.0,0.5644749720095842,6,88.0,0.5144278484977436,0,4.0,0.7954316517681973,0,0.0,0.66324234163068,22,1064.0,0.1786836452843033,10,724.0,0.2336421157328556,4,133.0,0.17004781942579858,0,4.0,0.7398458240347922,3,142.0,0.2963659396993234,3,18.0,0.6623893252225952,31,820.0,0.04507403741345671,3,128.0,0.45304716406389955,1,7.0,0.7038846675249224,11,111.0,0.29178486749117066,15,592.0,0.2070414404312757,28,1600.0,0.038774348998577034,138,5445.0
460.0,389,18,164,825,1214,0,1811.0,4.655526992287918,4.505937624940524,4,18.0,0.661824703164245,3,74.0,0.2744535529352194,0,4.0,0.864752288837191,0,0.0,0.6453901024316412,28,1191.0,0.05359812217412371,16,794.0,0.13957516914079265,10,169.0,0.11896816191940904,0,0.0,0.31895896237449156,7,169.0,0.2749416856385783,6,37.0,0.3360416768074256,34,986.0,0.13301084279418438,2,131.0,0.179210798158666,3,18.0,0.7452182939934504,11,164.0,0.44700719123292404,20,683.0,0.08992157475555364,20,1343.0,0.11496511645759966,164,5781.0
465.0,383,18,186,839,1222,0,2088.0,5.4516971279373365,4.3630578052066396,2,15.0,0.5766266543955315,3,29.0,0.3871754347696012,0,8.0,0.8013065221113411,0,0.0,0.9693463756937017,35,1353.0,0.008923175462189676,22,894.0,0.0008376427553566795,11,224.0,0.2953436063387445,3,14.0,0.5595110072799028,14,228.0,0.28465940686384966,9,78.0,0.2241654088008322,30,1007.0,0.15831435043755387,7,153.0,0.2021842824477102,2,12.0,0.5924662780646148,11,217.0,0.40158692281369474,25,787.0,0.034718677471200506,12,1342.0,0.23735018841257066,186,6361.0
470.0,374,23,175,859,1233,0,2172.0,5.807486631016043,4.171817592779977,2,9.0,0.6081527867957243,4,33.0,0.47280239993494433,0,4.0,0.845442363209669,0,0.0,0.8527078714157547,36,1534.0,0.09620267608634873,17,833.0,0.03845788947191627,11,283.0,0.27859360003682526,0,7.0,0.7752483441779426,20,318.0,0.18602293335650222,4,80.0,0.3362961131302375,24,822.0,0.0907954127794609,8,197.0,0.3646566709280884,5,22.0,0.405075557699802,14,280.0,0.1507501742561791,21,871.0,0.06399771186432626,9,1398.0,0.2921332661958881,175,6691.0
475.0,366,27,152,879,1245,0,2117.0,5.784153005464481,4.304599397856873,1,6.0,0.5502564155303384,7,56.0,0.47778940071782716,0,4.0,0.8727108063876178,0,0.0,0.8210906110867378,32,1538.0,0.1327383113406412,7,558.0,0.30416666764781286,11,338.0,0.35084903655353866,0,0.0,0.8533618160264892,23,432.0,0.14323889116664307,2,39.0,0.4833498851839892,15,907.0,0.1279128947220157,2,167.0,0.5631525850091795,2,31.0,0.33710230514876954,17,365.0,0.09274409417850903,19,856.0,0.0602459860756718,14,1458.0,0.20100642774623825,152,6755.0
480.0,367,30,149,883,1250,0,1999.0,5.446866485013624,4.333836820565299,4,22.0,0.532254143897529,6,61.0,0.23330587440921458,0,0.0,0.7754648884604209,0,0.0,0.6743868981687502,23,1365.0,0.12811071522816508,2,516.0,0.5034275248331397,11,393.0,0.29943594327629647,2,5.0,0.29113302293951476,24,555.0,0.15624149456382738,3,41.0,0.3482989385045294,12,969.0,0.2317420555486369,0,57.0,0.5564136139661104,6,28.0,0.5113281816896922,17,452.0,0.23077420213826552,19,733.0,0.1790821020744498,20,1550.0,0.05819040550810345,149,6747.0
485.0,370,34,145,892,1262,0,1919.0,5.186486486486486,4.051924116005716,2,21.0,0.5515783538567016,3,48.0,0.38245308576358067,0,4.0,0.5051000535125713,3,4.0,0.26963802018409316,18,1044.0,0.15428968289615264,6,537.0,0.318750381123392,16,461.0,0.21994569010032528,3,18.0,0.5880588142399872,18,574.0,0.2494691384253081,4,62.0,0.49990350281355256,9,900.0,0.2502027324491789,1,3.0,0.3464276353095277,7,60.0,0.5294764892851818,19,542.0,0.19651311785823694,15,787.0,0.19809182894225777,21,1455.0,0.035191933620413354,145,6520.0
490.0,375,37,136,900,1275,0,1726.0,4.602666666666667,4.149998400686595,3,14.0,0.5913053237761717,5,47.0,0.6013856153198333,0,8.0,0.8313078005313688,7,31.0,0.0003375348651596521,6,1089.0,0.3179517079938809,11,582.0,0.17435777712983705,19,553.0,0.20990652139555624,0,6.0,0.804160507766219,15,492.0,0.23309123846593818,1,37.0,0.618081441308367,8,727.0,0.12391958908387729,2,13.0,0.4482943848506103,5,64.0,0.3412528538631002,23,650.0,0.17617617420727008,13,837.0,0.1418033854772746,18,1093.0,0.08614882357972888,136,6243.0
495.0,380,38,132,902,1282,0,1753.0,4.613157894736842,4.390089348809277,2,14.0,0.584160917560071,2,39.0,0.5674291516154722,0,6.0,0.8683896182979093,1,37.0,0.49959915736231786,7,1095.0,0.3748699492828893,19,660.0,0.01249660387563792,19,648.0,0.038803323601885695,0,0.0,0.7673667865229093,11,519.0,0.18333329348723337,4,21.0,0.6755772545877375,4,703.0,0.13558142416145483,3,23.0,0.5987733521335704,8,50.0,0.17761726336053826,24,763.0,0.036930742050789195,15,903.0,0.09283618218772155,13,1169.0,0.24275793476977156,132,6650.0
500.0,397,34,158,905,1302,0,2231.0,5.619647355163728,4.076973555336886,3,14.0,0.5379224599740671,3,22.0,0.4259652105884593,1,6.0,0.6471884827212401,0,7.0,0.877401553628732,14,1146.0,0.22620951828158026,26,777.0,0.0007929777174770172,19,743.0,0.0,1,1.0,0.14842163432751448,11,568.0,0.21446706788172604,1,18.0,0.3849228447902843,9,719.0,0.22315902706622678,5,43.0,0.360741620134826,11,84.0,0.29396105589571414,24,887.0,0.03819851266867655,20,936.0,0.16141220891224384,10,1228.0,0.2535452115343488,158,7199.0
505.0,396,37,178,919,1315,0,2156.0,5.444444444444445,4.002278928758927,6,38.0,0.5136005594357119,7,45.0,0.33264710250737856,5,17.0,0.40569027839269167,1,10.0,0.7327384107765812,15,1065.0,0.11937433980731055,27,914.0,0.10701756075347076,13,679.0,0.17536071927673924,7,24.0,0.23468595155082883,9,531.0,0.23394537083406283,6,31.0,0.4000932171670876,13,772.0,0.264023323267529,9,81.0,0.4422036573766581,11,139.0,0.36749544414405017,18,865.0,0.20607171828931858,17,792.0,0.2024923771268684,14,1283.0,0.15182478818597386,178,7286.0
510.0,394,32,151,934,1328,0,1684.0,4.274111675126903,4.009418050059601,2,34.0,0.5173859667868105,3,46.0,0.34256069669280864,1,21.0,0.3263727497889473,2,20.0,0.2541470657669981,19,858.0,0.1317620001931718,27,1051.0,0.21795187072197073,3,443.0,0.3580936077941895,1,34.0,0.6586564156773084,6,420.0,0.23696478558382944,1,36.0,0.5604340704058918,19,856.0,0.14289705273165526,10,128.0,0.3503003767205987,11,190.0,0.20637028941738197,8,683.0,0.3636121244606366,16,868.0,0.1966283674797027,22,1381.0,0.08947867831417375,151,7069.0
515.0,400,34,157,942,1342,0,1686.0,4.215,4.269459415794514,3,13.0,0.6036073626777956,3,23.0,0.6520067835784907,5,21.0,0.46235198838919345,0,4.0,0.8669519658298882,16,731.0,0.22909276310316748,31,1196.0,0.08541405238958064,2,399.0,0.3073240907613838,0,10.0,0.7526856274696717,5,408.0,0.2793176513250746,3,17.0,0.6244692677779622,25,848.0,0.03450258810615382,10,182.0,0.19542551098744218,5,187.0,0.08835868203950724,3,707.0,0.2605703464394771,18,955.0,0.1611829191616672,28,1508.0,0.15829776429896122,157,7209.0
520.0,409,38,160,945,1354,0,1834.0,4.484107579462103,4.352790116765621,2,13.0,0.5514934395179025,2,25.0,0.6694186542445706,0,19.0,0.304398549854402,0,4.0,0.9399383002145856,11,776.0,0.28174174197160506,35,1365.0,0.02603038545641385,8,431.0,0.08363484711975551,3,11.0,0.3072144870089166,9,451.0,0.21611234464530651,0,8.0,0.6127732642637529,23,759.0,0.07066275460653089,6,168.0,0.37263265455550004,3,100.0,0.4936423538636654,10,745.0,0.2327727320276927,15,1033.0,0.11267757742920526,33,1665.0,0.16614154377537782,160,7573.0
525.0,402,39,167,959,1361,0,2011.0,5.002487562189055,4.248607380109165,5,27.0,0.4784776934493283,4,32.0,0.3970889896029493,0,4.0,0.453411689981309,1,6.0,0.5519286196585687,13,796.0,0.2136123736017149,30,1329.0,0.11123636771331535,6,368.0,0.3715964931212176,5,35.0,0.20352777993203727,15,515.0,0.16750279894451717,4,14.0,0.3455552643779503,16,840.0,0.21819884858235228,2,75.0,0.6444292263426681,3,100.0,0.664019135243308,16,812.0,0.22367232449860217,14,988.0,0.07652787699443576,33,1834.0,0.08766460545936068,167,7775.0
530.0,403,40,168,973,1376,0,2140.0,5.310173697270471,4.429664960811573,1,27.0,0.5589196459639163,3,28.0,0.3973408190688469,1,6.0,0.6665248005266386,6,28.0,0.23190363946655687,21,879.0,0.09724806986788241,21,1144.0,0.24101687395235152,0,194.0,0.7302622481851526,0,27.0,0.7610869182790364,22,615.0,0.14725013283830204,1,19.0,0.46219440360479763,14,897.0,0.2309516035305709,2,27.0,0.673178428459776,3,84.0,0.7197994647328346,22,910.0,0.20665789367810342,16,1008.0,0.12395977027887842,35,2002.0,0.0037280866351020675,168,7895.0
535.0,408,41,179,983,1391,0,2178.0,5.338235294117647,4.0247318579348015,2,13.0,0.7118850424604792,2,16.0,0.6662865805727702,2,18.0,0.7128529225961171,2,28.0,0.44057293939314324,31,1021.0,0.039566546631475547,15,1158.0,0.22673000759562673,0,126.0,0.5652599370323486,0,4.0,0.9200455886945841,28,740.0,0.1881859621530144,2,6.0,0.5461260376365761,10,837.0,0.1528226465808934,3,12.0,0.15575817572145353,7,110.0,0.3491824929242142,25,1030.0,0.07107562887795665,20,1087.0,0.1338172132050553,30,1947.0,0.03117511081422107,179,8153.0
540.0,412,40,173,988,1400,0,1968.0,4.776699029126213,4.002050041907197,4,22.0,0.5335228386345812,3,20.0,0.6479707013558276,0,10.0,0.6566080096901403,2,12.0,0.6495628817387648,33,1174.0,0.1309913303956732,11,1222.0,0.15452068692495882,6,146.0,0.12328562738535472,1,1.0,0.459740552466412,27,764.0,0.11908934464563266,0,6.0,0.5204175931681824,11,685.0,0.1092696263796275,4,34.0,0.49394541350449933,13,160.0,0.11225067079872374,19,982.0,0.04185975441579936,19,1179.0,0.059039040654940894,20,1644.0,0.2079908690925717,173,8061.0
545.0,415,46,145,995,1410,0,1724.0,4.15421686746988,4.666023106867347,0,12.0,0.5768646299917006,6,40.0,0.45533434862052935,0,4.0,0.6858613860805317,0,0.0,0.47129708266481973,36,1315.0,0.13181306167264076,9,1111.0,0.12040408706620638,4,106.0,0.39203841467169087,5,22.0,0.17081799580677598,20,673.0,0.17496755495599475,0,4.0,0.85931557443013,4,670.0,0.12587832356434212,1,27.0,0.7068822917102149,16,242.0,0.0449824607498267,10,752.0,0.28126093474695407,19,1273.0,0.04387152105625899,15,1640.0,0.2620251258983087,145,7891.0
550.0,408,49,129,1015,1423,0,1499.0,3.674019607843137,5.011189345465115,2,8.0,0.6278333653544698,6,50.0,0.28359260334545244,3,6.0,0.3694503727194805,0,2.0,0.5580719333230085,36,1485.0,0.05252081326203759,8,865.0,0.20503792850428423,0,26.0,0.7496673122993652,0,23.0,0.7455446787842398,11,685.0,0.2226050447515455,1,7.0,0.8022265697881489,10,695.0,0.2171270872808337,2,15.0,0.6476761968694343,10,225.0,0.28712527402571864,3,777.0,0.31704278237921796,27,1395.0,0.1332684013672079,10,1697.0,0.17332691166980724,129,7961.0
555.0,394,50,136,1036,1430,0,1435.0,3.6421319796954315,4.52316649574219,2,7.0,0.5376417743511276,6,80.0,0.27590510363542226,7,35.0,0.00500722075603251,0,2.0,0.939591444691838,32,1461.0,0.024616371608790846,7,811.0,0.3320315944610829,2,22.0,0.5536223877761032,0,8.0,0.898129395003899,9,732.0,0.2040249259468784,3,13.0,0.5951667102939611,7,632.0,0.2674121866073188,3,12.0,0.1880450300637817,1,148.0,0.3930887970685016,9,809.0,0.297187678245667,33,1550.0,0.13427301052687823,15,1762.0,0.10778307601323814,136,8084.0
560.0,398,52,153,1046,1444,0,1614.0,4.055276381909548,4.181989006490866,4,21.0,0.5863945222209762,12,116.0,0.37424802305381105,3,51.0,0.1270829113727731,0,2.0,0.8864633320774925,24,1204.0,0.13870388914770246,9,850.0,0.27047710072087433,6,45.0,0.04641718267707944,1,6.0,0.5128470007848769,13,785.0,0.20279052609815412,1,7.0,0.4463428115726771,5,432.0,0.14380280698667303,4,30.0,0.49340640038372857,3,154.0,0.3693514947167255,17,879.0,0.0824081204968742,36,1724.0,0.0727446761111808,15,1625.0,0.1936921277885934,153,7931.0
565.0,401,55,156,1056,1457,0,1621.0,4.042394014962594,4.102038927132166,0,16.0,0.6565923687152003,12,176.0,0.2998766319831787,0,23.0,0.7575843269402014,3,8.0,0.4440307097131839,15,1207.0,0.21295560210082298,11,776.0,0.125516072432911,5,62.0,0.3761119326984823,2,11.0,0.181375760811596,21,873.0,0.15689822079476268,3,15.0,0.5569674991922788,6,454.0,0.13231639070295367,2,26.0,0.6649771315940421,9,186.0,0.2485788860067596,22,978.0,0.1766503293604041,33,1724.0,0.027227231167701656,12,1308.0,0.28357531151907056,156,7843.0
570.0,396,56,163,1068,1464,0,1664.0,4.202020202020202,4.43463086415891,2,4.0,0.5897757970665434,16,251.0,0.16547110673404922,3,32.0,0.729070496625135,6,30.0,0.02909300162194835,11,1269.0,0.1463069179064113,10,626.0,0.12767503421164786,0,28.0,0.7684406964476889,3,21.0,0.583230016356621,27,991.0,0.11725036128684671,1,9.0,0.642846918353915,8,481.0,0.22757215780247023,2,19.0,0.6355112108708931,16,253.0,0.3405966872508988,25,1101.0,0.2011801112772608,24,1539.0,0.1854508161284933,9,1351.0,0.20653958441850345,163,8005.0
575.0,396,62,160,1078,1474,0,1927.0,4.866161616161616,4.289059926611988,0,3.0,0.6533744179965464,19,347.0,0.18200233935800403,3,43.0,0.6598769745898381,1,32.0,0.6043785632298545,12,1324.0,0.11572150265447224,8,601.0,0.32209511165955595,2,22.0,0.6375517767025746,1,18.0,0.658042123237817,29,1133.0,0.11755455006223642,2,9.0,0.4807559640595619,12,529.0,0.2555685068660554,1,5.0,0.3133905899525761,19,340.0,0.15841587360164533,25,1222.0,0.0958955067081475,17,1476.0,0.2428157057166081,9,1399.0,0.11973961624347967,160,8503.0
580.0,404,60,182,1088,1492,0,2410.0,5.965346534653466,3.9418293712429127,2,7.0,0.7192707564438791,19,444.0,0.28502038133366314,2,23.0,0.34608166875739643,0,0.0,0.9189704672631919,13,1233.0,0.08964228857295936,8,628.0,0.2774054276469143,6,45.0,0.21989167699140366,3,19.0,0.4680782263782125,29,1278.0,0.11806429785522307,0,4.0,0.5715574117544617,20,610.0,0.1271846541017675,4,19.0,0.48108764679151417,23,448.0,0.13783776255195745,25,1349.0,0.015436285429277153,14,1518.0,0.21447738460568513,14,1457.0,0.20243340756708833,182,9082.0
585.0,402,60,192,1098,1500,0,2662.0,6.621890547263682,3.7966801283294678,4,22.0,0.560649350955942,21,542.0,0.17370657223676064,2,14.0,0.4008380671407483,1,1.0,0.6937294728906304,11,983.0,0.23202601468640494,15,689.0,0.1771054406501835,3,46.0,0.4204979003791495,9,52.0,0.46682933351023703,23,1243.0,0.13079029643928142,0,4.0,0.7426659186386572,26,728.0,0.013922315898923574,1,16.0,0.390178704716566,24,569.0,0.12410246066957765,19,1271.0,0.19627973622702186,13,1577.0,0.27239486337063595,20,1545.0,0.19766855777470532,192,9302.0
590.0,408,60,192,1108,1516,0,2846.0,6.9754901960784315,4.142185933207522,0,14.0,0.5455338487999836,24,658.0,0.14378252107397882,2,23.0,0.6471370531705614,0,0.0,0.1985154857759722,8,679.0,0.36912230978143956,16,647.0,0.18872172177054394,0,20.0,0.687164982072564,9,95.0,0.4725167367259381,15,1056.0,0.20747587511217644,0,4.0,0.9032821994153035,33,888.0,0.02157338589853025,4,18.0,0.40639445685316034,24,691.0,0.09051789805576294,9,814.0,0.34299292579711865,20,1659.0,0.1703703442082056,28,1665.0,0.06811901252824992,192,8931.0
595.0,415,62,190,1115,1530,0,2915.0,7.024096385542169,4.181091260269179,3,10.0,0.6334816805085344,27,787.0,0.14874045397853908,1,2.0,0.5858266467896341,4,21.0,0.3265467984784315,8,715.0,0.4016672376114217,13,494.0,0.2707216845855462,2,16.0,0.6860497109350837,4,94.0,0.34851558985474257,9,1038.0,0.2518697065243131,1,6.0,0.7901938724116415,31,924.0,0.13573900186596863,0,19.0,0.4442512027785411,27,822.0,0.0169049459938976,2,832.0,0.2997457577290573,27,1778.0,0.052846460348555856,31,1822.0,0.025916153735194996,190,9380.0
600.0,413,63,186,1124,1537,0,2945.0,7.1307506053268765,4.334823031543275,1,11.0,0.5225041771726902,27,924.0,0.13362944127553367,3,16.0,0.23312635505662466,0,17.0,0.81409550265613,9,749.0,0.31069039163666523,16,555.0,0.17655065872097414,3,27.0,0.5591333153198269,5,67.0,0.2319843478262887,9,1074.0,0.2507632823926981,3,12.0,0.6244869719117894,22,772.0,0.21584954620088068,0,2.0,0.8612052414452361,28,964.0,0.15153406997216695,7,858.0,0.15867368325909237,28,1730.0,0.022547776523674484,25,1729.0,0.18586993759764342,186,9507.0
605.0,418,65,171,1133,1551,0,3032.0,7.253588516746412,4.443437519090061,3,19.0,0.6006595516567699,27,1061.0,0.1615862219978274,0,15.0,0.580145729939188,0,4.0,0.9084928003303904,14,804.0,0.16620313916272336,12,621.0,0.120750439195828,2,19.0,0.12555719624115022,2,66.0,0.3952194477135517,14,1095.0,0.17563949860941783,1,7.0,0.5054030604058586,16,626.0,0.17443451986375497,0,2.0,0.8630658141723567,28,1104.0,0.20314552770243977,14,916.0,0.0303900853819834,23,1581.0,0.06832296187907919,15,1374.0,0.2853879349772043,171,9314.0
610.0,414,68,178,1150,1564,0,3150.0,7.608695652173913,4.378972424808465,1,16.0,0.5710322242683886,31,1208.0,0.10666024856170882,0,4.0,0.8948476220230555,0,4.0,0.4807162594995005,16,765.0,0.08876715724917672,12,563.0,0.1457296179712169,4,30.0,0.5216738401308221,9,77.0,0.5588689574556328,15,1030.0,0.18941239134754623,1,9.0,0.7242320353960692,8,675.0,0.19988239834490473,1,5.0,0.7542492888474576,28,1240.0,0.1608738045922935,17,1001.0,0.22730772897197166,20,1689.0,0.0813167355585757,15,1332.0,0.17851629469170316,178,9648.0
615.0,401,68,153,1171,1572,0,2708.0,6.753117206982544,4.189625953899194,3,13.0,0.6384792551413032,28,1223.0,0.10491256458689881,3,7.0,0.5824749452636263,0,0.0,0.9354928585974558,14,613.0,0.11810884983443487,10,411.0,0.29961401427215256,1,24.0,0.7463224150114546,3,76.0,0.4308340433522405,9,817.0,0.24830008295140105,2,7.0,0.7352301163161342,8,701.0,0.3309722686424725,3,4.0,0.43142143092461344,31,1387.0,0.0034138721806578143,11,884.0,0.28779997632071364,15,1762.0,0.19661375238583254,12,1398.0,0.125890889749243,153,9327.0
620.0,407,69,144,1180,1587,0,2381.0,5.85012285012285,4.140016943317706,0,5.0,0.5370651605631338,20,1080.0,0.18408388604080908,7,34.0,0.4185877146150329,1,2.0,0.0033292325009711674,12,619.0,0.12442323413352274,8,446.0,0.23117286748857535,1,10.0,0.7666837302550704,6,47.0,0.14962824943452024,3,766.0,0.4167549880520581,4,20.0,0.636634779335217,14,758.0,0.3013517270868687,7,30.0,0.20162621023183896,33,1556.0,0.027927227841424384,2,590.0,0.20107072137685297,17,1842.0,0.19907215566401926,9,1238.0,0.25466763600640135,144,9043.0
625.0,423,67,143,1182,1605,0,2221.0,5.250591016548463,3.8815207542932386,5,11.0,0.5142035808165546,13,1146.0,0.19128845309035908,7,71.0,0.4459200929522455,0,4.0,0.4405595205394388,13,674.0,0.16532091596116832,12,501.0,0.14358078599766205,2,5.0,0.6321502925500047,7,61.0,0.17266095622562588,8,787.0,0.2925448112928537,1,15.0,0.4305836737619995,17,731.0,0.13230093429015494,2,46.0,0.2422051285202028,33,1725.0,0.14055156154517892,1,488.0,0.21853580356373048,17,1730.0,0.09971527998203045,5,845.0,0.30017930305198415,143,8840.0
630.0,417,67,157,1196,1613,0,1958.0,4.695443645083933,3.904709570004335,5,28.0,0.42179278886151256,13,1216.0,0.17687986030122022,7,106.0,0.33033445307489134,0,4.0,0.8822244828691416,15,739.0,0.11586611839049969,10,441.0,0.13859618079217084,2,17.0,0.5434368719500381,8,77.0,0.4066538936684242,8,691.0,0.1720843284255922,6,22.0,0.35149922739937606,20,644.0,0.0879167649849487,4,40.0,0.594470003371539,28,1711.0,0.1670965860803536,8,513.0,0.32659354346643193,19,1433.0,0.07662337686761109,4,862.0,0.2367578947726162,157,8544.0
635.0,417,66,153,1213,1630,0,1686.0,4.043165467625899,3.9605997883051782,7,57.0,0.4362426330224634,10,1129.0,0.21128098006199234,9,146.0,0.047994814743349754,0,4.0,0.9362975680838721,21,832.0,0.04857224091976884,8,345.0,0.278043581331126,0,9.0,0.5240574030007898,10,105.0,0.2620060218708987,8,422.0,0.30988083374265873,0,25.0,0.6252985076911405,14,715.0,0.19459714755043309,4,54.0,0.6207839754275756,22,1423.0,0.09765032401436925,10,565.0,0.5045978103394945,20,1345.0,0.12408505649454742,10,902.0,0.12193296409197758,153,8078.0
640.0,420,71,125,1221,1641,0,1186.0,2.823809523809524,4.240188071939014,3,57.0,0.46038806328228316,9,898.0,0.2160274306531689,13,211.0,0.08474670055308704,0,0.0,0.9619360989424715,21,809.0,0.04890122594987987,5,314.0,0.29971001027960936,0,4.0,0.7612179597196849,9,116.0,0.22277717800206331,1,424.0,0.43125008918368624,2,11.0,0.6931943020232402,13,752.0,0.21403854862971988,6,76.0,0.21427442239152628,14,1509.0,0.12572300613008078,10,611.0,0.3842437620451786,11,1308.0,0.2617841124841925,8,785.0,0.22302368202403158,125,7885.0
645.0,419,72,131,1229,1648,0,1048.0,2.5011933174224343,4.380071838908723,2,21.0,0.5422824524170597,9,931.0,0.21774803336578347,14,283.0,0.38642426087524223,0,0.0,0.8797121118710033,20,653.0,0.19005439421299147,6,343.0,0.2430619152619184,4,8.0,0.36576514296307777,3,90.0,0.4893496762370866,8,447.0,0.28968259761023124,1,8.0,0.43254203765652277,10,697.0,0.12441709823747368,10,129.0,0.08759907244673874,13,1565.0,0.2504218296169943,14,674.0,0.05135918383320397,12,1333.0,0.29250519101867895,5,451.0,0.3179068056412993,131,7633.0
650.0,428,70,146,1238,1666,0,1226.0,2.864485981308411,4.219862460000967,4,23.0,0.48288185165507186,10,975.0,0.17373374228774904,14,353.0,0.29196674234790804,0,0.0,0.8817174770462578,14,509.0,0.3271523696189343,12,393.0,0.17901421024639774,4,28.0,2.981143344422197e-06,3,76.0,0.529700904274033,8,365.0,0.18364154516915376,6,27.0,0.41058124216997816,12,592.0,0.11842499502220334,10,183.0,0.4656868527787047,15,1627.0,0.22264887269208775,11,566.0,0.24412204444854896,18,1410.0,0.14776242652111898,5,471.0,0.24379253637446172,146,7598.0
655.0,431,73,152,1248,1679,0,1406.0,3.262180974477958,4.23072717794482,7,52.0,0.45543335454684886,11,883.0,0.19823614808318882,20,438.0,0.23203802582225652,0,0.0,0.8577337935891154,8,552.0,0.321544041664979,14,393.0,0.25650239382989176,0,23.0,0.5655598178807987,9,107.0,0.3483984122719019,7,107.0,0.29614233050143235,1,33.0,0.6022855362087958,9,629.0,0.20794325479018877,10,233.0,0.4187664161732264,21,1717.0,0.07069590456160718,1,214.0,0.4657358776097019,27,1530.0,0.05008047393170007,7,503.0,0.13249946220592493,152,7414.0
660.0,431,73,169,1256,1687,0,1740.0,4.037122969837587,4.20485383254936,4,57.0,0.42165993799080637,8,661.0,0.21570968134785243,21,543.0,0.20291278922624986,0,0.0,0.7113309434241488,9,593.0,0.26082567732913475,10,260.0,0.23397486281843893,0,4.0,0.8737003741049261,14,165.0,0.2630826112567815,2,93.0,0.4328393301717708,3,19.0,0.6535565445470197,10,650.0,0.205343621360369,10,211.0,0.09945426909173716,29,1852.0,0.03136429309685969,1,153.0,0.31334712950687643,33,1683.0,0.12746024300225756,15,562.0,0.03996032861668628,169,7506.0
665.0,432,76,187,1268,1700,0,2045.0,4.733796296296297,3.91492708310156,2,28.0,0.5671835292800596,6,634.0,0.24195103595771075,15,536.0,0.17723592271324654,0,4.0,0.8235347374367068,12,555.0,0.10928665134738742,9,312.0,0.1758266079468424,0,2.0,0.7948856190875293,18,250.0,0.15914620268721427,7,107.0,0.33528503376621094,1,9.0,0.5582299375515539,16,708.0,0.13341862764379095,6,142.0,0.17314288048958823,30,2002.0,0.1642720042496941,8,182.0,0.10033897689231189,36,1855.0,0.1908591162939446,21,654.0,0.002133813208008171,187,7980.0
670.0,432,75,189,1285,1717,0,2152.0,4.981481481481482,3.398307938332244,7,43.0,0.41487892029608464,9,675.0,0.1996611762177383,8,357.0,0.1945737453263098,0,4.0,0.7396850872124676,12,512.0,0.1907328516126141,8,349.0,0.16276204289132115,4,9.0,0.3117394671799952,13,268.0,0.1992589873602588,8,110.0,0.2185295967525633,5,20.0,0.3854630964444372,20,692.0,0.04895551802783281,3,131.0,0.3637525865076093,34,2163.0,0.14072047281748193,3,113.0,0.4508212266987485,37,2038.0,0.1169883484481448,18,607.0,0.06376103387843,189,8091.0
675.0,430,75,148,1295,1725,0,1788.0,4.158139534883721,3.8259130223809015,5,53.0,0.36417628339859265,14,738.0,0.17835519195025493,2,334.0,0.3737555726587853,0,4.0,0.6935953921584441,7,545.0,0.19191240862135936,7,322.0,0.13094950687677973,3,27.0,0.16061165219555915,6,211.0,0.2581138772373636,5,85.0,0.28412987444403787,2,31.0,0.5599211661714941,16,580.0,0.10384633052230133,8,136.0,0.5211394538605679,32,2103.0,0.06221863682861099,0,31.0,0.7285010977473293,33,1977.0,0.03131170063106004,8,466.0,0.3232753672496615,148,7643.0
680.0,439,77,142,1300,1739,0,1455.0,3.3143507972665147,4.562805149652485,9,79.0,0.3701562173170437,14,675.0,0.16372740619864487,7,352.0,0.1728567019590062,3,9.0,0.33955286760759806,11,572.0,0.12670054895497498,5,235.0,0.12094793438926547,3,28.0,0.6602667187751934,4,221.0,0.32814768708072817,3,78.0,0.3351283986463897,2,22.0,0.6255797273193991,14,380.0,0.26072673947083796,9,172.0,0.4844300444272248,26,1838.0,0.08940550317109294,2,32.0,0.643062960124342,27,1590.0,0.06243890300183357,3,445.0,0.4777197234463795,142,6728.0
685.0,439,83,147,1310,1749,0,1309.0,2.9817767653758542,4.414696222023471,7,88.0,0.368092053325286,14,506.0,0.1996444514684032,14,412.0,0.07733439048078013,7,36.0,0.39851884335967197,17,645.0,0.07811422886389457,4,248.0,0.2559671810664992,3,38.0,0.7113926124419631,9,245.0,0.28937693271497417,8,104.0,0.4430340461350721,3,22.0,0.3521836060513646,6,400.0,0.35257044814767463,13,225.0,0.16757977266955473,16,1822.0,0.21660780413207528,2,46.0,0.6265495150395828,15,1673.0,0.11183579236828471,9,469.0,0.3506256209437858,147,6979.0
690.0,430,84,167,1326,1756,0,1275.0,2.9651162790697674,3.838691214606849,4,61.0,0.4387348846089943,11,561.0,0.21016838490928594,20,497.0,0.19760199824463195,8,76.0,0.3031539767124962,22,746.0,0.12593482050144827,9,282.0,0.32921544232804417,2,24.0,0.18959473087323522,10,238.0,0.15231484537825962,8,111.0,0.29435357388287836,8,49.0,0.361856770304932,8,427.0,0.2971379852546665,18,306.0,0.044451135017042474,12,1862.0,0.24159695416039056,0,8.0,0.5700642363834715,13,1723.0,0.2046207606514569,14,526.0,0.20824043923966473,167,7497.0
695.0,429,85,161,1342,1771,0,1272.0,2.965034965034965,3.907252744800038,3,62.0,0.3315807684601443,12,617.0,0.18189046027045436,20,601.0,0.28573715752224643,3,73.0,0.11323107291663788,30,880.0,0.10094753007493613,17,350.0,0.19657673020016816,5,27.0,0.1387069122994074,4,143.0,0.41927227026304004,5,83.0,0.2932163265306936,3,53.0,0.5635860905155382,8,378.0,0.1659838199417185,14,263.0,0.24037711741500054,16,1925.0,0.1537870959008237,0,4.0,0.7381658512051901,7,1557.0,0.26185297769720683,14,485.0,0.10633195548850673,161,7501.0
700.0,443,81,158,1348,1791,0,1338.0,3.020316027088036,4.093900336089552,9,85.0,0.37299852732997596,10,555.0,0.19375226108692217,20,697.0,0.37071986848480226,4,38.0,0.3793278958892786,29,920.0,0.029940522482626956,17,368.0,0.08145931812007523,2,27.0,0.4624353243243524,2,146.0,0.3181845294168418,4,88.0,0.32190487348017965,3,28.0,0.6189290633015334,8,315.0,0.2526427989978081,6,308.0,0.3680422133114245,24,2038.0,0.058999646807047355,2,4.0,0.3980360802994284,4,1081.0,0.16976285781175676,14,340.0,0.21958836331969003,158,7038.0
705.0,442,81,154,1357,1799,0,1480.0,3.3484162895927603,4.048876813574746,12,140.0,0.29213046619478045,8,396.0,0.18654041005304825,22,802.0,0.16086811716351102,1,25.0,0.6441394258355274,25,848.0,0.08471708955038959,13,322.0,0.25574835150665925,2,17.0,0.7525699355728236,9,170.0,0.0963754051319567,10,114.0,0.40308036839317063,1,20.0,0.37197882663592247,5,302.0,0.3135750260527196,9,338.0,0.13086468865710602,30,2173.0,0.13427542126049918,2,18.0,0.2644456615027255,1,1004.0,0.14814244283777833,4,366.0,0.2351586618330752,154,7055.0
710.0,438,83,159,1375,1813,0,1808.0,4.127853881278539,4.098772227621497,13,203.0,0.2976951109063669,4,334.0,0.25570142744594143,27,930.0,9.692725542594641e-05,1,18.0,0.7593277662396306,15,841.0,0.23071378787782468,4,320.0,0.2616288487700218,2,27.0,0.7881136242182645,10,163.0,0.21287908985176943,7,122.0,0.33193210313036414,7,38.0,0.36814666314609185,8,322.0,0.23462311991747667,14,405.0,0.06879970371698872,32,2330.0,0.16199312074820973,0,4.0,0.8446317763733989,7,1028.0,0.24862813455369068,8,374.0,0.2648636457632466,159,7459.0
715.0,435,89,171,1388,1823,0,2272.0,5.222988505747127,4.213007087664063,16,277.0,0.3163776241952246,7,356.0,0.27046992858451346,27,1069.0,0.1367985864267237,1,23.0,0.4613631016581941,12,901.0,0.24814380396184474,8,326.0,0.2737708708841306,5,44.0,0.4601080167633415,1,92.0,0.5202655962873292,4,85.0,0.2733749340262937,2,42.0,0.564090690959708,15,383.0,0.15410956008739965,19,491.0,0.16608920065178787,32,2488.0,0.07437394211079418,0,4.0,0.9013031965817017,14,1085.0,0.29336377869550906,8,331.0,0.1953262431681825,171,7997.0
720.0,444,84,199,1392,1836,0,2903.0,6.538288288288288,3.8635372150743987,17,358.0,0.23547962815032394,13,412.0,0.18866631779038112,27,1204.0,0.24594317693621406,0,0.0,0.901163415454169,13,953.0,0.18695331842195262,10,308.0,0.10599780825482007,8,83.0,0.23173947827346636,2,92.0,0.4238866529224269,2,86.0,0.29162711779110845,3,21.0,0.6327336652570436,17,392.0,0.13993382945031044,25,614.0,0.24117390172678468,32,2650.0,0.01382433914768745,0,0.0,0.6453156412414554,20,1168.0,0.22274436054932095,10,238.0,0.09425006014200601,199,8579.0
725.0,442,83,214,1411,1853,0,3259.0,7.373303167420814,3.52187841716172,14,360.0,0.23358233778292803,20,497.0,0.17863187067200298,32,1348.0,0.09594200252573368,0,0.0,0.8660103040712803,15,909.0,0.2150364364018074,10,254.0,0.15694348899755184,9,127.0,0.4456972174122321,8,125.0,0.23263253074463702,8,107.0,0.2379983958927628,3,22.0,0.3865392238867361,14,304.0,0.14241636170758365,25,737.0,0.20978434269141238,26,2527.0,0.15947515036133617,0,4.0,0.4421095580827592,25,1284.0,0.10895277842014377,5,267.0,0.23572392557121946,214,8872.0
730.0,445,85,205,1422,1867,0,3330.0,7.48314606741573,3.8710336183274965,8,278.0,0.29695240194363504,16,498.0,0.2897536279266854,33,1513.0,0.02680098029327005,0,0.0,0.848403663788347,13,757.0,0.300887362828272,1,242.0,0.37721124946080875,9,172.0,0.4669988748915117,11,179.0,7.456976016698275e-06,9,117.0,0.24942327040882079,7,41.0,0.3595749759338909,11,323.0,0.1349415923400804,29,873.0,0.06255543727212362,16,1968.0,0.25014487824002807,0,8.0,0.8323149899019336,33,1436.0,0.02224277591508139,9,281.0,0.3336058343852739,205,8686.0
735.0,438,84,196,1438,1876,0,3160.0,7.2146118721461185,3.6360558855270186,4,284.0,0.32472626452816694,11,401.0,0.22073518684439833,27,1483.0,0.06660177949149294,0,2.0,0.6600156934784238,9,742.0,0.18383711526659355,8,246.0,0.3225371726175591,14,229.0,0.22420810154770893,11,234.0,0.2447888327446853,4,78.0,0.4560109144874962,7,76.0,0.5037381045214399,11,376.0,0.13408896507142098,33,1032.0,0.0557565997746572,11,2027.0,0.16039202832398328,0,8.0,0.9090762372276785,30,1411.0,0.12867564031290937,16,350.0,0.2023896972418355,196,8979.0
740.0,444,90,179,1442,1886,0,2660.0,5.990990990990991,4.013771976837492,9,314.0,0.27330956636628634,7,438.0,0.22402797494932342,18,1240.0,0.24826251225378265,0,4.0,0.7180921483544805,11,795.0,0.13775410883906383,9,226.0,0.25445828390434816,10,218.0,0.25226230457636845,11,293.0,0.31966950578148734,5,57.0,0.48278977915499766,7,111.0,0.538275562809797,7,355.0,0.27551639001721534,33,1205.0,0.051005829616771144,10,2076.0,0.114608466388996,1,5.0,0.5502238219281081,22,1135.0,0.1729992597552386,19,444.0,0.26984218653529374,179,8916.0
745.0,449,92,181,1451,1900,0,2345.0,5.22271714922049,3.7101956896514845,16,378.0,0.23846711327875103,9,464.0,0.2610402023023754,12,1232.0,0.219728691489181,1,13.0,0.6658444694047951,15,858.0,0.15641638180729342,11,170.0,0.20203225992927126,3,139.0,0.4104595733993725,11,348.0,0.41002312020690085,3,54.0,0.32760641360689274,11,157.0,0.34985158155259943,6,351.0,0.26922964954664447,29,1217.0,0.15086467170079765,15,2146.0,0.11642750579364247,2,6.0,0.29152508687995593,16,1219.0,0.13663371062174015,21,542.0,0.10907752873712809,181,9294.0
750.0,451,90,196,1459,1910,0,2318.0,5.139689578713969,3.3407527123731233,22,476.0,0.15760121312163905,11,434.0,0.14159953370931966,9,1275.0,0.11272740194178091,1,9.0,0.6299384244669415,20,950.0,0.1649093692223911,6,181.0,0.15688173178028655,2,98.0,0.5082074825576275,11,405.0,0.2295638756385736,8,51.0,0.3248256530327246,15,227.0,0.16942495598093493,10,387.0,0.21907237557784434,20,1065.0,0.21725600709788354,21,2238.0,0.23401031908865563,2,12.0,0.45412849457793425,13,1290.0,0.13776664082122653,25,661.0,0.03725711544899419,196,9759.0
755.0,458,92,226,1466,1924,0,2711.0,5.919213973799127,3.1717837574163514,23,589.0,0.17838939438173343,10,337.0,0.22311944358969082,14,1309.0,0.09674893703539271,4,22.0,0.463992807812371,26,1070.0,0.08421211696012906,9,188.0,0.19154977748543833,7,116.0,0.27601617068027207,16,473.0,0.05845630709600792,8,89.0,0.480360130538414,19,320.0,0.1650648481877747,14,447.0,0.1463617794699034,13,862.0,0.18757782889884775,27,2357.0,0.2294698591658525,1,4.0,0.3898396052334525,15,1359.0,0.24108434580451985,20,654.0,0.032292822717939706,226,10196.0
760.0,462,94,245,1476,1938,0,3207.0,6.941558441558442,3.0316785033404035,25,713.0,0.20168197717308511,3,348.0,0.28912479283269127,20,1396.0,0.19710309937911052,2,28.0,0.23966575266428028,34,1222.0,0.0021079770185010887,14,234.0,0.11704740594102196,9,112.0,0.1174300318419902,19,567.0,0.06834647437454458,3,79.0,0.46324744939424867,19,417.0,0.18210293477886974,21,536.0,0.1113641163517406,6,901.0,0.19901448519901643,32,2509.0,0.12541407427443518,5,23.0,0.3900062608542461,22,1453.0,0.1954192190722629,11,492.0,0.1360546099708544,245,11030.0
765.0,459,93,247,1488,1947,0,3437.0,7.4880174291939,3.0548522452740468,22,718.0,0.1422628432100369,9,371.0,0.25158920054138967,26,1515.0,0.18881579733445836,6,34.0,0.10466103441356095,31,1235.0,0.08651940332533069,17,312.0,0.026863786703021184,4,77.0,0.20293653760325384,19,662.0,0.1907882575829584,3,39.0,0.4191535473053436,14,418.0,0.31135837725327925,20,551.0,0.07784804905504701,8,934.0,0.30055089176661337,36,2687.0,0.06603171070499556,1,22.0,0.23472540016551277,28,1580.0,0.1752272381358707,3,480.0,0.3436642266249663,247,11635.0
770.0,462,95,238,1499,1961,0,3337.0,7.2229437229437226,3.153167552662533,16,591.0,0.2179897628958873,11,339.0,0.34421316285404174,33,1670.0,0.1753134556139068,2,41.0,0.48028841039999554,22,1075.0,0.16167306524675917,11,316.0,0.30364987278392486,4,88.0,0.27655198080708243,19,761.0,0.07321976974647881,2,28.0,0.35877332835882547,8,317.0,0.2549979928751807,19,487.0,0.07859194554573065,16,999.0,0.2730315591732032,36,2871.0,0.02406485080936398,0,1.0,0.5251291766504391,31,1536.0,0.05422886732257556,8,509.0,0.3220439317811241,238,11629.0
775.0,462,101,215,1509,1971,0,2731.0,5.911255411255412,3.5672013424119515,9,583.0,0.25499846995437125,5,227.0,0.3487363364401253,29,1619.0,0.10760771266539448,1,13.0,0.6583902050456372,16,869.0,0.17491593082498327,3,208.0,0.41869378419609943,9,115.0,0.4554679857294588,19,727.0,0.1949203858734539,7,46.0,0.5238254668718807,3,307.0,0.27897814577059993,17,572.0,0.10485174906769279,22,1095.0,0.10937243879932439,30,2707.0,0.14818259187636829,3,14.0,0.20922293049964255,28,1256.0,0.07229162996839969,14,560.0,0.31998954109814215,215,10918.0
780.0,459,104,175,1517,1976,0,2047.0,4.459694989106754,3.702269532050864,8,617.0,0.22651847576837109,4,227.0,0.26231809328134814,23,1270.0,0.06305519171332555,2,11.0,0.5409183148530474,8,864.0,0.1957799148175026,2,186.0,0.3508868036604261,9,160.0,0.30050550007776405,9,544.0,0.3351406807322521,1,39.0,0.5273577970804101,7,334.0,0.26550482969466804,14,653.0,0.21277121403064575,31,1233.0,0.03001226946696451,20,2206.0,0.226896668044248,3,31.0,0.6862098582816785,16,1349.0,0.16174161176928104,18,644.0,0.18327614236517464,175,10368.0
785.0,462,110,178,1524,1986,0,1874.0,4.0562770562770565,3.793834232142525,15,677.0,0.21296436011467565,9,254.0,0.23956597730508938,14,1352.0,0.14615185292957747,7,35.0,0.4426896479728696,7,897.0,0.32443720317970515,6,205.0,0.3477526546780763,13,221.0,0.05948420953997777,3,259.0,0.26954845297463687,2,19.0,0.43388096821846217,8,307.0,0.3191481502057116,10,615.0,0.26023252003407593,34,1403.0,0.14250548217556713,14,2153.0,0.17262070442489227,0,18.0,0.8167691476793095,12,1392.0,0.16896831655178152,24,754.0,0.07337779082647343,178,10561.0
790.0,476,109,177,1527,2003,0,1652.0,3.4705882352941178,3.4373482998911955,16,643.0,0.1914195308593404,10,234.0,0.2654052384275641,9,1379.0,0.2888675890423121,3,43.0,0.4178294546833405,15,951.0,0.26312539542979224,8,186.0,0.12111263161317024,17,307.0,0.24901805433111399,2,266.0,0.2943032147275257,4,28.0,0.3415905812764903,9,225.0,0.25289027859185476,9,543.0,0.1913903873606307,32,1548.0,0.1810797723002272,11,2220.0,0.11447535634054393,1,5.0,0.4504596892587435,11,1264.0,0.11098098709407805,20,758.0,0.08663029266917624,177,10600.0
795.0,477,104,185,1539,2016,0,1876.0,3.9329140461215935,3.6974740575456257,15,527.0,0.20175746054451535,3,115.0,0.469920901286787,14,1428.0,0.2269385510493866,6,40.0,0.4697699448847143,20,1031.0,0.13427912209861975,10,131.0,0.1003730700106352,17,392.0,0.39566095312221194,7,283.0,0.3019912265596025,7,55.0,0.515742263498528,4,203.0,0.2801612939368017,11,588.0,0.09335818191421617,36,1712.0,0.08986249635871857,14,2281.0,0.2208985267864036,1,6.0,0.22286377954014883,9,990.0,0.1481267161326324,11,613.0,0.3298684100574827,185,10395.0
800.0,484,104,190,1548,2032,0,2139.0,4.419421487603306,3.589722037355548,11,538.0,0.24050030930654043,2,115.0,0.3789427883878997,22,1520.0,0.09231882209257147,7,65.0,0.2857736684611885,26,1149.0,0.037165882630275954,3,133.0,0.1789944731355921,18,475.0,0.25290422334464574,13,337.0,0.4211918603951301,3,49.0,0.5237454592861656,8,227.0,0.28111932176331145,12,637.0,0.1000334393276319,32,1707.0,0.045936281944966406,22,2377.0,0.19308704975687602,1,10.0,0.765617840742304,3,949.0,0.24883328815291644,7,636.0,0.2672952140227506,190,10924.0
805.0,490,106,219,1556,2046,0,2482.0,5.0653061224489795,3.660985144976108,10,586.0,0.24325857498846346,8,142.0,0.2499696149202657,27,1642.0,0.0846510766439554,2,60.0,0.12603934302697495,26,1142.0,0.08538069899146929,6,121.0,0.31304358872847327,23,581.0,0.204900931339035,13,398.0,0.31028031712117576,3,24.0,0.4065802583688063,14,289.0,0.2957782419924076,19,718.0,0.1586797743875401,24,1424.0,0.19012728270351312,28,2501.0,0.09412032045059296,0,4.0,0.9342795096475205,8,974.0,0.22974949840651143,8,671.0,0.18916810459998162,219,11277.0
810.0,485,107,242,1568,2053,0,2908.0,5.995876288659794,3.3502194948505246,8,536.0,0.22419042378884135,8,137.0,0.21551397920643958,32,1794.0,0.14136859969308008,3,29.0,0.6000389223452584,22,978.0,0.20677013146178633,13,169.0,0.42808230041757434,24,698.0,0.1274102852530281,8,362.0,0.13848346015977295,4,30.0,0.3119959004815649,20,376.0,0.13749777787805278,26,837.0,0.1342768095083193,13,1493.0,0.2198521546189372,33,2657.0,0.015496212587791913,0,0.0,0.870399596509441,13,1028.0,0.14524758320612785,15,734.0,0.05339851500682339,242,11858.0
815.0,484,108,224,1584,2068,0,2663.0,5.50206611570248,3.5137908537781897,7,397.0,0.23803980662227395,3,82.0,0.4703267937261484,27,1734.0,0.1412719657042882,1,18.0,0.7162632626682608,14,731.0,0.23569679058559245,14,234.0,0.33625052011514,19,688.0,0.04121625009845297,6,232.0,0.2342589068359433,8,53.0,0.49320950974016226,24,486.0,0.1382546706803843,31,967.0,0.04986677508580233,10,1531.0,0.14276238156237578,30,2489.0,0.14550121499298133,0,4.0,0.690708743883934,14,950.0,0.09049794810121678,16,695.0,0.21110649427518052,224,11291.0
820.0,479,113,189,1600,2079,0,2210.0,4.613778705636744,3.7284312021103956,6,420.0,0.22165939029523943,2,81.0,0.3638769632729008,21,1444.0,0.08545053034141657,1,13.0,0.7915842460247531,7,728.0,0.22376991424401785,14,241.0,0.11307219595672281,12,564.0,0.13033288912743785,5,224.0,0.48461187874109984,3,56.0,0.4991370870262554,24,610.0,0.15781202442038847,36,1129.0,0.055983091306045375,14,1594.0,0.10717548130504721,20,1993.0,0.23284758548665924,0,4.0,0.898447097506445,12,722.0,0.19780441564863258,12,701.0,0.3289221723105236,189,10524.0
825.0,479,112,169,1609,2088,0,1748.0,3.6492693110647183,3.7690105685052036,9,458.0,0.19809829653223937,8,107.0,0.1934388451375224,13,1439.0,0.1497472084795658,0,4.0,0.663443782656895,6,757.0,0.22713312820770443,14,203.0,0.15200490416921486,1,490.0,0.3395937411786313,7,233.0,0.5416871807118986,3,31.0,0.34893384904521074,19,609.0,0.24194123738795423,32,1172.0,0.1351754978439391,20,1683.0,0.17181356442452667,12,1947.0,0.1559945014047875,1,5.0,0.74584928295058,11,705.0,0.2636315454516635,13,754.0,0.17549496721946492,169,10597.0
830.0,489,114,171,1613,2102,0,1507.0,3.081799591002045,3.742098480328643,14,516.0,0.18337585089178962,8,113.0,0.2149184455913013,11,1483.0,0.2600576799869174,4,17.0,0.2830056437205456,12,809.0,0.25101154836764583,2,211.0,0.3413924406035074,7,504.0,0.3162902257387414,11,270.0,0.15748015068621057,2,25.0,0.31207561649127286,13,489.0,0.2036337645679814,24,1072.0,0.23036974947594566,27,1805.0,0.20114842699283056,9,2004.0,0.11854497127670462,2,7.0,0.2938759095809427,11,758.0,0.19028213818611955,14,821.0,0.06899587425056966,171,10904.0
835.0,495,116,179,1621,2116,0,1474.0,2.977777777777778,3.7619974368542133,15,487.0,0.1708397594942699,2,79.0,0.354206631900197,14,1542.0,0.2258136954421244,1,26.0,0.4465641062617213,12,766.0,0.24554521660541462,7,222.0,0.3479583654420083,14,560.0,0.29100426040365673,15,340.0,0.025572844804796394,6,39.0,0.5051688249467562,8,491.0,0.23565657050822722,16,1158.0,0.1782787615533684,33,1954.0,0.05590687680849411,9,1780.0,0.2551687477227137,5,30.0,0.12720526096980603,8,684.0,0.132659647099014,14,752.0,0.11015611548716334,179,10910.0
840.0,487,114,183,1639,2126,0,1618.0,3.3223819301848048,3.8267188507330077,14,377.0,0.17607645272000072,2,73.0,0.4936255310859267,15,1410.0,0.09764982862818132,2,18.0,0.5828414655232359,14,569.0,0.12084723497785496,13,277.0,0.2857748816541742,20,640.0,0.1398212330065923,15,417.0,0.23693825942428745,8,78.0,0.4268101829868231,8,527.0,0.23014240457210647,12,1226.0,0.13480093941101753,35,2133.0,0.022381434926675173,5,1304.0,0.33655788526441094,1,35.0,0.6445542600935616,7,497.0,0.28007677983369617,12,570.0,0.261603893149577,183,10151.0
845.0,485,116,181,1655,2140,0,1717.0,3.54020618556701,3.561168035917402,10,394.0,0.2098868359188872,7,93.0,0.45510755549594767,16,1119.0,0.13429413938629214,1,7.0,0.5826434081141334,12,568.0,0.1256906096621547,20,364.0,0.04947610143401371,23,754.0,0.04096414174116092,15,492.0,0.291279363423927,6,83.0,0.27657655621204,9,495.0,0.23656714302678986,11,1220.0,0.10633873374167806,29,2074.0,0.15095679854923086,6,1328.0,0.2561133098502635,0,13.0,0.8640823617765621,4,502.0,0.2627899988066716,12,622.0,0.22422220203385143,181,10128.0
850.0,492,118,190,1662,2154,0,1953.0,3.9695121951219514,3.8104709609619922,11,442.0,0.19658058864387007,13,148.0,0.2217285413454461,11,1095.0,0.2696222314620312,3,20.0,0.6857180588077264,12,617.0,0.24469428224502332,26,485.0,0.1362945982198492,23,873.0,0.029984800357444864,15,563.0,0.11011862042724489,1,40.0,0.4337369531905995,6,378.0,0.3357081628419505,16,1293.0,0.15598379811985102,20,1767.0,0.2518257071605107,9,1365.0,0.22215315465580804,3,15.0,0.3532412035685628,9,533.0,0.17733275073933513,12,681.0,0.107292143606722,190,10315.0
855.0,485,120,182,1675,2160,0,1939.0,3.997938144329897,3.56740709016714,8,409.0,0.20764050218620134,16,226.0,0.2160173030151826,9,1130.0,0.29117908889197114,0,9.0,0.6681311871072565,8,558.0,0.3361025550328121,27,624.0,0.19933741631935414,17,837.0,0.19731133994182304,11,492.0,0.08254523971290265,3,20.0,0.4862373042775703,5,399.0,0.22325686532510305,19,1369.0,0.15120923617097504,14,1362.0,0.22919529015049483,11,1188.0,0.11232897103174573,7,46.0,0.13118306232400767,15,599.0,0.09838567030960053,12,670.0,0.07781623269902524,182,9938.0
860.0,485,116,162,1695,2180,0,1660.0,3.422680412371134,3.6898675860496675,8,318.0,0.22720654767265067,16,306.0,0.34139038560128643,15,1191.0,0.16047200188747923,5,17.0,0.39770663353892033,6,395.0,0.25795113377386975,28,760.0,0.17114442961019816,7,643.0,0.4103782197985687,2,277.0,0.48534122945487923,3,18.0,0.4278267521224052,9,435.0,0.19900481804017,26,1484.0,0.05971614303970652,5,1399.0,0.21633480326058793,6,859.0,0.14275862089752583,1,43.0,0.6387203833696016,16,548.0,0.18717846442937341,9,504.0,0.10081212555657945,162,9197.0
865.0,491,119,161,1702,2193,0,1768.0,3.60081466395112,3.602015615410953,2,275.0,0.2565659457640704,12,309.0,0.2460542996989147,22,1287.0,0.04783650738019411,1,20.0,0.20780007413282325,4,407.0,0.10988963323208449,30,904.0,0.001075735238624813,2,595.0,0.44370343776534843,3,270.0,0.4390978878481993,3,31.0,0.571680395358616,15,497.0,0.17609897570253344,30,1628.0,0.008628624644133987,7,1417.0,0.2444461892181357,7,787.0,0.2526265432279249,0,12.0,0.8383078732146177,14,414.0,0.27806214259517487,9,551.0,0.23747631175928582,161,9404.0
870.0,496,118,200,1706,2202,0,2024.0,4.080645161290323,3.504008375748694,6,292.0,0.21401054675926567,10,246.0,0.245876967462094,22,1210.0,0.032728425361226894,5,21.0,0.2756368278705075,10,427.0,0.17004865245522527,33,1068.0,3.4535979638818555e-06,7,600.0,0.2574049498174483,7,292.0,0.16498830057886144,3,46.0,0.6410819354392977,16,480.0,0.14797673891355265,27,1609.0,0.14052822574904775,14,1473.0,0.11224518669329536,9,826.0,0.30062258661411806,3,17.0,0.4097145430050502,15,479.0,0.14278923919826347,13,602.0,0.2746271430590054,200,9688.0
875.0,492,124,208,1720,2212,0,2284.0,4.642276422764228,3.9057043469611585,13,339.0,0.21347875426434934,1,204.0,0.3319540632079935,17,893.0,0.17336558009344782,0,21.0,0.7554938912286252,13,413.0,0.22269263405459178,33,1237.0,0.09827496787945245,14,657.0,0.08960410308550812,14,355.0,0.06771077925467593,3,61.0,0.6911608797841648,15,345.0,0.19005289839136577,22,1411.0,0.2567014597102363,15,1349.0,0.16881552515153006,14,886.0,0.24115558993891198,7,42.0,0.1339194772089224,12,550.0,0.0788043748488433,15,669.0,0.2180518032087316,208,9432.0
880.0,489,125,187,1738,2227,0,2391.0,4.889570552147239,3.641991591577165,14,336.0,0.19317458317793584,7,226.0,0.29575854932381535,10,853.0,0.299663152661638,0,4.0,0.8912813164722265,12,444.0,0.16468230522042934,34,1404.0,0.17403476650053146,10,580.0,0.04976948223033138,10,334.0,0.31299846040592455,4,80.0,0.34998816951067835,6,381.0,0.2373618702340999,16,1426.0,0.16857813828110157,11,1038.0,0.2592847871046329,20,975.0,0.18212889717788933,2,44.0,0.18414282370639434,10,512.0,0.15197512984970646,21,763.0,0.1260899315094677,187,9400.0
885.0,483,123,186,1754,2237,0,2447.0,5.066252587991719,3.6380435841806316,11,277.0,0.16618877621120176,13,281.0,0.30351439763379867,8,893.0,0.30046208420542847,2,6.0,0.45017160555095886,18,501.0,0.055253783533424645,36,1581.0,0.1860988496817182,1,365.0,0.38262652753621956,0,153.0,0.6286045296714822,6,56.0,0.3043387795852665,8,415.0,0.25359902103947574,13,1497.0,0.12124392314150595,8,833.0,0.3755196395048597,26,1096.0,0.07107506772207155,0,13.0,0.7512535448735365,8,430.0,0.25989460353477817,28,889.0,0.03046964222031343,186,9286.0
890.0,487,128,190,1761,2248,0,2414.0,4.95687885010267,3.376728578170306,9,320.0,0.18687454903912712,10,276.0,0.24681333784550794,7,762.0,0.2237937151565028,7,32.0,0.09178250502913571,19,558.0,0.09905920491678186,31,1600.0,0.08242134037421793,3,314.0,0.337946034630555,2,152.0,0.468809522856273,3,29.0,0.4690228669631283,15,480.0,0.27166021530599566,7,1396.0,0.1536845241562671,6,866.0,0.2797211773007019,33,1245.0,0.0275239220700755,2,20.0,0.7187139237634657,8,466.0,0.22448481595314745,28,898.0,0.056257966389231036,190,9414.0
895.0,495,128,196,1769,2264,0,2328.0,4.703030303030303,3.6415208969438075,13,375.0,0.18465571505174094,7,191.0,0.28304900509126585,7,550.0,0.2389415379608242,2,39.0,0.5759681447125297,20,644.0,0.15936968340940322,27,1452.0,0.05884660559871904,9,347.0,0.3502196162315107,8,179.0,0.2618492482464858,1,18.0,0.5985827304653935,16,459.0,0.16546528893011536,4,1124.0,0.27727943567105506,12,915.0,0.18346907829132705,36,1425.0,0.025841111732435057,2,26.0,0.5413667049221106,12,522.0,0.12374385149015037,20,787.0,0.25379057045000064,196,9053.0
900.0,488,130,190,1782,2270,0,2124.0,4.352459016393443,3.5873730947283757,10,364.0,0.18777948380932236,4,208.0,0.2632505473224273,2,524.0,0.13860273287832298,0,14.0,0.8299491103223183,28,766.0,0.16127769787139654,16,1480.0,0.11486085550111828,9,396.0,0.3342614728906838,15,238.0,0.0034298828493015054,3,27.0,0.6488873278036441,16,339.0,0.1858136376309819,6,1011.0,0.27396056266816243,17,995.0,0.09460800061963508,30,1390.0,0.14216203127777252,0,4.0,0.4946672087013819,19,600.0,0.06166804054534779,15,867.0,0.22806312495432368,190,9223.0
905.0,491,130,198,1795,2286,0,1932.0,3.934826883910387,3.5738481880657207,9,292.0,0.2150439469899654,10,241.0,0.35634199271170974,8,530.0,0.15601358544554997,3,19.0,0.3603746353926709,35,928.0,0.04092864454878072,13,1520.0,0.25791308002070934,6,321.0,0.3016047353616481,10,209.0,0.13127358460774485,5,47.0,0.32882847816558,9,385.0,0.2313001473111733,10,1041.0,0.19266681867848498,24,1103.0,0.1341450626685481,20,1128.0,0.23964804542590112,1,12.0,0.612924115150485,25,710.0,0.08574658787541112,10,929.0,0.13176092128183609,198,9415.0
910.0,488,134,209,1810,2298,0,2066.0,4.233606557377049,3.702963620757998,4,255.0,0.22499812135439454,12,226.0,0.2638581062159459,15,585.0,0.049351888273281165,7,48.0,0.004722833935929871,36,990.0,0.02408553347241299,15,1573.0,0.27528782422581893,0,136.0,0.5362066637587535,0,136.0,0.557313442415712,9,90.0,0.32559369142777433,8,418.0,0.25748874816191425,13,1099.0,0.1260008225150087,31,1246.0,0.14259585319017798,12,747.0,0.2236859920290716,2,21.0,0.8083780751175238,30,844.0,0.14990368815426028,15,991.0,0.07360802732292296,209,9405.0
915.0,480,133,227,1827,2307,0,2407.0,5.014583333333333,3.0553903052597056,9,285.0,0.2166511913120139,8,176.0,0.23225595871188484,22,686.0,0.06747234139376222,9,96.0,0.0860291194358109,25,1131.0,0.10383372231735236,20,1663.0,0.1334117725830346,3,94.0,0.3988653434852547,3,143.0,0.41864334975149425,4,85.0,0.509411876161925,14,474.0,0.16273039248157234,20,1184.0,0.1721063349788598,33,1403.0,0.027270869356436463,5,782.0,0.21072024446062068,1,5.0,0.6920089973760912,36,1015.0,0.10291186911489991,15,939.0,0.039608457723479575,227,10161.0
920.0,483,137,239,1836,2319,0,2565.0,5.3105590062111805,3.2187328049263675,13,336.0,0.20279176543689054,2,163.0,0.3162629426004782,24,802.0,0.251049761849882,3,91.0,0.424199190370048,24,1233.0,0.1126479440189491,27,1780.0,0.004639328253469514,7,120.0,0.003477105195701812,10,176.0,0.057918687761769866,2,34.0,0.6615730089548734,21,566.0,0.22020663235618193,21,1123.0,0.1875777520240954,30,1280.0,0.05942511129544748,7,805.0,0.25785771429699866,6,19.0,0.42737758855109764,31,1051.0,0.017019782535683044,11,777.0,0.1186581343852737,239,10356.0
925.0,489,139,233,1844,2333,0,2369.0,4.844580777096114,3.0162532274726233,15,339.0,0.1835483695034203,7,186.0,0.27769023125267284,21,762.0,0.244880085857682,0,39.0,0.7483549109824895,22,1345.0,0.0728864529897104,25,1740.0,0.01606186435406791,9,169.0,0.0736817394287104,8,170.0,0.041636560574143416,1,18.0,0.43144401811065236,26,687.0,0.13107033081721556,20,980.0,0.12574460182192157,18,1374.0,0.19451170367318532,13,864.0,0.13024695368101522,11,64.0,0.14138400885965682,27,982.0,0.05753503584543518,10,773.0,0.17729621894640335,233,10492.0
930.0,478,142,222,1860,2338,0,2037.0,4.2615062761506275,3.2078824632952094,14,290.0,0.1891774451477949,9,175.0,0.38736765331734657,16,614.0,0.2028591719826079,3,46.0,0.700930333859841,22,1456.0,0.040483418349410855,16,1500.0,0.08574027911584552,3,111.0,0.4141659200551536,1,110.0,0.3431206664614156,7,43.0,0.31934224137796,26,722.0,0.10658074330906529,25,1099.0,0.09172979462160206,20,1437.0,0.20005074597786685,21,954.0,0.17097367632877894,11,119.0,0.1419618322903802,18,1075.0,0.08595929222445003,10,821.0,0.2199984632704708,222,10572.0
935.0,476,148,176,1872,2348,0,1557.0,3.2710084033613445,3.7341077637417026,12,291.0,0.20825434894512965,5,120.0,0.34456229503131625,9,638.0,0.12921014443113243,3,61.0,0.6589082154786978,26,1422.0,0.12483603517116386,9,1481.0,0.14911728932301224,0,32.0,0.6105840841634325,0,38.0,0.7702311085055498,2,44.0,0.5527829934161995,19,647.0,0.2034278981286431,16,1179.0,0.08118621135612177,14,1514.0,0.13119095997098876,27,1078.0,0.1856307817359471,11,174.0,0.13931129087514543,16,1150.0,0.09946984744678501,7,751.0,0.3411278400700404,176,10620.0
940.0,478,153,158,1881,2359,0,1325.0,2.771966527196653,3.5016687036172516,11,339.0,0.22289250137668906,5,133.0,0.25547754576295595,7,668.0,0.24499323295132772,5,81.0,0.12787783003397465,22,1303.0,0.15200037649577228,9,1524.0,0.14013543673906853,2,38.0,0.40055783303784,0,29.0,0.6762636217926152,2,33.0,0.5157974983584789,12,703.0,0.19703676936619557,15,1224.0,0.20766099973598173,21,1613.0,0.052835094934346086,27,1209.0,0.08750451572221583,6,177.0,0.17299435176838973,10,1090.0,0.2256491706777923,4,581.0,0.2794839207027208,158,10745.0
945.0,481,150,177,1889,2370,0,1402.0,2.914760914760915,3.3444213769895628,8,326.0,0.2225533068528354,10,173.0,0.2249875247936535,13,723.0,0.24663732154752163,4,54.0,0.08870304831321997,17,1128.0,0.10324334089956967,14,1584.0,0.11992163802382423,9,67.0,0.45709846710171154,7,52.0,0.38028968570867544,6,48.0,0.2844374566633157,11,755.0,0.18895359499308498,17,1127.0,0.19106971211519608,22,1503.0,0.1617610882726187,27,1350.0,0.0487731148639536,2,108.0,0.5732153164707376,6,909.0,0.28273769104480023,4,597.0,0.19368748735039748,177,10504.0
950.0,486,154,192,1896,2382,0,1767.0,3.6358024691358026,3.3321434276409643,5,265.0,0.22263879640419215,16,240.0,0.2995891407475699,20,815.0,0.15169986462806812,0,13.0,0.4969104703190017,8,1173.0,0.17160605992586964,21,1676.0,0.1595300691226547,9,108.0,0.39340906528423153,7,65.0,0.11793954757171769,10,90.0,0.24225752664260033,14,817.0,0.18030942832696736,17,1127.0,0.10036512879322443,19,1114.0,0.24761304649449623,27,1487.0,0.2103528745961099,2,84.0,0.6104739973336767,7,936.0,0.1799085207489234,10,635.0,0.14576648192756306,192,10645.0
955.0,494,156,217,1902,2396,0,2265.0,4.58502024291498,3.34992086855099,3,252.0,0.21559831200842564,16,265.0,0.2027728613264214,27,935.0,0.027965826215180307,0,10.0,0.6363142450111783,9,1207.0,0.2851715521734277,27,1802.0,0.2333810704963357,9,153.0,0.3343589308289019,6,53.0,0.18876193027753574,5,100.0,0.33769523328582973,15,792.0,0.17728242952877263,19,1214.0,0.06948610899653741,15,1190.0,0.1535959000493248,33,1641.0,0.14310676468072292,4,99.0,0.5299851822418986,13,991.0,0.1174974291680081,16,701.0,0.16000473967022288,217,11405.0
960.0,490,156,218,1914,2404,0,2514.0,5.130612244897959,3.4456721789627993,8,277.0,0.2076966818338707,13,229.0,0.19246735057355244,30,1083.0,9.390017572461217e-05,2,20.0,0.6522835655064874,9,1133.0,0.2371310027089637,32,1957.0,0.2065694282074002,9,198.0,0.3156868714783468,4,62.0,0.08009116228188393,3,55.0,0.6086278598263904,14,660.0,0.2043784645753548,21,1314.0,0.16491826784787986,11,1252.0,0.13572601082289568,30,1605.0,0.04162164794486742,0,57.0,0.43744506258442195,10,930.0,0.22148639271856502,22,801.0,0.16336065364704938,218,11633.0
965.0,490,157,190,1929,2419,0,2206.0,4.502040816326531,3.450292481796186,10,265.0,0.20112902196069257,4,242.0,0.29278155762024577,24,1062.0,0.053894404081763464,2,30.0,0.6019378217093524,9,1121.0,0.1018658886102439,29,1895.0,0.10519361385112524,9,245.0,0.2725093618939491,5,57.0,0.29505688699121874,3,56.0,0.5147119924265232,13,670.0,0.20130586137225015,22,1415.0,0.16551672768041004,8,1110.0,0.13879955218521617,23,1330.0,0.09289821621796829,3,16.0,0.5593338524173815,5,747.0,0.2747207227883768,21,787.0,0.21446132043458094,190,11048.0
970.0,489,159,170,1944,2433,0,1762.0,3.6032719836400817,3.5144246481606123,8,217.0,0.22147745269364053,8,262.0,0.3579283597387134,14,880.0,0.14429661984913106,0,8.0,0.5301173349593007,14,1183.0,0.10147469931261802,24,1607.0,0.07239999479527849,9,292.0,0.32698562207706633,1,41.0,0.5568477905769945,6,73.0,0.32961460534114523,12,731.0,0.20473033031461316,29,1543.0,0.03612698010643827,8,1143.0,0.19372661458486418,13,1329.0,0.2190029494949998,0,13.0,0.8516438633586159,4,713.0,0.27316314243690715,20,648.0,0.09354586385107617,170,10683.0
975.0,483,158,172,1959,2442,0,1479.0,3.062111801242236,3.558698110972663,5,218.0,0.19697580083625837,7,246.0,0.2102750203179697,13,893.0,0.23521773370512844,4,23.0,0.6593363371434731,17,1243.0,0.1895424661105933,19,1135.0,0.1417007141652102,3,231.0,0.440459537898998,1,16.0,0.38363018450071984,6,70.0,0.3052385056558146,14,794.0,0.21697795551420782,34,1709.0,0.026979682298348268,12,1194.0,0.21998219834220947,10,1361.0,0.28171679910151,2,12.0,0.6132162867252672,9,755.0,0.2307682629919114,16,732.0,0.09529524546491074,172,10632.0
980.0,487,164,177,1965,2452,0,1550.0,3.182751540041068,3.7883349343425623,10,245.0,0.19714643338245194,7,188.0,0.2161300752541088,12,955.0,0.3171368869755055,2,25.0,0.5378304884768637,20,1332.0,0.21257732074276925,5,1170.0,0.28828434148749704,0,99.0,0.3316425208488076,0,11.0,0.6395805184241226,3,33.0,0.6138641982948042,21,890.0,0.13757272841568746,36,1885.0,0.11919087836971749,16,1257.0,0.08312084963969968,12,1410.0,0.18615491638335976,7,34.0,0.3551619663127664,13,806.0,0.14018234034406768,13,784.0,0.17830264562014975,177,11124.0
985.0,492,165,216,1975,2467,0,2047.0,4.1605691056910565,3.645947516985858,14,306.0,0.19310228734344573,3,177.0,0.2859408585177264,14,1010.0,0.28464653370606946,6,31.0,0.3463248043044281,28,1452.0,0.18960028081734523,8,1154.0,0.36496528476714,3,73.0,0.3410550527989368,0,8.0,0.8854340589760401,3,32.0,0.5276258825680941,28,1015.0,0.10559387443704098,30,1829.0,0.19002883953785007,21,1168.0,0.06686667021483264,20,1503.0,0.06250350151101627,3,42.0,0.3301385599587366,19,888.0,0.042399037893170954,16,854.0,0.1965905195464252,216,11542.0
990.0,496,163,230,1981,2477,0,2297.0,4.631048387096774,3.0938982439835097,14,317.0,0.13308963896817477,8,206.0,0.2715674738386101,20,1100.0,0.10087289959432187,1,31.0,0.2343121667521834,28,1431.0,0.08580039778291602,9,1004.0,0.16314814802746347,7,100.0,0.3660068992102909,0,4.0,0.7497520625398584,8,57.0,0.2678711971944916,34,1172.0,0.07675692623324386,23,1542.0,0.1316896477472201,13,929.0,0.3058446600644609,26,1622.0,0.17775147487574522,3,28.0,0.36337420878371185,21,860.0,0.03399056331766008,15,808.0,0.10844219828138266,230,11211.0
995.0,495,168,246,1993,2488,0,2486.0,5.022222222222222,3.0948698295576498,14,283.0,0.18458111544611489,8,200.0,0.3323933750907807,27,1226.0,0.07306029155658152,4,20.0,0.1649449463854395,27,1252.0,0.057300868631767234,12,705.0,0.2132298826754216,13,157.0,0.46677761945054197,1,6.0,0.21173852218157002,10,96.0,0.24465803980554673,35,1347.0,0.07409416551852241,20,1397.0,0.10061434821596549,9,905.0,0.2565040657015938,33,1771.0,0.1359278708255188,0,16.0,0.4736516720987118,18,706.0,0.07310689457895773,15,653.0,0.14517689454008237,246,10740.0
1000.0,495,173,221,2004,2499,0,2390.0,4.828282828282828,2.9492469827592696,14,335.0,0.18338144628657232,7,155.0,0.2502589447630543,28,1213.0,0.017619812867066716,0,19.0,0.6385063822132128,18,1353.0,0.08762743833435378,7,656.0,0.13914819013922614,16,229.0,0.28288426429889013,1,10.0,0.2149666905390244,11,143.0,0.38039536546641045,36,1525.0,0.09692060953044983,14,1469.0,0.12708027887363196,10,950.0,0.14764299939832778,31,1737.0,0.049380183155210866,0,4.0,0.6383482437782412,16,790.0,0.0866220030597457,12,709.0,0.23125201928479802,221,11297.0
