step,system_total_running,system_total_backlogged,system_total_stopped,system_total_arrived,system_total_departed,system_total_teleported,system_total_waiting_time,system_mean_waiting_time,system_mean_speed,0_stopped,0_accumulated_waiting_time,0_average_speed,1_stopped,1_accumulated_waiting_time,1_average_speed,10_stopped,10_accumulated_waiting_time,10_average_speed,11_stopped,11_accumulated_waiting_time,11_average_speed,12_stopped,12_accumulated_waiting_time,12_average_speed,13_stopped,13_accumulated_waiting_time,13_average_speed,14_stopped,14_accumulated_waiting_time,14_average_speed,15_stopped,15_accumulated_waiting_time,15_average_speed,2_stopped,2_accumulated_waiting_time,2_average_speed,3_stopped,3_accumulated_waiting_time,3_average_speed,4_stopped,4_accumulated_waiting_time,4_average_speed,5_stopped,5_accumulated_waiting_time,5_average_speed,6_stopped,6_accumulated_waiting_time,6_average_speed,7_stopped,7_accumulated_waiting_time,7_average_speed,8_stopped,8_accumulated_waiting_time,8_average_speed,9_stopped,9_accumulated_waiting_time,9_average_speed,agents_total_stopped,agents_total_accumulated_waiting_time
5.0,16,0,0,0,16,0,0.0,0.0,12.361438278005476,0,0.0,0.946221881581019,0,0.0,0.9493554507990243,0,0.0,1.0,0,0.0,1.0,0,0.0,0.9576567963665656,0,0.0,1.0,0,0.0,1.0,0,0.0,1.0,0,0.0,0.9405799451508712,0,0.0,0.9433952043824421,0,0.0,0.9524798026967265,0,0.0,1.0,0,0.0,1.0,0,0.0,1.0,0,0.0,0.949396898481303,0,0.0,1.0,0,0.0
10.0,32,0,0,0,32,0,0.0,0.0,12.698600829277163,0,0.0,0.9714622893142477,0,0.0,0.9767110774409665,0,0.0,1.0,0,0.0,1.0,0,0.0,0.8558422516927673,0,0.0,1.0,0,0.0,1.0,0,0.0,1.0,0,0.0,0.9763441802004712,0,0.0,0.9798996810567359,0,0.0,0.974235064750732,0,0.0,1.0,0,0.0,1.0,0,0.0,1.0,0,0.0,0.973012194270874,0,0.0,1.0,0,0.0
15.0,40,0,4,0,40,0,11.0,0.275,10.775966077539135,1,3.0,0.8264138418851497,0,0.0,0.9590396897281407,0,0.0,1.0,0,0.0,1.0,1,4.0,0.6316822968991603,0,0.0,1.0,0,0.0,1.0,0,0.0,1.0,0,0.0,0.9477539622864444,0,0.0,0.9547516350142273,1,2.0,0.6732664809413224,0,0.0,0.9610766561147177,0,0.0,1.0,0,0.0,0.9787790145386789,1,2.0,0.7618821794407882,0,0.0,1.0,4,11.0
20.0,56,0,2,0,56,0,9.0,0.16071428571428573,10.274395227803405,0,0.0,0.701197543044075,0,2.0,0.8260027557139602,0,0.0,1.0,0,0.0,1.0,0,0.0,0.672180334864169,0,3.0,0.4174537473982919,0,0.0,1.0,0,0.0,1.0,0,0.0,0.9513614291334507,0,0.0,0.9382663751749292,0,0.0,0.8238260802960288,0,2.0,0.7676277401134547,0,0.0,0.9413524949200124,0,0.0,0.9496850335679161,2,9.0,0.5570211525940642,0,0.0,1.0,2,16.0
25.0,72,0,7,0,72,0,36.0,0.5,11.282871746645563,3,12.0,0.6493297641549832,0,2.0,0.9057386373119298,0,0.0,1.0,0,0.0,0.9540662799247271,0,0.0,0.9607825920512973,0,3.0,0.9267294036045265,0,0.0,1.0,0,0.0,1.0,0,0.0,0.9613183234209313,0,0.0,0.9439325092485036,0,0.0,0.9596392478906999,0,4.0,0.9526389816022767,0,0.0,0.945395561700727,0,0.0,0.9489158784745481,4,24.0,0.4027862206909811,0,0.0,0.951877783977618,7,45.0
30.0,80,0,8,0,80,0,54.0,0.675,10.42773366003232,1,12.0,0.5449485874386267,0,2.0,0.9265420597676315,0,0.0,0.9233419806614122,0,0.0,0.9904547429454513,0,0.0,0.9113239569110928,0,1.0,0.9321801035537728,0,0.0,1.0,0,0.0,1.0,0,0.0,0.9547496557715577,0,0.0,0.9745697656146127,1,6.0,0.6266450758557925,0,4.0,0.9276622011986879,0,0.0,0.9502176762593235,0,0.0,0.9540038972339631,6,50.0,0.31100890764211786,0,0.0,0.9573527297757893,8,75.0
35.0,96,0,19,0,96,0,116.0,1.2083333333333333,9.170659043015986,2,12.0,0.6846762354936446,1,3.0,0.47503566838811995,0,0.0,0.897484215035309,0,0.0,0.9389860527064834,2,3.0,0.6390070001890124,1,1.0,0.41255162878065377,0,0.0,0.9657821493523042,0,0.0,1.0,0,0.0,0.9557439797344481,0,0.0,0.9650330462101916,3,14.0,0.6796596351156341,2,7.0,0.5852563603687033,0,0.0,0.9435434922126223,0,0.0,0.9289579915680248,8,86.0,0.29534957728960604,0,0.0,0.9422907240756556,19,126.0
40.0,112,0,25,0,112,0,126.0,1.125,8.671358443716041,5,27.0,0.5730970106589993,5,22.0,0.3711941188657715,0,0.0,0.912077840225569,0,0.0,0.942169485632341,0,0.0,0.6843311803008699,3,14.0,0.2852490869120211,0,0.0,0.6779726260713035,0,0.0,0.9322653248426302,0,0.0,0.9569661235555322,0,0.0,0.9852654493494523,4,31.0,0.6151149594681808,5,26.0,0.40818176389046396,0,0.0,0.9759383584341675,0,0.0,0.9470916323138829,3,75.0,0.34162701778776144,0,4.0,0.7728481292005579,25,199.0
45.0,120,0,30,0,120,0,238.0,1.9833333333333334,8.900159602703601,7,56.0,0.47097107787748443,5,47.0,0.36602092214612303,0,0.0,0.9251664699843597,0,0.0,0.9498707153056346,0,0.0,0.9405295849662554,4,33.0,0.6004675674493304,1,2.0,0.48819385538563004,0,0.0,0.9238537836771533,0,0.0,0.9607510599759618,0,0.0,0.9570930339425514,6,54.0,0.48252757535082724,5,51.0,0.35840289023462324,0,0.0,0.9468301501194852,0,0.0,0.9570594617641267,1,18.0,0.5826396702677586,1,6.0,0.7899587730010217,30,267.0
50.0,136,0,27,0,136,0,311.0,2.286764705882353,8.768498155179035,8,93.0,0.4188838980565659,5,72.0,0.4214268450916703,0,0.0,0.8989680075622729,0,0.0,0.983226050102216,0,2.0,0.5966939966584787,4,53.0,0.5162305702151282,0,0.0,0.883163002669888,0,4.0,0.7770327068071226,0,0.0,0.9211460082642526,0,0.0,0.9545660259804643,8,91.0,0.41869481331547986,0,34.0,0.5032724908476409,0,4.0,0.7668119548145841,0,0.0,0.9572214621886989,1,8.0,0.6233985088358683,1,11.0,0.7759510548539492,27,372.0
55.0,152,0,40,0,152,0,395.0,2.598684210526316,7.802790982626216,10,138.0,0.3702824175796511,0,52.0,0.5850521550277661,0,0.0,0.948303063578067,0,0.0,0.9769787396646331,4,15.0,0.5494567664781753,7,83.0,0.08974277236952555,0,0.0,0.9002223713988139,0,4.0,0.9424025781056651,1,5.0,0.6881087416027533,0,0.0,0.96308083594504,10,136.0,0.3696545469759804,2,8.0,0.3359365995956163,0,4.0,0.9310143488193477,0,0.0,0.9530498563924024,6,29.0,0.5593366682280223,0,4.0,0.4005014760816375,40,478.0
60.0,158,0,53,2,160,0,624.0,3.949367088607595,7.2631635360444395,12,194.0,0.3369508830121766,1,4.0,0.6387744181931386,0,0.0,0.874306634708671,0,0.0,0.9805374455122748,5,38.0,0.5282115852065422,9,126.0,0.36217712052678047,0,0.0,0.6516249677357473,0,4.0,0.8715547413063498,0,4.0,0.8216215542590432,0,0.0,0.9614274177725131,11,190.0,0.30305912975953037,0,5.0,0.36297686475045654,0,6.0,0.8143385020694419,0,0.0,0.9610733029033824,8,65.0,0.42264171435107145,7,30.0,0.04725062764050156,53,666.0
65.0,171,0,53,5,176,0,690.0,4.035087719298246,7.228018850040727,7,180.0,0.36126392414252556,0,5.0,0.6298539471012865,2,7.0,0.3380191304921816,0,0.0,0.9268552707971093,7,67.0,0.5322780956379867,9,169.0,0.36303576306278307,0,0.0,1.0,2,9.0,0.6482982331457213,0,4.0,0.9414707413582628,0,0.0,0.7625651950035991,14,254.0,0.22305229916356825,0,2.0,0.5577083644938505,0,2.0,0.9190594311861724,0,0.0,0.8231206694140365,10,111.0,0.37928987242726303,2,42.0,0.4754352089012955,53,852.0
70.0,186,0,45,6,192,0,703.0,3.7795698924731185,7.534808941182674,1,99.0,0.4487088118863124,0,4.0,0.8909353021071128,0,8.0,0.6436817932471216,0,0.0,0.9437474150006426,9,106.0,0.410995819124823,9,212.0,0.1367969111238347,0,2.0,0.43905248993816925,0,0.0,0.5048731254440523,0,4.0,0.5125876160175488,2,5.0,0.6062809331446994,16,329.0,0.21081575738379305,0,2.0,0.884833728449752,0,2.0,0.9448686571486894,0,0.0,0.966029985124074,8,116.0,0.3305770598933995,0,19.0,0.7286525686644149,45,908.0
75.0,185,0,49,15,200,0,864.0,4.6702702702702705,7.288455556196778,1,59.0,0.45064201212178173,0,2.0,0.8633922557037004,0,4.0,0.9084612953158447,0,0.0,0.9499082154598816,10,156.0,0.24308087346260576,9,257.0,0.1225120368529422,0,2.0,0.8888327776274064,3,9.0,0.3758252152385477,5,22.0,0.4181009613140072,0,0.0,0.5560095824869672,17,415.0,0.11160346315543893,0,2.0,0.8853188637316078,0,0.0,0.9281928118940821,0,2.0,0.7080498520680282,3,70.0,0.39389851351042293,1,13.0,0.7267163520982839,49,1013.0
80.0,193,0,51,23,216,0,873.0,4.523316062176166,7.270159415155787,6,76.0,0.35922474605697957,2,5.0,0.5985392998757653,1,6.0,0.6089642035215515,0,0.0,1.0,12,216.0,0.17838677626289784,3,207.0,0.4787904534240823,0,6.0,0.8001612108926267,0,5.0,0.6862235588434689,5,47.0,0.48009396403983395,0,0.0,0.9761462844423858,19,508.0,0.25286225989054933,0,0.0,0.7185662783526411,0,0.0,0.980616400182493,0,4.0,0.6890195044328216,2,42.0,0.44490481159692213,1,18.0,0.8191626218050022,51,1140.0
85.0,200,0,71,32,232,0,1094.0,5.47,6.86044771569048,11,123.0,0.33230611718967645,2,5.0,0.41111185798824085,6,27.0,0.43456974539014526,0,0.0,1.0,14,285.0,0.30856937798193423,0,75.0,0.5444549042074165,0,2.0,0.8406598136199978,0,0.0,0.9052549036196378,5,72.0,0.5397042194208495,0,0.0,0.9617486583436213,21,608.0,0.2896581499357102,0,4.0,0.5114918462125307,1,2.0,0.7506054491707916,0,4.0,0.9271107225569305,8,62.0,0.31471654340052363,3,25.0,0.4697953511952653,71,1294.0
90.0,206,0,87,34,240,0,1455.0,7.063106796116505,6.294232981797439,14,187.0,0.23850530342156814,4,21.0,0.4887811902413783,7,62.0,0.22148971386919283,0,0.0,0.9086456512891605,17,363.0,0.3041977559144755,2,80.0,0.13407683400618778,0,2.0,0.9122940773631676,0,0.0,0.9498478647475739,7,102.0,0.3651479411613503,0,0.0,0.9526832073987457,23,714.0,0.21947425202513707,0,4.0,0.8380024823096359,1,7.0,0.584106409416732,0,0.0,0.8976135084649188,4,62.0,0.45497099341130526,8,57.0,0.3150237349817577,87,1661.0
95.0,210,0,87,46,256,0,1824.0,8.685714285714285,6.3003871989912845,16,263.0,0.25912487542768964,0,14.0,0.6059122285894434,7,101.0,0.10219106330457407,0,0.0,0.9207962076319893,17,444.0,0.1952290030605616,3,94.0,0.5337413435003701,1,3.0,0.6005841232465825,0,0.0,1.0,9,145.0,0.3040831713969231,0,0.0,0.9536402029165982,25,834.0,0.14267235310148418,0,2.0,0.9274374442792601,0,0.0,0.590456144871046,0,0.0,0.9620390886183694,0,16.0,0.6802696453017343,9,102.0,0.3840986807569151,87,2018.0
100.0,217,0,96,55,272,0,2188.0,10.08294930875576,6.265283415173463,18,348.0,0.25530238519411447,2,6.0,0.5042985416921765,1,84.0,0.5580235534543294,0,4.0,0.83273548553466,20,538.0,0.1335439294837392,3,109.0,0.5839646532049282,5,22.0,0.3714678387528778,0,0.0,1.0,9,190.0,0.4462633522813938,0,0.0,0.9705000622598032,27,962.0,0.16121766117118358,0,0.0,0.872706223469904,0,0.0,0.9024922023400992,0,0.0,0.9298471931967234,2,14.0,0.5941643082132751,9,147.0,0.366932881124364,96,2424.0
105.0,218,0,100,62,280,0,2496.0,11.44954128440367,5.649963410866008,19,442.0,0.20779054715076695,0,2.0,0.5662914851477666,0,6.0,0.8617663157738887,0,4.0,0.9027972291444304,22,642.0,0.2363278450075342,1,39.0,0.5321656535917466,6,56.0,0.2759698234450372,0,0.0,0.894570269633071,9,235.0,0.323051417099586,0,0.0,0.9228215604450357,28,1100.0,0.10438081978213076,0,2.0,0.7308982352258986,0,0.0,0.9684899868614046,0,0.0,0.9501420641977211,7,37.0,0.43678600415500224,8,138.0,0.3075939752745412,100,2703.0
110.0,229,0,101,67,296,0,2723.0,11.890829694323145,5.663862406014444,21,544.0,0.2010834282451078,0,0.0,0.879275937153206,0,4.0,0.751898409699135,0,4.0,0.9134671447978753,24,758.0,0.23043064667019944,3,13.0,0.05503079788544842,6,86.0,0.3825351772103692,0,0.0,0.8831893715481514,7,202.0,0.2663815600623104,0,2.0,0.8571378515417993,30,1247.0,0.1114469090553437,0,4.0,0.8382871609903831,0,0.0,0.7340540103397005,0,0.0,0.9397584392566396,9,77.0,0.434428106168307,1,86.0,0.3960527545035171,101,3027.0
115.0,239,0,93,73,312,0,2936.0,12.284518828451883,5.622201441081327,23,656.0,0.17891053806030116,0,0.0,0.9526837838664024,0,4.0,0.8677694590225212,2,8.0,0.5631721921995546,25,880.0,0.20029863945022186,0,12.0,0.24060455020060437,0,67.0,0.671848577852746,0,4.0,0.75763092153714,1,85.0,0.4521603182971417,0,4.0,0.8925132657402631,31,1402.0,0.1375231792373834,0,2.0,0.8418060723337506,2,6.0,0.3115701994020379,0,0.0,0.9389529149652368,5,79.0,0.3693070978640819,4,99.0,0.2291914822989144,93,3308.0
120.0,245,0,101,75,320,0,3351.0,13.677551020408163,5.63702307803144,25,776.0,0.12417400140560082,0,0.0,0.9162715592471953,1,10.0,0.24643431829249401,1,5.0,0.38589386756139027,27,1011.0,0.08346153036878762,0,2.0,0.8778404804951435,0,2.0,0.69244263519953,0,4.0,0.9051292915762433,2,58.0,0.3233559663075919,0,4.0,0.9162184207956537,34,1568.0,0.10098063644451571,0,0.0,0.7154280149695894,0,3.0,0.3573806851875891,0,0.0,0.935025427746302,2,41.0,0.4933980046378389,9,132.0,0.3971941180746249,101,3616.0
125.0,256,1,116,79,335,0,3885.0,15.17578125,5.459359822198584,27,907.0,0.14897523905426852,0,0.0,0.7544165806831858,0,9.0,0.5532949522017848,1,8.0,0.44363998732209975,29,1156.0,0.05860362436065942,0,2.0,0.9384833313236539,2,8.0,0.1552918147257789,0,4.0,0.8781181648614833,5,82.0,0.3697215351175142,1,5.0,0.4986913417129189,36,1742.0,0.07173590588226898,0,0.0,0.9035496888421198,0,4.0,0.8631562784987828,0,0.0,0.9274983202696545,4,46.0,0.4465578003669411,11,186.0,0.41163686051082776,116,4159.0
130.0,257,3,141,92,349,0,4531.0,17.63035019455253,5.129428843489287,29,1047.0,0.14998251373191943,2,5.0,0.5993365510818977,0,4.0,0.928459011610899,0,5.0,0.7814157181037342,31,1306.0,0.10549147764638536,0,0.0,0.9566506880219023,3,23.0,0.11613761640235815,2,11.0,0.287826188187648,6,112.0,0.3871833513545025,7,29.0,0.3586417973973343,36,1922.0,0.09314250700436111,0,0.0,0.1834251069299012,0,4.0,0.8878439965130223,0,0.0,0.9371274828363272,9,79.0,0.3985601504696229,16,254.0,0.20640265661427762,141,4801.0
135.0,254,2,141,104,358,0,4613.0,18.161417322834644,4.788477920742949,31,1196.0,0.09851760063782064,0,0.0,0.614039637256748,0,0.0,0.919370142988219,0,4.0,0.9027079953658386,33,1467.0,0.16412630900404115,0,0.0,0.9008128256966348,1,14.0,0.4309012068460998,0,14.0,0.5686823574934835,6,142.0,0.322548602706408,7,64.0,0.3467640314090017,31,1888.0,0.1312832880863767,3,15.0,0.2336659849716609,0,0.0,0.9128415400006039,0,0.0,0.9694721755131,12,134.0,0.2404853440834432,17,337.0,0.03886155693236386,141,5275.0
140.0,255,4,136,117,372,0,4492.0,17.615686274509805,5.042214006647415,32,1354.0,0.11523074596529229,0,0.0,0.944401929571219,0,0.0,0.9215196217348327,2,7.0,0.43555093612907053,35,1632.0,0.11885111159615488,0,0.0,0.905065312993767,1,9.0,0.7535555141669514,0,6.0,0.9065955275267128,6,172.0,0.38788655691976126,7,99.0,0.340267232264518,23,1644.0,0.1347056923705014,0,12.0,0.8331161500304743,0,0.0,0.9799207838481514,0,0.0,0.9234078171673107,13,197.0,0.13122018375295952,17,426.0,0.04726980597574734,136,5558.0
145.0,264,8,128,120,384,0,4394.0,16.643939393939394,5.042491141480369,34,1520.0,0.10469431726542937,0,0.0,0.9856886778408178,0,2.0,0.8264522972913102,6,32.0,0.30873492969925587,36,1810.0,0.07013923290239735,0,0.0,0.9475433353997497,1,14.0,0.6579326890330188,0,4.0,0.8091095949305938,6,202.0,0.38653298792627033,1,83.0,0.5357243814783027,17,1727.0,0.1118982302728922,0,8.0,0.9364018062459388,1,1.0,0.5430063927669554,0,0.0,0.9199959223335045,15,273.0,0.17013149603010996,11,406.0,0.19559895665159838,128,6082.0
150.0,260,11,117,129,389,0,4165.0,16.01923076923077,4.937343730490556,36,1697.0,0.09474018542465656,0,0.0,0.9644107648533353,0,4.0,0.8670102636899277,6,62.0,0.39057413506324484,36,1990.0,0.0,0,0.0,1.0,0,2.0,0.6865890352842874,2,7.0,0.6321383170887082,1,130.0,0.4911628016820846,1,21.0,0.5016509017769373,13,1795.0,0.16187816298815258,1,6.0,0.5181615339773658,3,12.0,0.27076159245005893,0,0.0,0.971795532724422,17,355.0,0.26446677753470926,1,246.0,0.5077146171623061,117,6327.0
155.0,261,17,122,138,399,0,4621.0,17.704980842911876,4.987159480709469,36,1877.0,0.09491742064620012,0,0.0,0.7331775228541526,0,8.0,0.8087553582359327,6,92.0,0.32136715987689235,36,2170.0,0.0,0,0.0,0.876658708860612,0,0.0,0.8329322139774723,3,21.0,0.47198434737441564,3,11.0,0.5537089410810527,1,24.0,0.6587980712538658,16,1862.0,0.1811639033667644,0,6.0,0.41143733568425533,0,12.0,0.24519420341206768,0,3.0,0.47534636519626355,19,445.0,0.2820119678328288,2,248.0,0.4592256385496285,122,6779.0
160.0,263,17,126,152,415,0,4501.0,17.11406844106464,5.019988751898668,36,2057.0,0.11617817972394791,2,4.0,0.5358299927709005,0,4.0,0.8344096568030573,0,69.0,0.5463991570657661,31,2125.0,0.06751981349332013,0,4.0,0.8405577746224949,0,0.0,1.0,3,36.0,0.37674949507943356,0,5.0,0.6253627208975782,1,9.0,0.8079851789378182,23,1961.0,0.11661173700561085,2,7.0,0.2769786562973845,0,8.0,0.7332920011846717,0,3.0,0.85844551218071,21,545.0,0.2369895044563564,7,270.0,0.26134599465885083,126,7107.0
165.0,258,18,126,164,422,0,3740.0,14.496124031007753,4.835941050924779,32,2027.0,0.08729094066365888,0,6.0,0.610895800355225,2,9.0,0.6212517587265932,2,8.0,0.5342070903703146,22,1752.0,0.20832819670399716,0,4.0,0.8914118357001458,0,0.0,1.0,3,51.0,0.0,0,0.0,0.9161936152258843,2,15.0,0.4154775107654548,30,2097.0,0.03270457979673985,0,6.0,0.31502765372436325,0,8.0,0.894510601974992,0,3.0,0.8896687840422902,23,656.0,0.17283214531776045,10,322.0,0.07565003196481522,126,6964.0
170.0,261,24,122,171,432,0,2886.0,11.057471264367816,5.457282826584411,26,1798.0,0.14541744544477103,0,4.0,0.9037400541107375,3,20.0,0.23383583758174334,0,3.0,0.540913282186469,15,1741.0,0.26122081903799776,0,4.0,0.8888779213782584,0,0.0,0.9586510153024895,0,19.0,0.3170589339038896,0,0.0,0.9509459278333027,7,39.0,0.28953245978474584,36,2266.0,0.000386136017963119,0,4.0,0.8803411137210287,0,4.0,0.8678651679820801,0,0.0,0.8924076171419628,25,774.0,0.19020812279010005,10,372.0,0.2655853111547704,122,7048.0
175.0,262,30,115,180,442,0,2494.0,9.51908396946565,5.188625126378822,16,1799.0,0.18528737115487756,1,7.0,0.7888333257715205,3,35.0,0.33329186326464244,4,11.0,0.5360634860273934,10,1800.0,0.23904772489627957,2,7.0,0.31425630920954606,0,0.0,0.9157976071580882,0,4.0,0.9303522996532977,0,0.0,0.9468894679617946,7,74.0,0.3565473653604107,36,2448.0,0.010649636303446203,0,2.0,0.9181955820401042,0,0.0,0.7762293796152627,0,0.0,0.9190961988701792,26,901.0,0.1076248649113362,10,422.0,0.2708320780277082,115,7510.0
180.0,265,31,110,184,449,0,2151.0,8.116981132075471,5.0333584713191435,14,1854.0,0.1929140763292767,2,11.0,0.636641273364372,0,17.0,0.7327596998348146,4,35.0,0.5942239729542029,12,1854.0,0.22644849415807866,6,30.0,0.003387915384687314,0,0.0,0.8984433115673843,0,4.0,0.9380920887636904,0,0.0,0.9592243125221181,7,109.0,0.35034426575341515,31,2375.0,0.13629289066372086,0,2.0,0.7727872649977193,0,0.0,0.9714930722755339,0,0.0,0.6195554560290059,28,1038.0,0.029740993971381056,6,357.0,0.2934981391697083,110,7686.0
185.0,271,33,103,192,463,0,1981.0,7.3099630996309966,5.149262229922521,14,1917.0,0.1951636926901121,2,6.0,0.3866569125052049,0,4.0,0.7870063826707564,4,55.0,0.5666894893905593,19,1935.0,0.1285501092341697,2,36.0,0.12198671379771141,0,4.0,0.4778092953316212,0,0.0,0.9078629517598484,0,0.0,0.961244427941836,2,87.0,0.38035353490343,22,2047.0,0.2522025655007644,0,6.0,0.7522537201861476,0,0.0,0.771412955433292,4,13.0,0.24149214518943377,30,1184.0,0.030717097643570578,4,187.0,0.4717772189352507,103,7481.0
190.0,277,33,120,202,479,0,2243.0,8.097472924187725,4.808855068684561,20,2005.0,0.1452656089181366,3,16.0,0.5508040928321978,0,4.0,0.6490753540013676,4,75.0,0.4528095073190392,27,2051.0,0.017715591649398843,0,11.0,0.5460012400745812,0,4.0,0.7430330237807369,0,0.0,0.8253271650418432,1,3.0,0.7212519861782055,4,15.0,0.5800190843212016,17,2028.0,0.22542224417751547,0,8.0,0.8726559159815556,2,4.0,0.2665746205955489,6,43.0,2.8149265038658668e-06,32,1341.0,0.06840812323190798,4,188.0,0.18325981730143007,120,7796.0
195.0,273,35,125,212,485,0,2509.0,9.19047619047619,4.354336790827894,27,2125.0,0.08344772068834709,3,31.0,0.4707957580703903,1,8.0,0.26487683560026154,7,103.0,0.20515902981702103,33,2204.0,0.002281042460147922,0,4.0,0.8060460467625011,0,4.0,0.8593152725314602,1,1.0,0.5854972979582462,3,14.0,0.430547724642039,0,9.0,0.6773394116656143,13,2098.0,0.21537997502406603,0,4.0,0.6974100606971084,0,5.0,0.437955020292716,0,42.0,0.26287465187885595,33,1506.0,0.1580662314711885,4,189.0,0.20405083913450395,125,8347.0
200.0,278,42,147,216,494,0,3061.0,11.010791366906474,4.311995302347087,33,2276.0,0.09775170243084723,3,46.0,0.5412761655221874,6,31.0,0.391992670789353,7,138.0,0.0,36,2383.0,0.050675055386589396,0,4.0,0.8929235166518952,0,4.0,0.6063348372605224,5,18.0,0.18863455250697422,0,8.0,0.518997799538293,0,0.0,0.7396780287901794,14,2163.0,0.17891604495556723,4,10.0,0.44988736634478804,0,2.0,0.6499165455836872,0,4.0,0.8595877693718571,35,1679.0,0.1789565439364359,4,208.0,0.4071501209231744,147,8974.0
205.0,285,44,154,223,508,0,3426.0,12.021052631578947,4.376008392727136,36,2453.0,0.09578064315724036,0,17.0,0.7965080756728747,6,61.0,0.4298026679799715,1,98.0,0.10106812927315138,30,2302.0,0.1115462033536947,0,2.0,0.8260057696269129,6,25.0,0.3330377940529899,4,34.0,0.2280918256011923,0,4.0,0.8038882881029678,3,11.0,0.5007649014545071,21,2254.0,0.11600334646067967,6,40.0,0.31984390512577,1,5.0,0.7265223437822472,0,4.0,0.905422473906436,36,1858.0,0.1429880823219019,4,228.0,0.6141490066254329,154,9396.0
210.0,288,45,140,227,515,0,3582.0,12.4375,4.832709506819879,30,2388.0,0.11681642802072043,2,8.0,0.501433163661949,1,52.0,0.15935974320888271,0,13.0,0.7390003895420681,22,1974.0,0.2291723404812607,0,4.0,0.8763573530950581,8,65.0,1.3329192340257844e-05,0,15.0,0.35575153756229155,0,4.0,0.9371400972821062,4,31.0,0.3979666791738903,27,2375.0,0.08382543003901269,6,70.0,0.14235166935561802,0,4.0,0.9157812161441503,0,2.0,0.889609368864631,36,2038.0,0.09463019766583712,4,248.0,0.6226752417268755,140,9291.0
215.0,288,53,140,235,523,0,3771.0,13.09375,5.179189450553053,22,1947.0,0.17244988256846622,3,22.0,0.6156137662393949,5,27.0,0.00019148700846386804,1,17.0,0.8357593994370583,16,1957.0,0.25511809781863093,0,4.0,0.9381545064330847,8,105.0,0.0,0,0.0,1.0,0,4.0,0.9409075032622176,4,51.0,0.47460892986479464,33,2527.0,0.050590238781400884,6,100.0,0.0,2,8.0,0.43728603104032004,0,2.0,0.916463685854036,36,2218.0,0.0955418298960222,4,268.0,0.5141418955864895,140,9257.0
220.0,284,61,110,247,531,0,3511.0,12.362676056338028,4.972015371784576,15,1926.0,0.21229707493546895,0,15.0,0.7117133282615938,0,29.0,0.3457125914378774,1,9.0,0.8459424978474203,13,2028.0,0.2337287649985342,2,8.0,0.5257922834733164,2,99.0,0.18699135335516026,0,4.0,0.7645102621172225,1,5.0,0.602706352098801,4,71.0,0.47406632967358325,36,2707.0,0.02707251015085482,0,79.0,0.2295637046584306,0,9.0,0.369925678583902,0,2.0,0.9236364884365007,36,2398.0,0.07512759648227124,0,135.0,0.36031707989847284,110,9524.0
225.0,277,61,103,262,539,0,2821.0,10.184115523465705,5.194439329321714,11,1990.0,0.18940967589457708,0,4.0,0.4423235210328861,0,8.0,0.8702125642785102,2,16.0,0.432291966507129,14,2091.0,0.17461783338134357,6,30.0,0.27316703205608095,0,34.0,0.7891490417859527,0,4.0,0.8617555237560579,3,18.0,0.48083204182577616,1,40.0,0.5443539343341517,31,2597.0,0.12646060615666715,0,8.0,0.7414003616150882,0,4.0,0.7116715425905361,1,4.0,0.705689016436967,31,2346.0,0.06828521556134283,3,13.0,0.17470453699684274,103,9207.0
230.0,282,65,107,269,551,0,1993.0,7.067375886524823,5.611060734531246,12,2045.0,0.21632233579146778,8,28.0,0.3183893981922577,0,6.0,0.9001129819170808,7,41.0,0.0004764257330153463,20,2181.0,0.08027631038910663,7,69.0,0.10701238164087443,0,4.0,0.9329068235392952,0,4.0,0.7928712382922214,3,33.0,0.597140547555929,2,8.0,0.5144979986314531,22,2208.0,0.2119720495440682,0,8.0,0.8720565190947366,0,2.0,0.8603142191146044,2,3.0,0.05790172791151499,24,1973.0,0.07875776304480762,0,8.0,0.7900570226842635,107,8621.0
235.0,288,68,108,276,564,0,1621.0,5.628472222222222,5.015095029954444,20,2130.0,0.16319620930611914,8,68.0,0.31585427015910633,0,4.0,0.6311815256251231,7,76.0,0.0,27,2307.0,0.023347695410027004,7,104.0,0.27576509954675216,0,0.0,0.9578015440896467,1,6.0,0.4337967038264333,3,48.0,0.5421235860449541,0,2.0,0.5848384139312006,16,2178.0,0.17937938168560918,0,4.0,0.870211005071166,1,4.0,0.38742163654049255,3,18.0,0.11302605357465975,15,1959.0,0.1673586420303507,0,4.0,0.8658516445259746,108,8912.0
240.0,280,70,116,290,570,0,1244.0,4.442857142857143,4.450409630963579,26,2248.0,0.09379593082547784,2,68.0,0.37600324678492697,4,20.0,0.4547696334648273,1,65.0,0.1723745935137305,32,2461.0,0.07278508771248786,7,139.0,0.27735109200813407,1,1.0,0.7905005254283454,7,28.0,0.2119219880867325,1,22.0,0.6200463775844139,0,0.0,0.959585290753415,14,2254.0,0.19478041351181033,2,8.0,0.43393122399499423,5,23.0,0.28221871645198915,0,10.0,0.7594544765412021,12,2021.0,0.2348889853958523,2,6.0,0.6559604996491895,116,9374.0
245.0,283,78,139,295,578,0,1456.0,5.144876325088339,4.46390738599563,33,2398.0,0.07605474283723099,3,19.0,0.5386740796484454,1,13.0,0.25680277197705514,0,19.0,0.7268058105446006,36,2638.0,0.07230726054725757,1,106.0,0.2160868612084458,4,15.0,0.4476333438519792,8,67.0,2.4717649625223976e-05,3,13.0,0.6914042140865363,2,6.0,0.6491383746964763,16,2325.0,0.19263546262382691,7,33.0,0.11881533914576867,6,53.0,0.3057220067666094,0,4.0,0.897258125825076,13,2079.0,0.28128232320282537,6,25.0,0.450389723298012,139,9813.0
250.0,296,76,139,300,596,0,1763.0,5.956081081081081,4.357197092575246,36,2576.0,0.09800334623884267,1,8.0,0.5433707932244856,3,14.0,0.00011001614103663478,1,23.0,0.8425551454747336,31,2522.0,0.1329349882206765,1,27.0,0.6998284061938632,1,17.0,0.4132832477278892,8,107.0,0.0,0,9.0,0.7487043532718198,3,20.0,0.6459178788708902,16,2147.0,0.1496769431584994,7,76.0,0.17550887031436108,3,53.0,0.12021991619737776,0,2.0,0.6946726991935201,20,2169.0,0.12603319742065566,8,63.0,0.33761149326093326,139,9833.0
255.0,294,75,114,311,605,0,1574.0,5.35374149659864,4.897430195021226,31,2467.0,0.11101877311510432,1,11.0,0.6846342337160268,0,11.0,0.35435251232545945,1,22.0,0.8152808542992779,23,2139.0,0.20971840615586448,1,7.0,0.772310219311766,0,10.0,0.6134698233872455,2,95.0,0.38744980950461305,2,6.0,0.43573857281020434,0,12.0,0.3599676716784212,14,1623.0,0.14257549977873496,7,111.0,0.5543645480872428,3,25.0,0.5496351038197991,0,4.0,0.8650452162876694,27,2291.0,0.06539607254475735,2,61.0,0.3138571526580111,114,8895.0
260.0,297,81,109,318,615,0,1429.0,4.811447811447811,5.496604054792462,24,1974.0,0.14957214401841407,1,18.0,0.8100457184023404,0,6.0,0.7985037634555777,1,1.0,0.4001030048865499,16,2226.0,0.18929218807563486,1,12.0,0.8186751577763641,2,12.0,0.4196148559940603,0,30.0,0.7826750194326053,7,32.0,0.3470586786565841,3,17.0,0.4888671122245817,13,1547.0,0.1547102805254832,7,146.0,0.5592020249183524,0,13.0,0.8111301165400827,0,8.0,0.8933626658432902,32,2445.0,0.022795951908691388,2,17.0,0.15003651216763586,109,8504.0
265.0,300,89,112,323,623,0,1372.0,4.573333333333333,5.178126360813605,14,1928.0,0.20975118025512374,1,23.0,0.8470312651412584,0,4.0,0.8916530390146132,5,19.0,0.030094739835194697,13,2297.0,0.14010539568627747,3,23.0,0.2299447223111336,6,35.0,0.3199593667924605,2,36.0,0.3180294240769646,7,67.0,0.3526158027990276,1,7.0,0.6396543408283976,11,1608.0,0.14220008929745656,11,184.0,0.30266428646052224,0,0.0,0.7870241888937588,1,6.0,0.6003019009234877,36,2620.0,0.1023209512695627,1,16.0,0.6876231165457282,112,8873.0
270.0,295,91,114,334,629,0,1311.0,4.444067796610169,5.025747705001316,11,1986.0,0.20919060205106865,3,32.0,0.5058786353055037,0,4.0,0.8591179293065119,0,19.0,0.595856546210709,15,2365.0,0.07955632930784688,7,51.0,0.2784083147440474,6,61.0,2.0466771522543534e-06,2,48.0,0.14551837759487268,1,60.0,0.4331718951690726,3,15.0,0.4265013165292262,14,1668.0,0.2390160639472757,15,253.0,0.15922440763664628,0,0.0,0.9389658051596965,5,22.0,0.30356905691664465,31,2529.0,0.13273865374272958,1,9.0,0.7674089478627062,114,9122.0
275.0,291,91,118,354,645,0,1419.0,4.876288659793815,4.644088941313931,9,1793.0,0.2294478088470635,7,64.0,0.321934117116807,1,1.0,0.5843247744344148,0,0.0,0.8512903555858642,22,2462.0,0.031487996562992886,7,86.0,0.3938316468366232,6,91.0,0.1338450687844857,0,4.0,0.8647845554912766,1,15.0,0.5967940521322805,0,9.0,0.7350659088824615,19,1753.0,0.19709429948625512,15,328.0,0.15517331128184894,1,1.0,0.3820302393150474,5,51.0,0.11953759853738814,24,2167.0,0.08812949200682127,1,14.0,0.8385111212299786,118,8839.0
280.0,292,93,114,367,659,0,1564.0,5.3561643835616435,4.873772214906081,7,1372.0,0.2450059569160751,9,109.0,0.46495707691128657,3,11.0,0.416174539404161,1,3.0,0.7125010812085589,28,2592.0,0.021511710316938677,7,117.0,0.4651684740707552,0,67.0,0.6085267137056828,0,8.0,0.7993750719898868,0,1.0,0.6701483065223033,0,4.0,0.8948785705029235,25,1863.0,0.08154745385817892,15,403.0,0.19952648411855786,3,13.0,0.0036053878939942942,0,37.0,0.6493107702312485,15,2020.0,0.20342118352887537,1,19.0,0.8050170738808112,114,8639.0
285.0,296,95,118,369,665,0,1841.0,6.219594594594595,4.898400924830468,3,1278.0,0.20063975104618517,9,154.0,0.41260507054889217,3,30.0,0.3047656876049724,2,10.0,0.3110493809398938,36,2760.0,0.1037475056507573,7,152.0,0.460077765395979,0,0.0,0.8732868850813762,0,4.0,0.7917006091173008,0,0.0,0.9587238521578776,0,0.0,0.5757793059544364,32,2013.0,0.0021000200018630776,15,478.0,0.20206040364537575,0,11.0,0.6507821526311549,0,4.0,0.9098165983081936,10,2076.0,0.2623391824159427,1,3.0,0.5679187185142205,118,8973.0
290.0,303,101,127,372,675,0,1929.0,6.366336633663367,4.856331112192224,7,1303.0,0.19221913535019788,14,211.0,0.19711362597521387,3,47.0,0.700790585334312,4,28.0,0.21552537837084748,36,2940.0,0.131685118598444,2,117.0,0.21877830906410214,0,4.0,0.5982020228157034,0,4.0,0.8835092518376088,0,0.0,0.9638648462839013,2,9.0,0.43804704838040426,36,2195.0,0.11279916354922244,10,440.0,0.17385103689267925,0,6.0,0.8863269000767067,0,0.0,0.6248835747191973,11,2125.0,0.23929717836353742,2,9.0,0.4339141198413142,127,9438.0
295.0,308,105,139,379,687,0,2278.0,7.396103896103896,5.039837482198242,14,1361.0,0.21905461506527404,16,287.0,0.23400549053679046,3,62.0,0.70874492551412,4,48.0,0.5629444962346188,36,3116.0,0.15719594881355647,6,42.0,0.10916057207510606,0,4.0,0.8083339199875798,1,5.0,0.4165473304158864,0,0.0,0.9803470724626234,0,6.0,0.5496739179856813,36,2373.0,0.15099025717780776,4,283.0,0.303981365968861,0,4.0,0.8675262283664045,0,4.0,0.418146682082728,19,2200.0,0.064771898914879,0,0.0,0.46033723739596855,139,9795.0
300.0,307,101,146,392,699,0,2655.0,8.648208469055374,4.532933602339336,22,1452.0,0.11714397787143753,16,367.0,0.1875686957220185,6,80.0,0.3975567670779,0,24.0,0.6497513390756039,30,2959.0,0.13679585558802804,1,34.0,0.46664597271884234,0,4.0,0.921575867997295,6,25.0,0.13802751465718124,0,0.0,0.9232222071778299,0,0.0,0.9072215362979195,36,2551.0,0.1310689141464307,3,289.0,0.24352697934818507,0,4.0,0.9048112281548063,0,4.0,0.7705586263944135,26,2314.0,0.11295627364932388,0,4.0,0.5077629946205353,146,10111.0
305.0,310,106,154,400,710,0,2580.0,8.32258064516129,4.446767037147254,28,1577.0,0.08439211162344061,10,342.0,0.23893730403154,10,124.0,0.2690159224739694,3,7.0,0.0997891616682811,24,2492.0,0.09407561072086916,0,13.0,0.8183185136451446,1,5.0,0.5506769201652193,6,55.0,2.25184292678683e-06,0,4.0,0.7869615760686539,0,0.0,0.967114671653757,32,2417.0,0.12622181394817936,8,311.0,0.25890272794907526,0,0.0,0.8370575160645425,0,4.0,0.8964499963837033,32,2458.0,0.13030907323222346,0,4.0,0.8568919594214632,154,9813.0
310.0,306,114,142,412,718,0,2347.0,7.669934640522876,4.925347852833673,34,1736.0,0.09783771989117561,1,235.0,0.3913421923010482,12,184.0,3.1581210641241717e-06,1,12.0,0.48040639526735657,16,2441.0,0.17296516096130948,0,4.0,0.8760944363309012,7,31.0,0.48812514395389406,0,48.0,0.2709521282133452,0,4.0,0.920733003034908,0,0.0,0.893772825051296,24,1983.0,0.13596753771816325,9,358.0,0.3857012427802809,2,3.0,0.4603485119153524,0,0.0,0.9230680730332416,36,2634.0,0.06523523102666519,0,4.0,0.8666060002589165,142,9677.0
315.0,302,116,134,422,724,0,2219.0,7.347682119205298,4.681709778204464,36,1915.0,0.09292403857227785,4,242.0,0.30993943034206556,12,246.0,0.027481009159816945,0,1.0,0.8410404234940279,13,2504.0,0.18124642823397835,1,6.0,0.4969276254161118,7,66.0,0.42683259449926364,0,4.0,0.8571639132584613,1,5.0,0.8340425525521465,1,3.0,0.540342559245952,17,1955.0,0.1517627763708675,9,406.0,0.3070887233098941,0,2.0,0.7242422746565892,0,0.0,0.6731837083443618,33,2524.0,0.03893394224449097,0,4.0,0.746996734285068,134,9883.0
320.0,304,122,123,430,734,0,1677.0,5.516447368421052,4.919141659900717,31,1814.0,0.10672753859485876,10,278.0,0.2945856577910378,6,214.0,0.30555285672192706,0,2.0,0.8341738585438456,14,2564.0,0.11418422446624345,7,30.0,0.47622698509916506,7,101.0,0.0,0,4.0,0.9162555270092453,2,9.0,0.6192887386931951,0,0.0,0.790099544862975,14,2030.0,0.14883539052237546,6,334.0,0.3218856822378568,0,4.0,0.6640240416137104,1,4.0,0.22869963704851762,25,2128.0,0.17898011347214698,0,4.0,0.8413536211932334,123,9520.0
325.0,302,126,99,444,746,0,1264.0,4.185430463576159,5.603081081748644,26,1455.0,0.14989358504838077,10,330.0,0.43876143289421315,0,116.0,0.5821766359921847,0,4.0,0.8330854237539703,22,2659.0,0.07012620018262362,1,33.0,0.5333236167208769,7,140.0,0.10159164669288963,0,0.0,0.898684435167602,1,4.0,0.5103082073624687,0,0.0,0.9414300577460215,15,2098.0,0.10253616803582224,0,159.0,0.5349215083125075,0,8.0,0.6013953988128897,1,10.0,0.7824879880946403,16,2083.0,0.25571654952866124,0,4.0,0.9328510826504071,99,9103.0
330.0,301,125,99,454,755,0,1151.0,3.823920265780731,5.131022781686984,14,1334.0,0.19840227562508495,5,275.0,0.41159166568728633,2,96.0,0.04163276016830519,0,4.0,0.8413403773624675,27,2782.0,0.13422871357872862,2,12.0,0.3275924439191399,7,175.0,0.44929213360591275,0,0.0,0.8420831129341573,1,8.0,0.6896992347906918,0,0.0,0.8265028719299743,21,2195.0,0.07094518353486297,4,166.0,0.38024939017184717,2,18.0,0.7638839911304389,0,3.0,0.9108233645299634,13,2141.0,0.18776956211835827,1,6.0,0.37824227507846336,99,9215.0
335.0,298,132,117,466,764,0,1298.0,4.355704697986577,4.6454993133963445,12,1390.0,0.23005448237145223,2,140.0,0.3056704346181132,5,122.0,0.18231746426180864,0,2.0,0.8432016160771119,33,2935.0,0.19956993065383394,4,17.0,0.07948794628754227,7,210.0,0.4609701072550807,0,0.0,0.9150370663896519,0,4.0,0.7655071133268719,1,6.0,0.5570564452144456,28,2322.0,0.1350419408013434,9,200.0,0.003718426093150462,2,11.0,0.570070138498272,0,0.0,0.8318663654057774,14,2202.0,0.11793160175609634,0,7.0,0.5614292754193958,117,9568.0
340.0,303,136,138,473,776,0,1739.0,5.739273927392739,4.481108636029688,5,1246.0,0.24137515027567044,4,142.0,0.35028039665128746,5,149.0,0.6123870742325155,2,5.0,0.5647666629936505,36,3110.0,0.10786088948389483,1,13.0,0.3336227419100139,10,254.0,0.1305935058971444,0,0.0,1.0,2,13.0,0.7137335470656055,0,4.0,0.7495090865620336,34,2478.0,0.14850005460419358,10,252.0,0.040575986076994204,6,29.0,0.2902165104681899,2,6.0,0.18947789953131935,21,2294.0,0.05140669725014773,0,0.0,0.7981707485785813,138,9995.0
345.0,306,134,137,480,786,0,2081.0,6.800653594771242,4.363906221472712,4,928.0,0.2270701820451654,9,174.0,0.4076310073890588,5,174.0,0.6474925525209849,4,21.0,0.4613180568858166,32,2932.0,0.05480964095571228,1,15.0,0.35892122508651375,13,316.0,1.4270197847207117e-05,0,0.0,0.9630421550009178,1,7.0,0.4643872686351988,0,2.0,0.9436207260277387,36,2652.0,0.06757414578769701,4,176.0,0.41836701544533866,0,32.0,0.24927436751054205,2,20.0,0.6221553510350971,26,2416.0,0.08903588787007988,0,0.0,0.4436088620895666,137,9865.0
350.0,307,135,124,494,801,0,1920.0,6.254071661237785,4.512912037287107,5,943.0,0.2013941632481401,7,137.0,0.3384062241742081,7,201.0,0.23964264081366662,1,19.0,0.22410822803790387,26,2419.0,0.06063088912553828,0,4.0,0.8738986289162735,13,383.0,0.17626795824171065,0,0.0,0.9235143489267292,5,21.0,0.3813404092688992,0,0.0,0.7955245945429719,32,2513.0,0.04030406464238061,0,64.0,0.6926752598630868,1,12.0,0.7890660796281368,0,8.0,0.8975329560483584,27,2266.0,0.1257180474724468,0,4.0,0.45604432562807384,124,8994.0
355.0,304,142,112,506,810,0,1715.0,5.641447368421052,5.102174639807708,8,966.0,0.20037031025452054,4,59.0,0.3786623663235878,11,255.0,0.034017550133501,2,15.0,0.6290146918817359,16,2509.0,0.0967555418061974,0,4.0,0.9100017755600517,13,448.0,0.33041895536405336,0,0.0,0.9328172845113722,6,53.0,0.5784055358074485,2,4.0,0.5063951605547943,24,1937.0,0.17931248732836175,4,74.0,0.4987642905382796,0,6.0,0.8883217899781315,0,4.0,0.8627111901871114,22,1842.0,0.15698208646545933,0,4.0,0.8014901498926279,112,8180.0
360.0,308,145,101,507,815,0,1536.0,4.987012987012987,4.953798604942177,16,1028.0,0.15612879636116184,3,52.0,0.29399430490741074,12,315.0,0.2660328391616883,0,4.0,0.8937989977090394,14,2565.0,0.10862947200610754,2,3.0,0.43191158920295597,13,511.0,0.38323989657247887,0,4.0,0.2792380604916697,6,83.0,0.48226200293363464,0,2.0,0.7064287212633363,14,2012.0,0.2660196329569019,4,98.0,0.5288739199417221,2,5.0,0.5197650960226394,0,4.0,0.4869471001951674,15,1674.0,0.12235382445724548,0,4.0,0.8906331867462088,101,8364.0
365.0,316,149,122,511,827,0,1602.0,5.069620253164557,4.691060577571056,22,1125.0,0.12507965407241867,10,82.0,0.27042799788232724,12,375.0,0.41712401133802546,0,0.0,0.8022852965110823,9,2309.0,0.21349876504092213,8,29.0,0.05611825571253697,14,579.0,0.29259057417461626,2,14.0,0.6654987575838252,9,121.0,0.2464674817493708,0,0.0,0.8689503425022957,14,2082.0,0.2225895196276623,6,122.0,0.37761408798776186,5,25.0,0.3093170662064163,0,4.0,0.881280556448218,11,1736.0,0.22307041922012524,0,0.0,0.7812840202178593,122,8603.0
370.0,319,154,131,519,838,0,1796.0,5.630094043887147,4.573652155578181,28,1253.0,0.10526559017238935,11,136.0,0.28845413752159194,12,433.0,0.5006546916436827,1,1.0,0.00818093917069906,7,1796.0,0.24742700761130246,2,42.0,0.4649515707845144,17,658.0,0.11741390396055448,0,4.0,0.8674649294903861,7,124.0,0.25067949516896326,0,4.0,0.8260231369505348,15,2147.0,0.2061895352802539,11,165.0,0.37449982134578,6,55.0,0.2370195839181031,0,4.0,0.9207338584030514,13,1788.0,0.28856912102285565,1,3.0,0.1076710159357328,131,8613.0
375.0,324,150,132,526,850,0,2130.0,6.574074074074074,4.3206044084377275,35,1412.0,0.07400049832424656,6,137.0,0.24989856064752344,14,496.0,0.24912472893707688,2,11.0,0.565493607798428,8,1707.0,0.14613921613718267,0,20.0,0.7571000035626292,20,756.0,0.2249519974306079,0,0.0,0.71363130779156,3,67.0,0.43683087332708503,0,4.0,0.8844081257856773,15,1965.0,0.13549244907328092,11,220.0,0.27220034813609095,6,85.0,0.0,0,0.0,0.9331753419383777,12,1588.0,0.20516557468227126,0,12.0,0.49002232691592024,132,8480.0
380.0,331,152,127,533,864,0,1944.0,5.873111782477341,4.691944947503229,36,1592.0,0.0716783232058667,3,66.0,0.46682213569787695,19,581.0,0.08843948465808778,0,0.0,0.895375707063207,11,1751.0,0.10282836703805819,2,23.0,0.6793473498684443,14,695.0,0.33224661739998074,0,6.0,0.37648573304156724,1,45.0,0.5056740310412147,1,6.0,0.7689861620029732,14,1566.0,0.18043833908680637,11,277.0,0.30535427339798427,0,72.0,0.258255594731256,0,4.0,0.7270302273687771,15,1082.0,0.09429923311388337,0,4.0,0.8899721237113799,127,7770.0
385.0,338,154,121,540,878,0,1776.0,5.254437869822485,4.807231379623593,31,1550.0,0.11468198435108898,3,54.0,0.35167470485439856,20,681.0,9.044227266517332e-06,0,0.0,0.8840928850492059,14,1818.0,0.1174573349144085,2,33.0,0.6937808927579422,8,454.0,0.31724635803502393,0,8.0,0.8623785401042552,5,57.0,0.587573512795839,2,9.0,0.6501565738242878,11,1408.0,0.18594586708623656,11,334.0,0.26393753894551314,0,4.0,0.846061411177902,0,4.0,0.705662381919221,14,1064.0,0.1278345669556601,0,4.0,0.8698425784369196,121,7482.0
390.0,332,154,126,554,886,0,1839.0,5.539156626506024,3.9577753537559945,24,1318.0,0.14970816163450978,4,67.0,0.5920204686703234,20,781.0,6.44186321510736e-07,1,1.0,0.2571817443406222,21,1910.0,0.16296865959284895,0,4.0,0.4960526167057027,6,484.0,0.1642555961070977,0,8.0,0.8984073333357582,8,86.0,0.3060802260978507,2,6.0,0.3313978841696561,11,1462.0,0.13838782930051347,15,403.0,0.196698026268847,0,4.0,0.8699587851042516,3,14.0,0.5872388306399764,9,1088.0,0.25410048615413094,2,6.0,0.45265003963431255,126,7642.0
395.0,341,161,121,554,895,0,1503.0,4.407624633431085,4.427820760871211,15,1323.0,0.18498019517135203,4,87.0,0.645373621420016,14,702.0,0.12485199395504706,3,19.0,0.21380803773051915,28,2036.0,0.1987489593979022,0,0.0,0.7097874906500348,8,498.0,0.14370687069513444,1,6.0,0.4206886884948617,11,134.0,0.24185014767791063,4,22.0,0.47737111341271643,6,1308.0,0.13923765002544,13,367.0,0.3217469216693893,0,4.0,0.7678564551493723,0,9.0,0.6345993864808047,12,1129.0,0.2615337267610094,2,8.0,0.07452338812495049,121,7652.0
400.0,353,161,118,558,911,0,1196.0,3.3881019830028327,5.042653731385283,13,1395.0,0.19646511119651894,7,113.0,0.2977365781604343,5,459.0,0.4851490354945125,0,13.0,0.817584971368892,34,2192.0,0.1391481704376131,0,0.0,0.8029189660709795,15,556.0,0.04678161193769239,6,24.0,0.0010728707963439698,12,193.0,0.23711317533848567,0,15.0,0.5009527290704986,4,994.0,0.294009598215412,4,232.0,0.45297002112192186,0,4.0,0.9145695222673028,4,16.0,0.5458091499205979,12,1017.0,0.15398001063784614,2,15.0,0.2356639521701589,118,7238.0
405.0,348,161,133,571,919,0,1395.0,4.008620689655173,4.591973777495238,15,1461.0,0.19092747757802628,11,161.0,0.20525926929951147,3,468.0,0.36217073805109906,0,8.0,0.9272052187130887,36,2371.0,0.04392416582175902,1,5.0,0.3403235144588142,21,651.0,0.024587213594158223,0,27.0,0.4775257702237116,12,253.0,0.19782874527286556,3,12.0,0.4219705246704763,6,930.0,0.27653431201616185,4,212.0,0.31047669001602357,0,4.0,0.8989009264204637,4,32.0,0.298367436301228,15,748.0,0.08476593551081393,2,12.0,0.5725793685559368,133,7355.0
410.0,350,161,144,585,935,0,1953.0,5.58,4.3012515644152804,22,1558.0,0.14794115849291697,11,216.0,0.24899342978045588,8,500.0,0.3021160677739855,1,3.0,0.7039516130643031,36,2555.0,0.02415600067899949,2,14.0,0.4787900000050752,21,756.0,0.16473356140744105,0,4.0,0.899376293603883,12,313.0,0.23777377661445237,0,6.0,0.5712113756418566,7,961.0,0.20612910875626098,8,243.0,0.26061549267325995,0,4.0,0.5435086283630719,1,26.0,0.24931150693830922,13,814.0,0.17871799625951146,2,22.0,0.7750244960340067,144,7995.0
415.0,347,166,165,599,946,0,2253.0,6.492795389048991,4.145374762273134,28,1684.0,0.1086697496339429,11,271.0,0.25682209795254674,16,567.0,0.18878334205144665,3,15.0,0.3011128837300681,30,2414.0,0.14137800059982322,0,8.0,0.6636550896395222,21,861.0,0.2134648552936831,0,0.0,0.8372470504242051,6,282.0,0.2849537794486553,0,0.0,0.8750512829567345,13,1016.0,0.1821613489689925,16,308.0,0.17060428040168193,5,19.0,0.22497199742409968,1,9.0,0.6864294804860485,15,867.0,0.2394732174139143,0,7.0,0.5812060943056105,165,8328.0
420.0,343,167,161,610,953,0,2187.0,6.376093294460642,4.470816155544143,34,1842.0,0.09624253388118048,5,220.0,0.311330290124019,20,667.0,0.25417426299989354,1,14.0,0.16216694761929626,22,1848.0,0.2693012155068385,0,4.0,0.9318424565489027,15,777.0,0.2889526391984046,0,6.0,0.4360886877911681,2,158.0,0.4332159589803798,0,4.0,0.8640852638555945,20,1104.0,0.12559670491197034,19,400.0,0.16344008742840974,7,53.0,0.11406728559710308,0,4.0,0.910061846605202,15,934.0,0.18629576320646074,1,4.0,0.5882278949210966,161,8039.0
425.0,348,167,161,621,969,0,2196.0,6.310344827586207,4.191671612831403,31,1803.0,0.10409040715768295,1,106.0,0.5224615526078393,22,770.0,0.11774976957703626,0,2.0,0.9536699101755386,16,1786.0,0.2867494372419249,0,6.0,0.845820385986538,9,550.0,0.23867884630765965,0,8.0,0.853848863905763,3,161.0,0.5014350190520884,0,4.0,0.9100656499608807,28,1227.0,0.06043466448271433,19,495.0,0.04804931577046398,7,92.0,0.09046811357860024,0,0.0,0.9355040047840792,23,1034.0,0.08505631600171623,2,8.0,0.37398602025975586,161,8052.0
430.0,348,175,157,629,977,0,2023.0,5.813218390804598,4.366141470899562,25,1577.0,0.1689186368219155,2,64.0,0.6402258355666095,21,744.0,0.056718885106957224,0,4.0,0.8300623694400211,10,1845.0,0.2113686271566646,0,4.0,0.8391943595034521,6,528.0,0.21686316087474006,0,8.0,0.9086694107391251,6,184.0,0.5571730554173779,1,1.0,0.6300285453522547,33,1381.0,0.0019220402909014304,19,592.0,0.025607534398786706,1,78.0,0.5206411334959445,0,4.0,0.775570120364077,31,1172.0,0.12126989109737198,2,15.0,0.3298627537264289,157,8201.0
435.0,352,176,148,632,984,0,1901.0,5.400568181818182,4.6573250670905075,15,1488.0,0.1898200543818061,3,77.0,0.6756680950661128,13,555.0,0.11265117175907138,2,9.0,0.6753409786579979,12,1900.0,0.17244562634989632,0,2.0,0.8232074190082734,9,549.0,0.341339527030684,1,1.0,0.4870996664333199,9,221.0,0.24052250387135002,3,11.0,0.43246334932481156,30,1330.0,0.031313305169242155,13,563.0,0.27108207815391244,0,8.0,0.8076003099871046,0,4.0,0.7424531486295318,36,1346.0,0.07141583373889457,2,25.0,0.4956056607479144,148,8089.0
440.0,360,181,134,635,995,0,1668.0,4.633333333333334,4.648800354083524,10,1541.0,0.22606873383650952,5,96.0,0.35254750040047156,5,531.0,0.2110578705606531,0,6.0,0.5377835997524818,20,1984.0,0.12497210481345553,0,0.0,0.7315256473265993,10,470.0,0.10688362010741363,4,18.0,0.14314405353660253,14,279.0,0.21054630349882653,0,6.0,0.5350714695080904,23,1050.0,0.19119957292655726,3,361.0,0.5508501744992289,0,4.0,0.7988925945569639,2,13.0,0.6685019259473968,36,1526.0,0.02573142651241775,2,35.0,0.0,134,7920.0
445.0,352,187,141,653,1005,0,1730.0,4.9147727272727275,4.513863351844508,13,1594.0,0.21322848645578923,6,64.0,0.28690887916686475,9,555.0,0.32268890629174446,2,9.0,0.3298376821668569,28,2108.0,0.08471391973638279,0,0.0,0.6971982641163514,9,288.0,0.21018969216823602,6,48.0,0.5753279068958538,9,250.0,0.28288107862244727,0,4.0,0.7747641763166399,17,1144.0,0.2598773190984793,3,365.0,0.2725215389138321,0,4.0,0.9413135539758206,1,9.0,0.555247290956865,36,1706.0,2.013797931939068e-07,2,45.0,0.3426862403466412,141,8193.0
450.0,349,185,146,666,1015,0,1797.0,5.148997134670487,4.415848591397578,19,1676.0,0.16596994324666345,3,27.0,0.4726949437475339,14,616.0,0.27108984627857574,7,30.0,0.20718703514190942,34,2265.0,0.04911516633793854,0,0.0,0.6872914295796939,2,295.0,0.29752763608295035,6,78.0,0.6220627597580579,2,104.0,0.5181715698510881,0,4.0,0.8545738142189574,14,1219.0,0.2112294406236991,9,395.0,0.10055531273798118,0,4.0,0.3180008802601466,6,27.0,0.48227229901993957,30,1657.0,0.09310669649040411,0,4.0,0.808281320002384,146,8401.0
455.0,357,189,171,670,1027,0,1956.0,5.4789915966386555,4.087483628985715,27,1794.0,0.0944064704288505,3,26.0,0.38193000057664467,19,706.0,0.19095504332651067,7,65.0,0.4259007788984147,32,2135.0,0.022805073411408857,0,4.0,0.4683956248238009,8,293.0,0.3352822806391246,10,114.0,0.2531221746223296,2,104.0,0.4088227299119675,1,6.0,0.7201552019295593,16,1291.0,0.15635364614915706,17,467.0,0.0485668932324664,0,8.0,0.20280638742171186,7,59.0,0.32823336757157134,22,1323.0,0.23799162585965591,0,4.0,0.779035858002563,171,8399.0
460.0,366,191,180,675,1041,0,2133.0,5.827868852459017,4.343737540029378,27,1722.0,0.12080052017400132,4,39.0,0.5027461861055632,20,803.0,0.04370792270667154,7,98.0,0.4667152928330017,24,1609.0,0.10804847116326613,0,6.0,0.7791650039636134,15,353.0,0.26919663502078806,13,175.0,0.06686627603214498,10,134.0,0.2427651830443966,0,4.0,0.5191608070919161,21,1385.0,0.11334964518285857,18,557.0,0.22148047472091448,0,4.0,0.8166060531515512,7,99.0,0.396771240068201,14,1313.0,0.2794338037654991,0,4.0,0.6532016612257814,180,8305.0
465.0,357,195,186,688,1045,0,2372.0,6.644257703081233,4.252416190326951,25,1437.0,0.1489094438024376,1,26.0,0.7167555287606397,21,908.0,0.0,7,133.0,0.33955298552781704,16,1686.0,0.22067001348579257,0,6.0,0.8918988492130696,15,428.0,0.19288240582890004,13,240.0,0.2240629729179587,15,205.0,0.22035638171750435,4,17.0,0.3274948041917385,29,1513.0,0.011565572984616447,18,643.0,0.2346148025417243,1,6.0,0.7930432199069164,7,132.0,0.5170702510574394,12,1378.0,0.22874498206135074,2,7.0,0.2879048656755064,186,8765.0
470.0,353,201,156,702,1055,0,2240.0,6.3456090651558075,4.09332428977596,16,1337.0,0.2051003887180226,2,13.0,0.7188606558886329,15,855.0,0.20978061702883274,7,172.0,0.09141715037958385,12,1755.0,0.22456263137107757,0,2.0,0.7176537118554761,15,503.0,0.1538870985198922,13,305.0,0.3357887768529916,15,280.0,0.32141092533684773,0,17.0,0.49118754669912434,29,1434.0,0.02657345277039559,13,605.0,0.14093222963233598,1,9.0,0.715213639432132,10,174.0,0.30089197773435916,8,1255.0,0.23084977778565344,0,10.0,0.2746048671670649,156,8726.0
475.0,360,205,140,707,1067,0,2057.0,5.713888888888889,4.663260847955532,12,1402.0,0.2198135790844515,0,5.0,0.5088330466362716,6,615.0,0.47745127419294064,7,207.0,0.5013962506280629,14,1818.0,0.1853690937526964,4,12.0,0.2611666244964935,17,580.0,0.000271486858992579,13,370.0,0.29673048533392965,16,356.0,0.20680063688198594,2,6.0,0.555877152529656,22,1213.0,0.1920047595230124,7,384.0,0.3108686248232521,1,16.0,0.8165933051668588,13,233.0,0.11567763091500573,6,938.0,0.1524176966688468,0,4.0,0.7851618822039755,140,8159.0
480.0,363,203,143,714,1077,0,2257.0,6.21763085399449,4.159187128275758,13,1459.0,0.19603889154378437,5,17.0,0.3109264161920968,3,631.0,0.32234031647479544,7,242.0,0.47652207023725507,22,1913.0,0.06720951522913092,5,37.0,0.07318084249091014,17,665.0,0.05304217307388861,13,435.0,0.10525275036537401,20,448.0,0.12257674534182673,0,2.0,0.5613853293618577,18,1307.0,0.23661985589525655,1,343.0,0.3763615206713,1,21.0,0.8316105439348385,13,300.0,0.03199966730266503,4,878.0,0.14464096388950268,1,10.0,0.745229929792335,143,8708.0
485.0,369,204,139,723,1092,0,1838.0,4.981029810298103,3.9522108290649074,20,1542.0,0.15414406239388265,1,22.0,0.4788205258910022,9,666.0,0.21308117096527998,4,191.0,0.21579024719782686,27,2037.0,0.11250155649504522,0,28.0,0.38371924314106987,11,592.0,0.33515191706394765,8,401.0,0.11041056735164041,20,552.0,0.18285835768298211,0,0.0,0.8939655856454969,14,1376.0,0.192546259284253,7,340.0,0.34423755933057937,1,26.0,0.41622259442380455,7,276.0,0.31616888334042037,7,902.0,0.21389006013008954,3,19.0,0.5055834344343499,139,8970.0
490.0,364,210,142,738,1102,0,1549.0,4.2554945054945055,4.543454995408483,20,1449.0,0.15636097282869454,1,9.0,0.5839009600141624,16,732.0,0.16209975271268195,4,58.0,0.22800150883819745,33,2188.0,0.11287417060019013,0,0.0,0.5193624167144261,1,304.0,0.5670672872274132,1,211.0,0.548759135923701,20,652.0,0.3118307022757348,0,0.0,0.8438555265114956,10,1264.0,0.16544381632394572,13,390.0,0.13914209727420682,2,11.0,0.37658159769710076,0,145.0,0.6258696883803734,13,954.0,0.25088286156131157,8,46.0,0.48169715328280976,142,8413.0
495.0,372,205,168,743,1115,0,2065.0,5.551075268817204,4.084576401012938,19,1204.0,0.14464608640267607,1,11.0,0.6722289506251269,22,832.0,0.07709474910537205,2,29.0,0.24826339956377474,36,2362.0,0.0937744438903161,0,0.0,0.9590780984762177,2,307.0,0.3202203604808522,2,180.0,0.4405464186498639,23,757.0,0.11047992152920458,1,4.0,0.5218255238502708,9,1017.0,0.1106740019463993,16,472.0,0.24355463392227641,2,5.0,0.4949251311662508,3,116.0,0.5198726102116457,21,1042.0,0.10626024205161294,9,88.0,0.43500671077881,168,8426.0
500.0,374,208,176,754,1128,0,2444.0,6.53475935828877,3.9331031044286395,15,1196.0,0.185303089495539,1,9.0,0.8219922657218461,17,778.0,0.0704223363926829,5,36.0,0.5392796031880364,31,2239.0,0.14901865201226552,0,0.0,0.9470193988703706,8,332.0,0.21901884797818083,8,208.0,0.3045175146825237,26,880.0,0.1308337923485585,0,3.0,0.5910394931544379,5,1046.0,0.11003536408455583,18,556.0,0.2392139323703788,1,5.0,0.5485936718171268,6,143.0,0.4152002090819747,26,1166.0,0.036887066446733924,9,133.0,0.35636767702501376,176,8730.0
505.0,369,214,184,769,1138,0,2768.0,7.5013550135501355,4.041166321003566,13,1260.0,0.22122614299320592,0,2.0,0.5675614064676423,7,577.0,0.31077558831687185,0,29.0,0.6766874751222861,24,1882.0,0.14312593566937057,0,4.0,0.8848245810409033,15,390.0,0.06253940720783441,13,259.0,0.28058881064536173,26,1012.0,0.16810446716574798,0,0.0,0.9672053790510957,10,1082.0,0.20380200918204877,22,657.0,0.1907595327238603,2,14.0,0.6456941709455845,10,179.0,0.2733328615868104,33,1317.0,0.07103739582028536,9,178.0,0.0831805988685361,184,8842.0
510.0,364,218,177,778,1142,0,3071.0,8.436813186813186,3.7513746737746274,9,1134.0,0.21139495346870363,2,8.0,0.48879150859929765,2,514.0,0.3832498042598192,3,12.0,0.482546636721721,18,1980.0,0.08922680743114313,0,4.0,0.9158873691776312,15,467.0,0.03076799725400287,13,320.0,0.10864501684343142,26,1142.0,0.16638993440095398,0,0.0,0.7606562706184002,13,1144.0,0.20222625075324555,22,763.0,0.07005578217081775,2,5.0,0.49001299433247747,13,240.0,0.301716656394897,36,1491.0,0.07260734099354768,3,155.0,0.27933938082832044,177,9379.0
515.0,378,216,175,782,1160,0,3160.0,8.359788359788359,3.6562706855514393,8,820.0,0.2138739492399711,1,13.0,0.6647366133305369,8,543.0,0.3088757937026914,2,19.0,0.42888263302016494,14,2060.0,0.10504056451117715,1,6.0,0.3849107672423905,9,423.0,0.2578041985257923,8,277.0,0.15492514854131212,31,1286.0,0.10543097915618148,2,6.0,0.536095456750905,21,1230.0,0.1173729092360954,22,877.0,0.035626350919449816,3,16.0,0.3073226508856468,13,305.0,0.22797225224870737,32,1496.0,0.04584549279070972,0,69.0,0.6751578545910776,175,9446.0
520.0,376,223,161,793,1169,0,3049.0,8.10904255319149,4.163708967024996,4,768.0,0.22246614017948133,1,13.0,0.8589650458312009,14,603.0,0.16401792587489883,5,20.0,0.40510154446380503,15,2128.0,0.09853335841989509,6,29.0,0.00027618900060336033,1,239.0,0.5330033123729468,1,124.0,0.6468224088657046,33,1451.0,0.10483801533989011,0,4.0,0.7195491399978994,26,1354.0,0.018371494196387696,16,808.0,0.21576079113009927,0,8.0,0.5416721608495497,13,372.0,0.06152991881862146,24,1314.0,0.18600785564852867,2,50.0,0.7329689481049286,161,9285.0
525.0,374,221,162,805,1179,0,3104.0,8.29946524064171,4.179889913985307,8,792.0,0.18400635205430832,3,22.0,0.34667839843741266,20,690.0,0.17258785898788762,7,54.0,0.27764534520947265,16,1958.0,0.07731611123776709,0,31.0,0.5425210285387619,3,199.0,0.3556472784666455,1,83.0,0.6676057122003131,33,1616.0,0.10077287577350508,0,0.0,0.9646000518988043,34,1510.0,0.12031646143701795,6,579.0,0.38703398264944644,0,4.0,0.8872509680139433,15,444.0,0.2590812882489863,14,1312.0,0.2303031683050885,2,60.0,0.6418125401015893,162,9354.0
530.0,371,229,165,816,1187,0,3349.0,9.026954177897574,4.080017604884834,9,686.0,0.19472090586217056,7,52.0,0.3427300885359817,22,802.0,0.19578425699246058,2,50.0,0.11783761661175296,13,1599.0,0.19362962700437064,0,4.0,0.870113904854219,6,229.0,0.38992243026886636,6,100.0,0.3648129549627366,33,1781.0,0.10257366741886546,2,2.0,0.5892317193274447,36,1688.0,0.13006663156361808,2,587.0,0.3606053894382076,0,4.0,0.7428236366755474,15,517.0,0.25468437460882465,12,1378.0,0.18099028090828018,0,4.0,0.5363916350870442,165,9483.0
535.0,381,230,169,821,1202,0,3226.0,8.46719160104987,4.297008517360475,8,479.0,0.23590120712401066,8,92.0,0.5163675949991479,22,908.0,0.22291128973310598,2,20.0,0.55791292351158,13,1461.0,0.27848710748671573,0,4.0,0.9125929272519447,2,157.0,0.4862931224316395,12,151.0,0.21472042192657015,28,1748.0,0.12637863818587255,3,19.0,0.44816226482899424,32,1668.0,0.05953395158529699,8,618.0,0.20525677039667972,3,11.0,0.48194759543617743,15,590.0,0.25636525017479894,13,1437.0,0.12528765354343738,0,0.0,0.7761837424750986,169,9363.0
540.0,385,228,151,827,1212,0,2641.0,6.85974025974026,4.14242522615927,3,438.0,0.20991238552630453,8,132.0,0.497444616322248,24,1025.0,0.05006438194594483,0,0.0,0.9562956020425292,12,1519.0,0.2399412037303962,2,6.0,0.3495893642498836,0,48.0,0.5265676484510599,7,143.0,0.348399380502864,20,1508.0,0.1585189665323446,0,13.0,0.6443041314374793,26,1387.0,0.08558254002875809,15,679.0,0.33722012706736415,2,12.0,0.2242199819493834,15,669.0,0.15644874517850274,15,1341.0,0.08496002473072382,2,7.0,0.6265133833978938,151,8927.0
545.0,385,233,139,838,1223,0,2374.0,6.166233766233766,4.432114817773788,10,459.0,0.20822144932730702,11,179.0,0.22946218668499918,29,1163.0,0.1487228653145349,0,0.0,0.9564219024314389,11,1571.0,0.1774611415137831,0,6.0,0.44168645616795715,1,7.0,0.48037093972770495,1,69.0,0.5410934229416836,9,1387.0,0.21932394961065677,0,4.0,0.8725914567962222,16,1395.0,0.23258090127138964,17,759.0,0.21483311782854062,2,16.0,0.20979476007364323,18,753.0,0.20135670732675634,12,1084.0,0.11429833826550927,2,17.0,0.7452947551289196,139,8869.0
550.0,385,235,161,852,1237,0,2481.0,6.444155844155844,4.3607555670340075,14,515.0,0.19183078322424585,15,250.0,0.24203282800024054,29,1312.0,0.172319289905083,0,0.0,0.9363137540067105,20,1654.0,0.06703752277141953,0,0.0,0.7895383922468089,6,29.0,0.3871148726316375,2,55.0,0.47227968882510735,7,1421.0,0.26685772773335104,1,3.0,0.646517022496304,10,1442.0,0.3033610460902833,22,858.0,0.10577409751142847,2,26.0,0.5829431936416296,19,848.0,0.2028685007913297,13,979.0,0.21932699026213978,1,5.0,0.7863480117297488,161,9397.0
555.0,386,233,184,861,1247,0,2803.0,7.261658031088083,3.7865946278196114,15,478.0,0.14617952359841685,15,327.0,0.22827464944563758,29,1453.0,0.11398600666918553,0,0.0,1.0,27,1772.0,0.04203213152623511,1,3.0,0.6238702475456729,6,59.0,0.536460560718953,7,79.0,0.27907798307869236,13,1474.0,0.18406889393464057,4,18.0,0.3936052329290488,13,1494.0,0.2463482221823114,24,977.0,0.10637935447047282,2,36.0,0.7237307987219505,14,763.0,0.07723562904269357,12,1038.0,0.29164551777046155,2,11.0,0.555703599903962,184,9982.0
560.0,393,234,191,869,1262,0,2726.0,6.9363867684478375,3.4654897790689003,14,366.0,0.1974576429935645,9,311.0,0.40370312453038054,33,1608.0,0.09231136213071688,0,0.0,1.0,28,1680.0,0.08210135783901917,1,11.0,0.3634921639601135,9,94.0,0.30718667389971777,13,135.0,0.12738920937742315,18,1558.0,0.15986986736566353,0,15.0,0.4768151449550208,15,1392.0,0.08871920502928535,24,1101.0,0.12953519305249397,2,42.0,0.6760667377506172,9,535.0,0.16762841771249126,13,1093.0,0.22626917778126737,3,13.0,0.36768529130161937,191,9954.0
565.0,396,235,181,881,1277,0,2903.0,7.33080808080808,3.7317014744570796,12,424.0,0.17736626702578837,1,194.0,0.4324551134208759,35,1781.0,0.12833400801936387,0,4.0,0.41570477101212366,23,1351.0,0.21094675789539424,1,16.0,0.7401080078473949,13,154.0,0.22063025721687776,7,143.0,0.13446864311317744,25,1673.0,0.21591286739749746,0,0.0,0.8495271098699407,14,1047.0,0.10526658395906854,24,1221.0,0.14283637853386283,0,0.0,0.5219581527174796,3,547.0,0.35361115159177386,19,1177.0,0.10281516882229608,4,25.0,0.48558265131930006,181,9757.0
570.0,392,234,189,894,1286,0,3444.0,8.785714285714286,3.6757081103988507,13,495.0,0.15895761612287265,2,172.0,0.33863653968994434,35,1958.0,0.08967845087007507,0,4.0,0.8376114892334409,16,996.0,0.31827087575636204,0,6.0,0.8500822616561127,13,221.0,0.15049196478680182,1,79.0,0.300760175116583,28,1806.0,0.11595725661359453,0,0.0,0.6395245394670169,11,1011.0,0.229390806593237,28,1354.0,0.03669601883203977,3,13.0,0.36338170257901936,10,541.0,0.40328661228776636,25,1296.0,0.044864249572678636,4,34.0,0.3678266685543757,189,9986.0
575.0,394,240,207,902,1296,0,4061.0,10.307106598984772,3.4461150692419764,15,564.0,0.17345568029326613,8,199.0,0.23700305320834802,36,2138.0,0.023213156276589087,0,4.0,0.8814408888448048,6,953.0,0.22255363209868204,2,5.0,0.6520843089992583,13,286.0,0.3730965737101869,2,53.0,0.11981518908310071,32,1960.0,0.08232196316371973,2,9.0,0.48354946348823635,12,1060.0,0.27044215452122133,32,1508.0,0.14331775471181496,0,10.0,0.48088575595557964,13,600.0,0.20159249556096936,28,1240.0,0.11715413445330028,6,62.0,0.2143158300446787,207,10651.0
580.0,402,243,217,907,1309,0,4796.0,11.930348258706468,3.5692858118571573,23,661.0,0.12584381346379553,13,255.0,0.23365640887775685,36,2318.0,0.1170576704229114,0,0.0,0.788862718288974,7,982.0,0.23555620311293088,2,15.0,0.20455367122062285,14,353.0,0.2775015282290547,5,70.0,0.23786850285025882,32,2120.0,0.10762088334453351,0,4.0,0.633687291759923,14,1118.0,0.2203070727244574,32,1668.0,0.17968765176876486,0,0.0,0.940621941010455,15,678.0,0.04772459234106646,21,1006.0,0.23655229068396508,3,75.0,0.41929493086525177,217,11323.0
585.0,404,240,230,916,1320,0,5315.0,13.155940594059405,3.6017686856087354,29,788.0,0.08370621598620298,14,323.0,0.1657914711939272,30,2225.0,0.15762355283903776,0,4.0,0.7583601344618931,16,1043.0,0.16560519486714836,7,29.0,0.32381941929413915,15,427.0,0.0042479234825318095,0,47.0,0.6605462780479378,32,2280.0,0.08226387628125477,0,0.0,0.8839086777195955,19,1202.0,0.16677630430977244,32,1824.0,0.14277446989639844,0,0.0,0.5028521129944644,15,753.0,0.24403303157762224,18,1095.0,0.2055253414494492,3,78.0,0.6742629590776631,230,12118.0
590.0,410,243,243,923,1333,0,5438.0,13.263414634146342,3.3052492925563124,36,951.0,0.07522313447125023,14,393.0,0.21018508810323824,22,1848.0,0.09628319616542577,0,4.0,0.49360884310291414,21,1134.0,0.19902577156505166,9,73.0,0.3463266850374239,11,411.0,0.047208472441264235,0,4.0,0.6773899690706127,32,2440.0,0.10651561786303214,1,1.0,0.6193909192811061,25,1320.0,0.12892717192086664,32,1984.0,0.08088068960410548,3,12.0,0.37748347585847736,15,828.0,0.2739124625634976,16,1176.0,0.1907942749540072,6,99.0,0.38613945667187916,243,12678.0
595.0,412,246,219,934,1346,0,4874.0,11.830097087378642,3.099438582401628,30,976.0,0.11877239292998741,8,352.0,0.27749554799261694,15,1826.0,0.10726995028840867,5,21.0,0.5810041366978583,27,1253.0,0.18304243866751463,3,81.0,0.11873329797958017,1,277.0,0.2933753531917169,0,4.0,0.5762336521264054,26,2337.0,0.16502889942935864,3,15.0,0.48171255083751835,33,1473.0,0.05330170203672271,32,2144.0,0.05570848531526279,0,7.0,0.5283482755678753,10,722.0,0.10446519194046135,16,1248.0,0.19163257015042892,10,143.0,0.3431498697914936,219,12879.0
600.0,410,245,198,945,1355,0,4176.0,10.185365853658537,3.531706629509397,23,884.0,0.14653085074271482,1,287.0,0.4757754259175549,12,1881.0,0.24504990086353928,1,22.0,0.24692110787998242,34,1408.0,0.12938181948715138,5,35.0,0.20179795754696128,2,249.0,0.5249247279492143,0,8.0,0.7788432279375055,21,1953.0,0.16558611984518048,0,12.0,0.6612766163687988,30,1426.0,0.053868101577687226,32,2308.0,0.05422526419271966,0,0.0,0.9185159677902742,5,418.0,0.18451979470676808,23,1351.0,0.11000295866621261,9,183.0,0.2117616472531811,198,12425.0
605.0,418,252,203,946,1364,0,4118.0,9.851674641148325,3.7594450155655643,16,702.0,0.22577154734687954,6,300.0,0.4355913151668827,14,1936.0,0.23901222647538384,6,32.0,0.09083044460682933,36,1586.0,0.11446801211555616,2,35.0,0.530628651362722,7,276.0,0.4373600503855799,2,11.0,0.5347644758309774,14,1913.0,0.1988779859175952,0,4.0,0.9050652147929129,25,1358.0,0.04825091420489308,32,2471.0,0.02678587078829428,1,5.0,0.24200740888618225,4,426.0,0.35116723979357917,29,1484.0,0.059139001712890195,9,225.0,0.19237335022345126,203,12764.0
610.0,415,258,198,959,1374,0,3527.0,8.498795180722892,3.696504878528924,8,739.0,0.2756101324299832,13,351.0,0.2476334721818308,21,2027.0,0.10595600339792888,1,36.0,0.5066075837572042,31,1543.0,0.124714351482406,2,31.0,0.6773970892276316,13,325.0,0.24530191845830282,1,10.0,0.5776277587211464,11,1973.0,0.23350522527662118,1,1.0,0.6742140004161973,18,1456.0,0.07304300604453028,30,2366.0,0.13960418129746488,2,19.0,0.5752652165131705,8,437.0,0.4076147010881389,35,1652.0,0.02503636712387251,3,166.0,0.1221664919023266,198,13132.0
615.0,407,262,203,971,1378,0,3078.0,7.562653562653563,4.028523749410275,8,761.0,0.28500340921259376,19,434.0,0.14862733845774356,28,2157.0,0.07241797194186131,0,9.0,0.8828923237633781,24,1289.0,0.12377476072422319,2,39.0,0.7147635954252132,17,403.0,0.24524880588548034,1,6.0,0.12219747287115874,15,2036.0,0.19927561081909978,3,13.0,0.45522988822838295,16,1543.0,0.1765373571788321,20,1995.0,0.21991654274867392,0,8.0,0.8728444058896996,9,478.0,0.22891483081921385,36,1832.0,0.045672129575391775,5,73.0,0.1563077396951375,203,13076.0
620.0,413,264,205,979,1392,0,2947.0,7.135593220338983,3.9224084244701998,15,820.0,0.23848214462249354,22,541.0,0.14531645516713915,33,2313.0,0.11367693478991166,1,4.0,0.7776756319512779,16,1212.0,0.11475127424768196,1,9.0,0.6868871349080371,17,490.0,0.15694374628253882,0,7.0,0.35594387359924057,21,2126.0,0.106545972294986,0,7.0,0.5401806077422896,21,1632.0,0.22378720371455707,15,2077.0,0.21023738562480088,0,4.0,0.889694833443794,9,527.0,0.07800358314401658,32,1798.0,0.05449244822602517,2,84.0,0.27717215079494506,205,13651.0
625.0,407,266,208,999,1406,0,2833.0,6.96068796068796,3.9639298529964178,20,908.0,0.15508912680801604,22,651.0,0.15022063577049266,29,2226.0,0.1945462074110413,1,13.0,0.6439469074182691,10,1267.0,0.11935896750959604,2,15.0,0.6949452559100384,17,577.0,0.2316063168508993,0,0.0,0.9422491464283478,27,2254.0,0.11922806588435236,0,0.0,0.9417120714981708,29,1756.0,0.11765723442409146,13,2145.0,0.18261728024396132,2,8.0,0.5900253436359808,9,572.0,0.3451294291948455,24,1586.0,0.05830298864860481,3,81.0,0.6980634353914692,208,14059.0
630.0,402,268,200,1010,1412,0,2910.0,7.2388059701492535,3.4722830349242644,21,912.0,0.1105897696605727,16,617.0,0.18778581273868963,21,1785.0,0.19374536900626338,1,18.0,0.7732739218087314,13,1329.0,0.1249635801947472,1,5.0,0.5520526601419999,18,663.0,0.05931686036490417,0,0.0,0.7931851609189813,29,2390.0,0.10069212995188331,0,0.0,0.7044915264812017,36,1912.0,0.05306270063924247,16,2211.0,0.1813875691130775,0,2.0,0.5010550904550615,9,620.0,0.3964921919132591,17,1677.0,0.08884126178877004,2,67.0,0.7366751555652226,200,14208.0
635.0,403,271,213,1022,1425,0,3125.0,7.754342431761787,2.9755291867983633,20,820.0,0.15694375633478375,8,449.0,0.3720924977593274,15,1867.0,0.11689622483009794,1,23.0,0.8243026143857516,20,1416.0,0.11043930909591985,3,16.0,0.0,23,770.0,0.02777992696127184,3,10.0,0.31105476424871575,29,2537.0,0.13998372342889193,2,7.0,0.4988323950400146,36,2084.0,0.05015555298526418,22,2306.0,0.07255954335323844,2,5.0,0.47498064702197634,9,665.0,0.4252232285217139,14,1752.0,0.20018759184825768,6,86.0,0.2752422204819971,213,14813.0
640.0,411,274,209,1027,1438,0,3160.0,7.688564476885645,2.7709426672149364,14,840.0,0.18993523484625716,5,472.0,0.24697542268403924,10,1925.0,0.16259054814359877,0,2.0,0.6694161738057249,21,1327.0,0.07874753540692783,3,39.0,0.2580267019957252,24,888.0,0.16762768432822062,3,17.0,0.1583752466345504,35,2698.0,0.1001418726921603,0,3.0,0.6529360612956105,32,2027.0,0.03614726689309307,28,2441.0,0.052697041786943566,0,3.0,0.5748108626850564,9,714.0,0.2718015686292987,15,1819.0,0.22525225149456019,10,126.0,0.24988118570303738,209,15341.0
645.0,415,273,213,1032,1447,0,3618.0,8.718072289156627,3.483869437254782,13,909.0,0.1954191863180201,9,505.0,0.23016060757443355,14,1982.0,0.20648416387034477,1,3.0,0.5092182581624726,18,1103.0,0.17175588225231592,0,21.0,0.8296081640702653,24,1010.0,0.2803637213408848,0,5.0,0.38685991649570733,35,2873.0,0.09738336193418383,0,0.0,0.9175226079507146,26,1741.0,0.17648965021409108,31,2591.0,0.14055170130177908,0,0.0,0.8882226459813876,13,769.0,0.28626543292714457,21,1909.0,0.09587648401661784,8,153.0,0.20965763408959834,213,15574.0
650.0,422,280,210,1034,1456,0,3550.0,8.412322274881516,3.449228227622944,8,844.0,0.1910447337008917,16,572.0,0.12829723124509565,21,2072.0,0.19547264689913513,1,4.0,0.16895145974543282,17,1116.0,0.2477710354377626,0,8.0,0.8806080053370294,24,1129.0,0.21057352279562735,0,4.0,0.4115954262134168,31,2730.0,0.10428556473647788,1,5.0,0.6308758119262498,16,1820.0,0.1913854933973595,36,2757.0,0.16597418692870475,0,0.0,0.7448461191479356,9,596.0,0.3550196448844353,27,2038.0,0.03505379840684625,3,117.0,0.06903092455043075,210,15812.0
655.0,424,285,216,1043,1467,0,3663.0,8.639150943396226,3.5745465308767908,8,678.0,0.21981440611554165,23,676.0,0.24001009196347226,27,2197.0,0.12691780137355615,1,9.0,0.293635426296897,14,1190.0,0.1746979184676635,1,5.0,0.43799784004235803,27,1256.0,0.13263037598142563,0,4.0,0.8631420760974485,22,2269.0,0.16818327066422722,2,12.0,0.6931577770085653,14,1878.0,0.14577740730586386,36,2935.0,0.1263026466064904,1,3.0,0.011703814677202154,1,239.0,0.2782448006339327,34,2196.0,0.1141319176768861,5,50.0,0.3178586054838139,216,15597.0
660.0,421,287,210,1052,1473,0,3875.0,9.204275534441805,3.316233849184972,3,643.0,0.21097131918628773,26,796.0,0.13202564471189596,35,2361.0,0.024353805180382878,0,4.0,0.5018995308770886,14,1256.0,0.11960745645584775,5,26.0,0.05213196702894568,27,1391.0,0.1846473668071619,0,4.0,0.8988410222559767,10,2060.0,0.22699478081467883,0,7.0,0.7500814358406519,17,1952.0,0.07461122073572025,31,2805.0,0.08076090201777855,0,8.0,0.40522942109472465,4,179.0,0.15344197266011142,36,2376.0,0.1660994862872813,2,52.0,0.44367191482310003,210,15920.0
665.0,426,285,223,1065,1491,0,4104.0,9.633802816901408,3.6196542963207774,10,669.0,0.2021432793808199,30,939.0,0.11304397170019005,29,2261.0,0.07428476452657673,0,8.0,0.7564221271763975,16,1176.0,0.15488935845695073,7,65.0,0.3851948870449571,27,1526.0,0.1120530415162607,0,0.0,0.6651409012014803,8,2096.0,0.2318069840203767,2,6.0,0.5075002645343016,24,2062.0,0.13908949749123506,24,2359.0,0.1272260156000679,0,8.0,0.8602912446594725,8,208.0,0.38774436983147736,36,2552.0,0.0708043846920087,2,40.0,0.5436664958478266,223,15975.0
670.0,421,290,207,1081,1502,0,4146.0,9.847980997624703,3.8934681868069223,13,729.0,0.2004199254821235,30,1089.0,0.1116765358751816,19,1896.0,0.14530982319105368,0,8.0,0.8849461867398152,14,954.0,0.2262912005492237,7,98.0,0.5582649968104116,27,1661.0,0.0,0,0.0,1.0,12,2146.0,0.21436013109749452,7,31.0,0.32080156695874856,30,2183.0,0.18059538076931397,13,2301.0,0.20351530147853825,0,8.0,0.8771257068496776,2,104.0,0.5695233574587186,31,2478.0,0.04294676355721681,2,34.0,0.262077265020639,207,15720.0
675.0,421,288,214,1091,1512,0,4242.0,10.076009501187649,3.625891632454596,16,684.0,0.1365672218315228,30,1243.0,0.11170942783758137,16,1976.0,0.18579748030099286,0,4.0,0.87787798231918,14,1022.0,0.12934163387119701,7,131.0,0.44101367582475914,27,1796.0,0.046057250641903025,0,0.0,0.9263973970856616,18,2199.0,0.11082585030328831,8,71.0,0.32526866304501,36,2348.0,0.12097672081737217,11,2345.0,0.22470660701286377,2,7.0,0.5135981277954997,2,33.0,0.4273849018620608,24,2030.0,0.1786527126555951,3,47.0,0.7038821863518495,214,15936.0
680.0,423,295,218,1098,1521,0,4085.0,9.657210401891254,3.4240445315513406,15,537.0,0.16998867679331733,32,1395.0,0.13777658731300918,13,2044.0,0.2549467842126503,2,9.0,0.26312961738626656,14,1096.0,0.0980653496587585,11,178.0,0.08081353999820194,21,1696.0,0.0951491896214469,0,4.0,0.8304799152128458,26,2312.0,0.12377979439653307,8,111.0,0.36072898984321705,36,2528.0,0.021754055202558756,14,2405.0,0.19916508219321824,6,29.0,0.28710309182854177,2,25.0,0.2063584428785061,17,2111.0,0.280480317258032,1,41.0,0.8072861108889406,218,16521.0
685.0,427,298,214,1107,1534,0,3696.0,8.655737704918034,3.5720386757434683,14,599.0,0.1874795233359346,36,1563.0,0.09521039664011474,16,2112.0,0.2179486826152341,0,10.0,0.5515025232702427,11,1004.0,0.23280357620837053,13,244.0,0.2667822698288705,11,1249.0,0.20492253984127465,0,4.0,0.7529626180828668,27,2446.0,0.12122060744832207,8,151.0,0.31955242787619714,32,2458.0,0.030053594822655707,21,2497.0,0.09855912165202843,7,64.0,0.3530903950382325,1,24.0,0.5922547871229875,14,2178.0,0.251315635851271,3,44.0,0.6092568525001367,214,16647.0
690.0,423,299,206,1118,1541,0,3509.0,8.295508274231679,3.73936304843216,15,673.0,0.18085741922294427,36,1743.0,0.09393347288792334,25,2218.0,0.13159055946373807,0,4.0,0.9232653639255511,7,717.0,0.30476438959302743,13,309.0,0.4671198859263335,5,1284.0,0.30369994116855187,0,5.0,0.617038125634448,27,2581.0,0.0948391661724776,2,129.0,0.354391454455997,23,2114.0,0.18707822998119844,28,2623.0,0.14266963777935354,1,56.0,0.44326605420822535,1,30.0,0.6539200100779948,15,2245.0,0.15375883496273512,8,71.0,0.3441636475682181,206,16802.0
695.0,432,303,227,1121,1553,0,4077.0,9.4375,3.7309375014374897,18,752.0,0.15531932824608455,36,1923.0,0.09642803985191302,30,2354.0,0.03216007039843715,0,0.0,0.7732933866959405,7,684.0,0.2892163262451438,14,371.0,0.4067963058730802,8,1313.0,0.3242879178307709,2,6.0,0.30992381911871575,27,2716.0,0.1244422378226192,3,48.0,0.48723682209415375,17,2206.0,0.2527199972029478,33,2779.0,0.07674681124805205,2,16.0,0.5201210467176631,1,37.0,0.7590855015674953,21,2336.0,0.04164616967402116,8,111.0,0.18911460734336297,227,17652.0
700.0,444,304,224,1124,1568,0,4038.0,9.094594594594595,3.6072833640565336,23,858.0,0.12652999742113988,31,1881.0,0.10979543205638095,30,2510.0,0.038114564604208825,0,0.0,0.8988709543073032,7,721.0,0.2378031220479891,19,452.0,0.1990065114663004,15,1377.0,0.21390214320792317,6,29.0,0.5033591338061414,21,2506.0,0.18204441135483942,2,55.0,0.4743926983296044,16,2283.0,0.19470823921312688,29,2611.0,0.06293506506274259,1,7.0,0.4893601305844432,1,46.0,0.630456713556156,21,2189.0,0.10467425658382287,2,75.0,0.35046008666209366,224,17600.0
705.0,434,306,206,1140,1574,0,3380.0,7.788018433179723,3.8133000441635416,33,1007.0,0.07392753988943723,23,1640.0,0.15107697906061554,24,2353.0,0.18468528894267505,0,4.0,0.7438517962827053,12,770.0,0.12579436192614485,21,555.0,0.07089201719679272,19,1467.0,0.11480485997020912,7,64.0,0.5057045016808265,13,1964.0,0.285276196657552,2,60.0,0.7274817188094289,11,2093.0,0.11116872956158871,21,2169.0,0.08047520351174056,1,11.0,0.7665591102581097,0,7.0,0.603621867174137,18,1825.0,0.18711183552952013,1,29.0,0.6381408501574738,206,16018.0
710.0,434,306,191,1156,1590,0,2907.0,6.6981566820276495,3.7954405885666604,36,1176.0,0.09798967119642932,16,1719.0,0.1874526564262164,20,1924.0,0.2219719541574245,0,4.0,0.8492071299942557,12,701.0,0.12362504649158099,21,664.0,0.03876302835544027,20,1567.0,4.418599120757809e-06,7,99.0,0.378342173413561,10,1854.0,0.21654087434914066,0,2.0,0.7934923024663126,14,2155.0,0.06574315947911424,16,2246.0,0.08167695734778727,1,6.0,0.7610298423865851,0,4.0,0.8637819064156974,16,1707.0,0.17759670137227526,2,35.0,0.6137798901265024,191,15863.0
715.0,433,312,176,1167,1600,0,2558.0,5.907621247113164,4.089668198852243,36,1354.0,0.09299191916442676,14,1781.0,0.2218334421869881,15,2005.0,0.1216626722334147,0,4.0,0.8973165816657156,10,499.0,0.21880005748957343,21,773.0,0.23325870447760158,14,1429.0,0.12248461691248871,7,138.0,0.31022595410857795,10,1902.0,0.2650826712361456,2,8.0,0.6273570032628849,14,2211.0,0.1498497298574841,15,2320.0,0.1974717983198209,1,9.0,0.7203971976015104,0,2.0,0.8538394497896912,13,1780.0,0.12352064469144587,4,49.0,0.3506066803395943,176,16264.0
720.0,421,310,174,1189,1610,0,2462.0,5.8479809976247035,3.8028737617197153,31,1350.0,0.10207645736889619,16,1850.0,0.15889961234013072,12,2076.0,0.08957816502040553,0,0.0,0.9151645201904057,10,500.0,0.1663724850741135,23,883.0,0.1170815452159427,5,978.0,0.3927974856869259,7,173.0,0.44273594416915113,14,1963.0,0.1885132300137892,1,4.0,0.48431849098876695,19,2291.0,0.17092776131122403,15,2388.0,0.2646019421553411,1,5.0,0.7980227563351663,0,4.0,0.8310191257050604,13,1845.0,0.2064489424427911,7,59.0,0.22740260796270576,174,16369.0
725.0,423,314,198,1199,1622,0,2771.0,6.550827423167848,3.5472107974390514,23,1183.0,0.15703181866444035,23,1950.0,0.11513426113434484,16,2150.0,0.1649853982622219,1,1.0,0.7807221743205627,12,559.0,0.11890525404837111,27,1008.0,0.010229795880528459,2,989.0,0.3787351018446828,7,208.0,0.3847996585174685,22,2059.0,0.12956977298883465,2,12.0,0.6374140218511217,22,2389.0,0.08727847225112104,22,2480.0,0.17037084676865477,1,6.0,0.7716334366376344,0,4.0,0.8099010113735409,14,1688.0,0.25172468847312657,4,54.0,0.33783533722068604,198,16740.0
730.0,424,320,227,1208,1632,0,3401.0,8.02122641509434,3.2252363262878903,20,1208.0,0.20018873763817288,28,2079.0,0.10500425095524095,23,2251.0,0.17107526913253213,1,6.0,0.41407794664301817,7,499.0,0.12282761472113253,28,1148.0,0.013128267870287294,8,1017.0,0.019613770143560732,11,250.0,0.25964918968791867,26,2183.0,0.12542133314375575,2,22.0,0.6393682548015057,28,2521.0,0.0044702736123984396,29,2610.0,0.12132608992748689,1,2.0,0.7709466129896839,0,6.0,0.8637300496103495,12,1326.0,0.2305712817660385,3,56.0,0.5639162105141926,227,17184.0
735.0,428,316,233,1216,1644,0,3784.0,8.841121495327103,2.9936571949215693,12,1263.0,0.1811762173866686,37,2244.0,0.09176316095516647,30,2381.0,0.05528771620186088,1,2.0,0.36258820658503416,5,362.0,0.17279535949706534,28,1294.0,0.17157641920583827,7,855.0,0.260316417025173,13,317.0,0.2757885829620835,20,1955.0,0.16214547565445495,1,6.0,0.58532116768067,30,2387.0,0.04143243222817311,31,2765.0,0.06966644948519529,1,7.0,0.28623951876188497,0,2.0,0.7351021484828172,10,1170.0,0.1770396832267118,7,85.0,0.5664060178824475,233,17095.0
740.0,423,323,226,1230,1653,0,4114.0,9.725768321513002,3.2035325320451684,13,1320.0,0.1972415251476921,32,2197.0,0.10875819961440182,33,2545.0,0.04022633516718909,1,7.0,0.8141147468884908,7,391.0,0.22514579716010333,34,1451.0,0.1728993669546997,0,504.0,0.6198737436513664,14,385.0,0.32374209359888445,12,1467.0,0.22827256798507162,2,14.0,0.6942116379132162,22,2126.0,0.18072626656163387,33,2924.0,0.055225607638377125,0,5.0,0.1575640431535314,0,2.0,0.8398713126776587,12,1223.0,0.1645397279325095,11,128.0,0.2808949582176842,226,16689.0
745.0,434,325,217,1233,1667,0,4531.0,10.440092165898617,3.1947874902124194,20,1409.0,0.14086957259344998,24,1902.0,0.15640643612139735,33,2709.0,0.11353045173126776,0,0.0,0.809721657213054,8,430.0,0.22413285111379844,34,1617.0,0.151317616072127,2,345.0,0.43704766043497945,14,457.0,0.18894448063165223,3,1366.0,0.32150192013038914,0,8.0,0.7913474864801795,18,2224.0,0.21596942116115714,36,3098.0,7.899622013653999e-05,0,0.0,1.0,1,7.0,0.3113120157776957,9,1055.0,0.12365032229849973,15,199.0,0.14480590976479246,217,16826.0
750.0,439,324,229,1237,1676,0,4854.0,11.056947608200456,3.1540309575918273,30,1536.0,0.09578678538736057,13,1764.0,0.20827348095488937,33,2874.0,0.13461343080346316,0,0.0,0.9557554861120674,15,489.0,0.14369795509156982,34,1787.0,0.15562748386297,5,364.0,0.15920742921183037,14,424.0,0.22406415876986385,8,1388.0,0.22618178845705633,2,7.0,0.483362595264304,16,2302.0,0.15309736863918683,36,3282.0,0.023398075383741126,0,4.0,0.8151344004423198,1,12.0,0.7865870015915936,7,727.0,0.18048035130739476,15,276.0,0.2759390418002248,229,17236.0
755.0,446,326,208,1244,1690,0,4479.0,10.042600896860986,3.3006867527367962,34,1689.0,0.08800869038455988,9,1808.0,0.22660503253913017,33,3038.0,0.06633673352556828,0,2.0,0.4585781758377266,23,589.0,0.06410983513541949,28,1747.0,0.11216177376133232,0,224.0,0.46048497082977374,7,267.0,0.3839406232859109,8,1162.0,0.2280846172397225,0,7.0,0.42227432955677285,18,2388.0,0.09654376231047432,30,3098.0,0.1265636775365102,0,8.0,0.7656152474856107,0,4.0,0.9253924564707295,2,572.0,0.28785648044883533,16,352.0,0.15912164518621288,208,16955.0
760.0,449,329,215,1254,1703,0,4224.0,9.407572383073497,3.7746796903700672,36,1867.0,0.09867984602046029,12,1860.0,0.20844941420437516,33,3203.0,0.05430588773877695,0,2.0,0.9567670720559928,28,720.0,0.09469178080574782,22,1313.0,0.10573589803477591,1,7.0,0.7832697189602401,3,262.0,0.37082107326774877,6,648.0,0.24170677304047494,3,13.0,0.6692070405337524,24,2495.0,0.12518075224391825,20,2548.0,0.25500979352442626,0,4.0,0.8391598810084475,0,0.0,0.9494299157275347,6,579.0,0.24511139774636792,21,445.0,0.0009827895526757751,215,15966.0
765.0,442,331,217,1267,1709,0,3997.0,9.042986425339366,3.633438518934029,32,1858.0,0.10412738717054067,20,1951.0,0.1444799288239958,27,2994.0,0.17324556800383623,0,4.0,0.8831188546032879,36,884.0,0.16543444131094642,12,1383.0,0.1673519328200612,0,4.0,0.8447143182237871,7,284.0,0.14767594194290196,3,575.0,0.269513506871811,0,8.0,0.7080445012444402,31,2640.0,0.12966053176277276,14,2316.0,0.25144768749322216,0,8.0,0.7643079625096035,1,5.0,0.2856527080466347,11,627.0,0.19415629634591067,23,560.0,0.06287331955101355,217,16101.0
770.0,449,333,227,1274,1723,0,3605.0,8.028953229398663,3.489985122216322,25,1654.0,0.15846555913300003,26,2067.0,0.15114955964326227,18,2426.0,0.22500077015192002,0,4.0,0.8628260124357041,32,928.0,0.1310694802653448,9,1420.0,0.15459381389323976,0,4.0,0.42652574818106664,14,336.0,0.14192531851746565,7,595.0,0.29319280417400334,3,12.0,0.5170145332414595,36,2807.0,0.06524686761083966,11,2372.0,0.2510324110081457,3,14.0,0.484156448920199,1,10.0,0.701631456460624,19,706.0,0.14431169497818935,23,675.0,0.21408492735917767,227,16030.0
775.0,453,337,247,1282,1735,0,3498.0,7.7218543046357615,2.973470291588433,16,1660.0,0.1900753280482255,31,2214.0,0.12010604104486704,10,2489.0,0.11696490907524554,0,6.0,0.8101228071147136,29,858.0,0.12226877766458819,13,1479.0,0.11582483351842225,6,25.0,0.11002333684575727,20,423.0,0.24101396935719396,13,649.0,0.17753828618996198,9,47.0,0.2971387693876065,32,2698.0,0.04062346126430995,13,2429.0,0.22161152086421626,7,40.0,0.46570968274049973,0,4.0,0.9156650253024124,25,816.0,0.11291823596486117,23,790.0,0.22724647604555065,247,16627.0
780.0,449,339,246,1292,1741,0,3499.0,7.7928730512249444,2.884755327528321,14,1728.0,0.1875118696109817,36,2389.0,0.09331607445595315,10,2538.0,0.20804941475039412,0,2.0,0.8141223572431202,23,847.0,0.0878358275132706,19,1565.0,0.194353823479599,2,34.0,0.5227515888628774,20,525.0,0.17267243649502778,19,733.0,0.1308855393597235,3,57.0,0.3094469085230083,24,2281.0,0.18815791813339267,19,2512.0,0.14944852910701,8,76.0,0.2545734243446719,0,0.0,0.8422003955967478,26,776.0,0.05484757628687933,23,907.0,0.1794777855383694,246,16970.0
785.0,453,347,238,1296,1749,0,3662.0,8.083885209713024,3.343530898932093,15,1796.0,0.1894649785118945,30,2282.0,0.10994017435326014,15,2562.0,0.24006748736475458,0,2.0,0.9068716074503792,12,907.0,0.12925994531716048,26,1683.0,0.17560664627564304,0,10.0,0.7546004781752695,20,627.0,0.18413054038863216,19,832.0,0.1592894708068624,2,25.0,0.6513608133700713,16,2216.0,0.22351135677463385,27,2630.0,0.09042182769169316,8,116.0,0.31791896992000684,0,0.0,0.7297166129595791,25,618.0,0.08372792029025976,23,1024.0,0.25969951408944625,238,17330.0
790.0,460,351,239,1301,1761,0,3927.0,8.53695652173913,3.176917819466334,23,1898.0,0.13561891703729242,23,1950.0,0.17294273848261885,22,2662.0,0.11248570570107587,0,0.0,0.5759010996016382,8,902.0,0.18938530879898244,32,1835.0,0.11601799430135196,1,5.0,0.5457087488384299,22,730.0,0.09354793425491235,19,927.0,0.2976252814851263,0,8.0,0.5504020839556661,12,2278.0,0.1317592270725373,34,2783.0,0.02807251051269489,2,101.0,0.46071765652474767,2,6.0,0.2014242897565801,14,661.0,0.20760183043894403,25,1144.0,0.17453023156668848,239,17890.0
795.0,461,350,258,1309,1770,0,4516.0,9.796095444685466,3.322939553091491,27,2011.0,0.09914377095645104,16,2034.0,0.16458236435632723,27,2790.0,0.06792774575710402,0,2.0,0.475566123131585,16,925.0,0.17467781875569222,35,2009.0,0.11728266480532576,1,10.0,0.7928779215666887,27,856.0,0.18865953712564912,20,1023.0,0.12150494555896947,1,13.0,0.6948974041727467,15,2350.0,0.11753538335269811,29,2591.0,0.043751187990146295,2,36.0,0.45359725609046786,0,8.0,0.8592681285359491,12,717.0,0.26785856775467987,30,1285.0,0.0860890674308375,258,18660.0
800.0,456,353,273,1327,1783,0,5300.0,11.62280701754386,3.311794547778267,34,2159.0,0.10556753996651569,13,2102.0,0.174899359307375,27,2929.0,0.03366706288139606,0,4.0,0.9490429884789275,22,1022.0,0.18393103718012732,35,2184.0,0.13253601926568698,1,5.0,0.7490085977795348,27,991.0,0.14671192988515316,25,1141.0,0.1316642135578917,1,2.0,0.7039521136502411,23,2446.0,0.16994144276974182,19,2038.0,0.20444912506545088,2,42.0,0.6285834798601412,0,8.0,0.8598188055727688,14,770.0,0.19798063032495994,30,1435.0,0.029117215253481363,273,19278.0
805.0,459,354,274,1339,1798,0,6065.0,13.213507625272332,3.076620141245054,36,2337.0,0.11411258615071619,9,1918.0,0.19916928740741133,27,3064.0,0.13320891739697988,0,4.0,0.9507834816526218,28,1144.0,0.12064105164973814,30,2112.0,0.14316813832546796,1,14.0,0.5157371238986432,27,1126.0,3.2856957921160724e-07,25,1270.0,0.1508388525912488,2,9.0,0.5829817443663802,27,2572.0,0.17870258207213927,13,1967.0,0.2684553832499034,2,51.0,0.728752624510135,1,6.0,0.45764604941139053,16,726.0,0.07124694996018112,30,1589.0,0.026817057496402764,274,19909.0
810.0,457,354,265,1349,1806,0,5972.0,13.067833698030634,2.9281369845399325,31,2281.0,0.10491041436854076,7,1500.0,0.2175670337787855,27,3203.0,0.22504566241582047,0,0.0,0.9684853354892352,32,1232.0,0.08739597786247846,21,1790.0,0.11017259867964875,1,19.0,0.7318350684976609,27,1261.0,0.06645013606840501,25,1395.0,0.21569150019898845,0,1.0,0.6200595048696169,36,2730.0,0.10819024053304051,9,2017.0,0.18320766933943722,4,63.0,0.31796071371310664,6,30.0,0.09629926008479338,15,606.0,0.16265948708485617,24,1551.0,0.14483478953125006,265,19679.0
815.0,456,358,242,1362,1818,0,4868.0,10.675438596491228,2.814489929079936,24,1995.0,0.15640867328755365,7,1416.0,0.2692379027223336,27,3334.0,0.19246074720020642,0,0.0,0.8897758229308458,33,1395.0,0.021447382148265606,15,1871.0,0.08997629367155188,1,24.0,0.8113683918076955,21,1204.0,0.15246166757771176,24,1248.0,0.1294461063804896,0,4.0,0.7629102685345771,32,2588.0,0.05523038588500064,14,2081.0,0.1291435657839477,8,98.0,0.24920082954419184,0,28.0,0.6056353322452699,16,660.0,0.19056363784833502,20,1328.0,0.225180377658463,242,19274.0
820.0,459,366,212,1367,1826,0,3620.0,7.886710239651416,3.268220094077774,17,2081.0,0.170701764533626,8,1452.0,0.20863133110559132,32,3481.0,0.08049901285569555,0,0.0,0.6690552010416684,30,1550.0,0.11096311735283645,13,1930.0,0.1261669438004096,3,34.0,0.5360184152784263,11,985.0,0.23493732979405435,18,850.0,0.19824343168649045,0,4.0,0.8547194471744668,26,2128.0,0.08170244161834816,19,2166.0,0.20069212818449295,4,61.0,0.16808950338984316,0,8.0,0.7552957074166522,15,729.0,0.15126090281473795,16,1412.0,0.2210134754335088,212,18871.0
825.0,462,370,198,1368,1830,0,3078.0,6.662337662337662,3.3590927420833903,13,2153.0,0.1636801525016308,14,1506.0,0.1958227824681711,33,3646.0,0.054987184215388694,3,8.0,0.18981789274728542,29,1690.0,0.18154541079474573,14,1995.0,0.19332460011040348,7,64.0,0.42668872973679584,5,1019.0,0.15268218175205422,9,822.0,0.22833918917950688,2,8.0,0.7294842845368473,16,2068.0,0.21985919968060963,26,2282.0,0.14483382864316882,1,29.0,0.30478903802557117,0,4.0,0.6652332820530047,15,800.0,0.08864858095280148,11,1473.0,0.11473601807079029,198,19567.0
830.0,463,374,219,1379,1842,0,3444.0,7.438444924406047,3.3392545800767093,15,2223.0,0.19599287729741918,20,1595.0,0.13368762363055403,33,3815.0,0.025678441122984248,0,8.0,0.785688256835866,29,1830.0,0.11851619891997871,21,2091.0,0.1790482202797681,2,45.0,0.2791418117018004,8,1024.0,0.14310074473823775,7,856.0,0.24567708234317845,1,7.0,0.5887569496557118,12,2129.0,0.2503140462693296,33,2433.0,0.09539238045968859,2,23.0,0.6298177547806111,0,6.0,0.826387287226056,22,899.0,0.12954940378754892,14,1536.0,0.18220851006160296,219,20520.0
835.0,464,378,268,1390,1854,0,4159.0,8.963362068965518,3.025165483153711,17,2075.0,0.14981399072954873,26,1715.0,0.11976077548969692,27,3532.0,0.07561901917831038,0,2.0,0.8115708858110761,32,1985.0,0.02897312925122479,28,2218.0,0.12871861296699164,5,30.0,0.17343979697220002,14,1083.0,0.291944483415848,13,908.0,0.22413316768355263,4,18.0,0.3768765131956617,14,2185.0,0.20811290217125766,35,2608.0,0.09710067284559323,2,33.0,0.6774578196000934,1,9.0,0.4732643417347946,29,1031.0,0.1752798741389599,21,1630.0,0.16948570396132878,268,21062.0
840.0,460,378,303,1402,1862,0,4887.0,10.623913043478261,2.699038397729685,13,1711.0,0.17257160795559512,29,1862.0,0.14252713188259158,17,2868.0,0.2136654953867521,0,4.0,0.6190322930585788,36,2158.0,0.07326201116014483,30,2366.0,0.08686362524024223,1,34.0,0.07633025236116452,22,1178.0,0.19275605841353324,20,996.0,0.11202799916905554,7,50.0,0.2799251956231049,19,2127.0,0.10729077373362135,35,2785.0,0.1227515260893101,2,39.0,0.592828795274248,7,33.0,0.4957304517171129,35,1190.0,0.14603259352902226,30,1758.0,0.11125747159028018,303,21159.0
845.0,468,381,305,1407,1875,0,5308.0,11.341880341880342,2.8100673199020263,13,1767.0,0.1746881787393152,33,2020.0,0.09935188257624523,10,2586.0,0.29746688287194323,4,15.0,0.6868642735391997,32,2135.0,0.1312171744848435,30,2520.0,0.17348552380803162,1,16.0,0.5808904684016778,27,1301.0,0.10400655996501694,24,1110.0,0.13538132961022079,1,47.0,0.4843424583294883,24,2243.0,0.045376389520188305,31,2595.0,0.09208709600697214,2,53.0,0.5640135961337245,7,66.0,0.326924345695832,36,1370.0,0.08839972996189749,30,1908.0,0.03207013418116866,305,21752.0
850.0,474,385,278,1413,1887,0,5025.0,10.60126582278481,3.0312756992435728,15,1837.0,0.18220591607564932,35,2195.0,0.07850979631763007,9,2627.0,0.2571008938112278,1,12.0,0.6114831409743652,25,1913.0,0.16573406414573516,31,2671.0,0.12366517005896067,1,2.0,0.7656765525281698,27,1440.0,0.02756073696789489,18,1028.0,0.19052990824040564,2,8.0,0.53249202893083,27,2366.0,0.13581727837514287,24,2123.0,0.14916421193292226,0,2.0,0.8879847973350673,7,105.0,0.08293655458611499,32,1389.0,0.04314853133213607,24,1828.0,0.060800141366460295,278,21546.0
855.0,468,389,251,1423,1891,0,4789.0,10.232905982905983,3.0184297443079324,13,1787.0,0.16655738014399848,35,2372.0,0.10490322877288911,12,2679.0,0.1616213425973984,6,23.0,0.38172334584132117,17,2006.0,0.15974855981065977,35,2836.0,0.0004353906366645941,1,7.0,0.6965496976575625,27,1577.0,0.1541067575809931,11,799.0,0.2150303850368338,0,6.0,0.7314419643413385,30,2504.0,0.1130640009176,15,2062.0,0.1662809592616115,2,5.0,0.6853052767942548,7,142.0,0.22123169761273664,25,1267.0,0.1347444445692478,15,1521.0,0.1426469860673,251,21593.0
860.0,469,394,233,1433,1902,0,4370.0,9.31769722814499,2.9340451885219245,19,1865.0,0.1431429368013583,30,2230.0,0.13100744050942192,18,2762.0,0.07810471764881052,7,57.0,0.17800177235219283,15,2081.0,0.0919998560435796,36,3016.0,1.6400294971514193e-06,5,20.0,0.4187925565646268,28,1713.0,0.22948733962286166,2,755.0,0.3001017743610462,0,4.0,0.8973835245068944,30,2650.0,0.053132937992305736,11,2111.0,0.17185196654435628,1,5.0,0.4433549306799585,1,116.0,0.48916003977129213,19,1309.0,0.20874935556434338,11,1580.0,0.20679286034676733,233,22274.0
865.0,471,401,233,1440,1911,0,4045.0,8.588110403397028,3.039400700403053,23,1961.0,0.13825617460130324,21,1802.0,0.17249086489822554,25,2875.0,0.1075809634324885,2,57.0,0.11526219214997098,17,2161.0,0.09544839423426248,30,2889.0,0.04930221287125508,1,23.0,0.24979038603356762,28,1851.0,0.15668187676505782,7,777.0,0.3784935387956859,1,2.0,0.6995317669892454,34,2813.0,0.025455288812252896,16,2177.0,0.11465115620525071,5,23.0,0.33943060569063227,0,29.0,0.7477467938228618,11,1355.0,0.1940889809195516,12,1645.0,0.26397525403107086,233,22440.0
870.0,475,399,255,1446,1921,0,4241.0,8.92842105263158,3.3480264988759116,29,2097.0,0.1019808519436808,15,1759.0,0.20955499334192712,25,2618.0,0.13115522439437355,1,22.0,0.5513042096903621,23,2265.0,0.15667824964876748,20,2299.0,0.17660486766023345,0,5.0,0.6693554435645004,28,1991.0,0.08661585259407319,14,830.0,0.2086187901464068,3,11.0,0.4152147184481099,36,2987.0,0.13615277475349039,22,2278.0,0.03246727395945501,7,56.0,0.47158784531289133,3,33.0,0.34026574889417793,14,1398.0,0.19238027521601817,15,1707.0,0.19470873497234586,255,22356.0
875.0,474,404,265,1458,1932,0,4631.0,9.770042194092827,3.4221580319818146,32,2251.0,0.10034687837854236,10,1820.0,0.21224771327282257,16,2027.0,0.1973710906736674,0,4.0,0.8718276308700775,27,2385.0,0.2007920562780146,15,2379.0,0.2633560083379222,0,4.0,0.8795333374188729,28,2133.0,0.011719623325417568,20,913.0,0.14231313753237512,0,6.0,0.5607949997250642,37,3172.0,0.16672031023746262,29,2413.0,0.13427368871939366,7,87.0,0.38389121232450313,3,50.0,0.11501003736496325,19,1484.0,0.050848703560769586,22,1804.0,0.05115421854035217,265,22932.0
880.0,467,410,287,1475,1942,0,5478.0,11.730192719486082,3.2476127413084215,35,2418.0,0.09426588238512934,15,1882.0,0.22063966847286026,8,2080.0,0.2826823444112262,0,4.0,0.90145465772279,36,2545.0,0.15614934120604895,10,2439.0,0.26531042002386607,0,3.0,0.5970069059975698,28,2273.0,0.11736259391495922,24,1027.0,0.1359207517629673,0,0.0,0.9197196750069232,37,3353.0,0.13099034841080168,29,2558.0,0.16907195259410623,7,122.0,0.34190701864497597,3,67.0,0.5540376673750205,26,1601.0,0.10457247455198773,29,1936.0,0.0012129284978777295,287,24308.0
885.0,458,412,292,1490,1948,0,6086.0,13.2882096069869,2.645525787217856,32,2312.0,0.09429306818759679,17,1718.0,0.13037216487042064,8,2114.0,0.25778169944557977,1,1.0,0.2697889477991479,36,2725.0,0.08500607646777789,13,2497.0,0.15566425786512242,0,3.0,0.897822704566382,29,2414.0,0.12774025621402052,19,965.0,0.14916315464838867,1,3.0,0.6746656968238481,32,3154.0,0.07133775204296817,29,2703.0,0.12208024312498743,7,157.0,0.21350032288507947,3,82.0,0.6486121946584589,34,1755.0,0.115997428358618,31,2089.0,0.05566852662774039,292,24692.0
890.0,461,418,274,1497,1958,0,5935.0,12.87418655097614,2.873296027801934,24,1916.0,0.15194318574563295,14,1343.0,0.23907596233761547,14,2177.0,0.12064559676645592,3,15.0,0.5311916204044006,33,2657.0,0.06555479067770503,21,2587.0,0.058829539759296744,0,3.0,0.8789417267762158,34,2572.0,0.0716659360515213,10,724.0,0.30404670046508114,2,13.0,0.671314479478823,25,2499.0,0.058950064663465675,29,2848.0,0.08468879402333311,1,126.0,0.23113362016182748,3,79.0,0.43847859394842964,36,1934.0,0.06999277304826143,25,1974.0,0.16215500384614082,274,23467.0
895.0,466,424,242,1502,1968,0,5451.0,11.697424892703863,3.094338477781502,15,1874.0,0.1977872964087959,13,1396.0,0.18583396808854574,20,2268.0,0.11794516413556795,0,7.0,0.8338466376820148,24,2332.0,0.1435409283771939,27,2713.0,0.06318081357552074,0,0.0,0.8703722050758645,35,2750.0,0.02262343746940876,5,681.0,0.2525589174673449,0,7.0,0.7814535875845374,17,2591.0,0.12527756837428125,34,3012.0,0.02676330060697146,2,33.0,0.2974617116101544,3,96.0,0.5241219009687789,32,1917.0,0.04468761386862278,15,1606.0,0.27143366590975665,242,23283.0
900.0,454,428,220,1518,1972,0,4875.0,10.737885462555067,3.137579677990257,13,1944.0,0.18699347192582064,12,1457.0,0.19687771336709176,21,2011.0,0.05156194383365144,0,2.0,0.8183391733447328,17,2412.0,0.11863121357887647,32,2864.0,0.04971037965028458,0,0.0,0.84260960932601,35,2925.0,0.11615582043199213,7,705.0,0.24486220025092806,2,7.0,0.47269853713426896,13,2652.0,0.2260859730739214,30,2823.0,0.14869768874484549,0,6.0,0.8111054455513264,3,111.0,0.7059375560895057,24,1796.0,0.15794046474302276,11,1668.0,0.17308875779522478,220,23383.0
905.0,456,436,211,1524,1980,0,4332.0,9.5,3.378038897766994,16,2013.0,0.18696043464677,10,1291.0,0.19238737899052294,16,1451.0,0.1614722995884703,0,4.0,0.5413849759545659,15,2493.0,0.09160722162919765,35,3037.0,0.1268129855143679,1,1.0,0.41347934954135024,35,3100.0,0.15555220451816157,13,761.0,0.19669143074372356,6,30.0,0.34601483131070315,10,2587.0,0.27520027205376035,20,2309.0,0.23799764235873858,0,8.0,0.9151600959656324,4,129.0,0.5427443672307164,19,1882.0,0.176257401209662,11,1728.0,0.12052615112620432,211,22824.0
910.0,467,437,213,1528,1995,0,4168.0,8.925053533190578,3.179786366459625,21,2106.0,0.16264710107926958,10,893.0,0.18967428427816793,12,1518.0,0.2631520003280535,3,15.0,0.7176291194743702,10,2304.0,0.21601970759996006,29,2865.0,0.17581538735451951,4,18.0,0.12330933297788778,35,3271.0,0.07294351186686039,13,674.0,0.25632784618279647,7,66.0,0.354944069660591,15,2651.0,0.11793886117920473,15,2392.0,0.1783706424038449,0,4.0,0.9269118399279659,9,158.0,0.35739871494018366,14,1957.0,0.0894466798303456,16,1794.0,0.12002182458128713,213,22686.0
915.0,470,434,200,1536,2006,0,3902.0,8.302127659574468,2.922052291415789,23,1942.0,0.12394706470810149,6,931.0,0.23374343618144267,9,1559.0,0.21899559271074018,1,6.0,0.643828963929941,8,2346.0,0.21725439256514645,25,2370.0,0.0893460924074888,0,13.0,0.7372175442140273,35,3450.0,0.022239583097287942,12,474.0,0.18257861491776609,1,58.0,0.5513196078691511,22,2743.0,0.09620613428240017,12,2462.0,0.09765230229061535,1,2.0,0.6441931039715568,5,84.0,0.3488848403652089,18,2039.0,0.08020240706218215,22,1891.0,0.1944458306849182,200,22370.0
920.0,482,435,206,1539,2021,0,3536.0,7.33609958506224,3.3613424864643164,22,1547.0,0.16868083189924496,8,962.0,0.25104774015732834,10,1300.0,0.10813272109323853,4,17.0,0.34282972769723047,15,2409.0,0.11965529541381882,15,2460.0,0.09852308057878957,0,4.0,0.8378158743081209,29,3291.0,0.11295227188917686,8,519.0,0.22170809633712416,1,15.0,0.6860675056126548,26,2851.0,0.08173520921686078,14,2525.0,0.20040593239371007,3,16.0,0.1919759252752245,3,45.0,0.47911269240298937,19,1936.0,0.17055466794388807,29,2024.0,0.17747244347660074,206,21921.0
925.0,484,440,202,1548,2032,0,3053.0,6.3078512396694215,3.497141780337807,16,1213.0,0.2075122242004544,14,1020.0,0.1947170371430914,10,703.0,0.12215501354847584,1,19.0,0.5241013033184742,19,2498.0,0.02457291066237625,12,2521.0,0.17087654466729577,2,7.0,0.3142383452573375,20,2804.0,0.23090326162596572,8,550.0,0.23162745698822065,2,16.0,0.42175655007764556,29,2988.0,0.008662902453843858,21,2615.0,0.19229124252208013,0,9.0,0.7924934085893032,2,48.0,0.3192946870947509,16,1634.0,0.29757866086113066,30,2174.0,0.1074622556311045,202,20819.0
930.0,479,443,212,1558,2037,0,2734.0,5.707724425887265,3.43383017485793,8,1256.0,0.22533790928056444,15,939.0,0.16419924892862747,1,624.0,0.29923787112588074,2,19.0,0.7422725456672641,22,2598.0,0.03643348347537567,14,2585.0,0.2366048677729092,6,37.0,0.11165771185697382,13,2727.0,0.14180623979890813,14,614.0,0.15547046543870827,6,38.0,0.3458771506306091,27,2802.0,0.032246746747945525,27,2739.0,0.10224234704900852,0,4.0,0.8880497190195533,7,65.0,0.2982469725045274,15,1613.0,0.20151816842454456,35,2338.0,0.09265733047278513,212,20998.0
935.0,470,450,218,1576,2046,0,2554.0,5.43404255319149,3.379199345957411,10,1288.0,0.23974446376470918,13,696.0,0.18085280987051464,8,639.0,0.26516573353758005,2,10.0,0.6024092074551852,24,2444.0,0.1562150443161201,20,2679.0,0.18799986785809186,3,51.0,0.44260353385511747,9,2785.0,0.13272907782819104,20,701.0,0.2405195918112371,1,34.0,0.4366360592237963,20,2285.0,0.19561633538190745,31,2891.0,0.07499757140916956,1,5.0,0.4430747385324909,4,68.0,0.4281872390809662,15,1685.0,0.13224128526343232,37,2522.0,0.131363421707604,218,20783.0
940.0,469,452,234,1591,2060,0,2701.0,5.759061833688699,2.9644607385011064,11,1149.0,0.2381082375179309,11,698.0,0.23435923054359473,13,691.0,0.10734653637586904,7,31.0,0.15628879506396626,21,2153.0,0.25082596208591074,22,2467.0,0.10605496700730799,0,23.0,0.6853885862170793,14,2843.0,0.23720163295793048,27,823.0,0.11833577369918992,2,10.0,0.6673890503363916,16,2373.0,0.22352198683850147,37,3067.0,0.024348643846263285,5,23.0,0.1675385275660511,2,30.0,0.32475274335428644,15,1752.0,0.11460267933776368,31,2395.0,0.10552408426737997,234,20528.0
945.0,474,449,235,1597,2071,0,2619.0,5.525316455696203,2.758504855811014,12,1060.0,0.14510437649910568,9,742.0,0.20562940246717046,17,771.0,0.2287096789273947,2,37.0,0.13532742393810787,20,2256.0,0.15921056160226793,23,1964.0,0.07906017194268368,2,24.0,0.6426875261335504,20,2929.0,0.20516779492026993,31,971.0,0.10906328072492691,1,8.0,0.5672466964214979,13,2442.0,0.13806668977646516,31,2873.0,0.14261480750238198,4,40.0,0.3326734043576406,3,41.0,0.14278808443742924,22,1845.0,0.12793314360548233,25,1852.0,0.11822146543756756,235,19855.0
950.0,479,455,216,1602,2081,0,2556.0,5.336116910229645,3.207438310314205,12,1101.0,0.1390394315009006,14,802.0,0.19660522448205972,19,864.0,0.2131426964208006,0,12.0,0.7442919028901813,18,2346.0,0.0839377168566244,16,2053.0,0.10110147662786519,2,34.0,0.685227648876291,27,3048.0,0.10301219760616304,25,939.0,0.1340591409556439,1,17.0,0.6324783050591017,14,2508.0,0.0727351888109894,21,2346.0,0.23022859290941317,0,19.0,0.6023141102217154,4,53.0,0.553461595912308,28,1972.0,0.15007269095226342,15,1812.0,0.129792770010318,216,19926.0
955.0,484,457,223,1611,2095,0,2663.0,5.50206611570248,3.7148813819784587,15,1161.0,0.14843147805080614,20,890.0,0.13564617627189002,24,971.0,0.25099743163216187,1,7.0,0.806929918078532,17,2413.0,0.09947581361741023,12,2092.0,0.23473619131163603,1,7.0,0.24103170664078413,32,3205.0,0.026580480271968934,17,761.0,0.21597777060605958,1,22.0,0.8121668306908258,22,2608.0,0.1337213885424975,15,1625.0,0.24250470951762867,0,4.0,0.7943460418724608,0,31.0,0.724696337812754,34,2131.0,0.103786853762472,12,1869.0,0.119601142479725,223,19797.0
960.0,482,458,243,1620,2102,0,3144.0,6.522821576763485,3.469786191215805,18,1243.0,0.12286410426595977,28,1014.0,0.0908880395617442,25,1092.0,0.2762660575847525,1,8.0,0.46807860301915544,25,2518.0,0.14989131461555602,11,1855.0,0.21911455201077856,4,16.0,0.381032568181308,33,3366.0,0.09544720058748504,12,824.0,0.21034636694294087,0,4.0,0.8855364710253573,28,2736.0,0.1713456020406399,6,1666.0,0.27805448949090883,1,5.0,0.5158485193344641,1,6.0,0.44609383556823,36,2310.0,3.9108813189695715e-05,14,1932.0,0.11960045341392539,243,20595.0
965.0,480,460,267,1636,2116,0,3796.0,7.908333333333333,3.019921060669731,26,1356.0,0.11703100534977669,30,1163.0,0.10904343347891965,25,1217.0,0.18160851472596115,1,5.0,0.29400026054619016,28,2652.0,0.1454656517397032,9,1398.0,0.13785908010256803,4,24.0,0.6837003651357599,36,3543.0,0.11541782571003584,11,879.0,0.20319213735494,1,4.0,0.7385254018497962,31,2574.0,0.09363320853150595,8,1691.0,0.3022845248347755,6,30.0,0.34257814246226037,0,4.0,0.22120381059852842,30,2227.0,0.021557530532422334,21,2027.0,0.18502572084828992,267,20794.0
970.0,475,468,275,1649,2124,0,4198.0,8.837894736842106,2.985521662880115,31,1501.0,0.10273894733034827,24,1124.0,0.13656512309525728,25,1342.0,0.03477809739139058,1,10.0,0.7560653091183056,35,2819.0,0.06324705848562068,6,1179.0,0.1380418698398556,4,44.0,0.7171360364875667,31,3347.0,0.0349069965731691,16,953.0,0.18974688679665333,1,2.0,0.6440373843221338,26,2712.0,0.09937928983679997,14,1755.0,0.18955562007836624,12,79.0,0.306467906630147,0,4.0,0.4931304353849269,22,1762.0,0.0832124542644805,27,2148.0,0.2568752246251126,275,20781.0
975.0,476,470,273,1654,2130,0,4349.0,9.13655462184874,3.2326183807047526,28,1459.0,0.0960010348365884,16,897.0,0.20621118477646574,25,1467.0,0.1304181377799314,0,4.0,0.8872435625898194,36,2999.0,1.1574104998436886e-05,6,1187.0,0.2886846211250038,7,68.0,0.3987881337654343,24,2774.0,0.08754625997158771,24,1061.0,0.1962409879883397,1,5.0,0.7365558160380563,23,2830.0,0.12932062994420992,21,1843.0,0.042452146002228845,12,135.0,0.2579358587436518,1,5.0,0.7557087488044547,16,1849.0,0.21842277465798104,33,2300.0,0.17675415464361513,273,20883.0
980.0,476,476,264,1664,2140,0,4274.0,8.978991596638656,3.2551063517297063,25,1225.0,0.1470528970681843,11,946.0,0.2359817052112418,25,1592.0,0.17321779220432693,0,0.0,0.8381709562194015,30,2842.0,0.01878973071148827,13,1237.0,0.29285674905338965,12,115.0,0.23673924433115184,14,2849.0,0.1909989491507048,29,1195.0,0.11087238230972098,1,1.0,0.6736572183432303,21,2939.0,0.04913709263200311,27,1971.0,0.030484113752190664,6,145.0,0.32461767618506177,1,13.0,0.6874081471521137,13,1920.0,0.2963351699121502,36,2477.0,0.108572016163478,264,21467.0
985.0,467,484,248,1681,2148,0,3888.0,8.325481798715204,3.0709109023028627,18,1316.0,0.18191510520288698,13,1004.0,0.190589012716331,19,1468.0,0.1318345718372824,1,7.0,0.32705399924264633,23,2352.0,0.1487610986456329,19,1321.0,0.3041008360816173,14,177.0,0.0064375442835218726,11,2901.0,0.23448900448125817,31,1348.0,0.11047832857243768,2,9.0,0.533777113677848,23,3048.0,0.04131049838314995,27,2106.0,0.16526414358155286,0,85.0,0.46107864064024245,0,6.0,0.6347281815701357,15,1982.0,0.24990894821871273,32,2355.0,0.05435580800315687,248,21485.0
990.0,466,484,238,1690,2156,0,3382.0,7.257510729613734,3.153774674049994,14,1391.0,0.15603618351477933,12,915.0,0.2015320206905713,15,1118.0,0.2173414154709635,3,20.0,0.7017587857189269,16,2295.0,0.24395313864719415,24,1430.0,0.10501281034879117,8,153.0,0.03994791250195252,15,2972.0,0.14460613328928887,25,1326.0,0.1367236567200366,0,7.0,0.5972384926473648,30,3184.0,0.11560095622392344,27,2241.0,0.17175047496079926,3,81.0,0.26999839245711116,0,6.0,0.7234931994702439,22,2079.0,0.12830542977432005,24,1943.0,0.07677919066650273,238,21161.0
995.0,465,491,215,1700,2165,0,2877.0,6.187096774193549,3.1802138246081015,9,1267.0,0.20473470307061392,9,693.0,0.20585278657998735,6,1074.0,0.24504857073449812,0,13.0,0.7796448905640531,15,2372.0,0.3111774225768363,29,1570.0,0.029007843447361615,3,157.0,0.16714740906918435,22,3072.0,0.04982597060521937,17,1119.0,0.18698410296259185,0,4.0,0.8509629694417018,36,3352.0,0.13202358752541982,22,2053.0,0.06433900702968863,5,108.0,0.23048363141864425,0,4.0,0.7933948708583942,28,2211.0,0.01121411230015554,14,1893.0,0.1365024608846225,215,20962.0
1000.0,469,495,219,1708,2177,0,2734.0,5.8294243070362475,3.370194670512303,7,988.0,0.22814688015882623,9,727.0,0.2191187726811917,8,1092.0,0.27407624958900884,2,7.0,0.30630614288352614,14,2437.0,0.22296034606990509,29,1715.0,0.1270537234980119,8,180.0,0.3525330576559806,29,3203.0,0.13766585113973373,14,1059.0,0.2171700674269055,1,5.0,0.7654738865692473,31,3159.0,0.05617384724871621,16,1608.0,0.15231893034430027,5,135.0,0.4531096288837366,0,4.0,0.8930465685921996,34,2372.0,0.02779756397128753,12,1937.0,0.12243132028453653,219,20628.0
