step,system_total_running,system_total_backlogged,system_total_stopped,system_total_arrived,system_total_departed,system_total_teleported,system_total_waiting_time,system_mean_waiting_time,system_mean_speed,0_stopped,0_accumulated_waiting_time,0_average_speed,1_stopped,1_accumulated_waiting_time,1_average_speed,10_stopped,10_accumulated_waiting_time,10_average_speed,11_stopped,11_accumulated_waiting_time,11_average_speed,12_stopped,12_accumulated_waiting_time,12_average_speed,13_stopped,13_accumulated_waiting_time,13_average_speed,14_stopped,14_accumulated_waiting_time,14_average_speed,15_stopped,15_accumulated_waiting_time,15_average_speed,2_stopped,2_accumulated_waiting_time,2_average_speed,3_stopped,3_accumulated_waiting_time,3_average_speed,4_stopped,4_accumulated_waiting_time,4_average_speed,5_stopped,5_accumulated_waiting_time,5_average_speed,6_stopped,6_accumulated_waiting_time,6_average_speed,7_stopped,7_accumulated_waiting_time,7_average_speed,8_stopped,8_accumulated_waiting_time,8_average_speed,9_stopped,9_accumulated_waiting_time,9_average_speed,agents_total_stopped,agents_total_accumulated_waiting_time
5.0,16,0,0,0,16,0,0.0,0.0,13.337966819363535,0,0.0,0.9754211294308525,0,0.0,0.9773605639187373,0,0.0,1.0,0,0.0,1.0,0,0.0,0.97738682858421,0,0.0,1.0,0,0.0,1.0,0,0.0,1.0,0,0.0,0.973776187764168,0,0.0,0.9774541593100703,0,0.0,0.9783812579268263,0,0.0,1.0,0,0.0,1.0,0,0.0,1.0,0,0.0,0.9771227334460492,0,0.0,1.0,0,0.0
10.0,32,0,0,0,32,0,0.0,0.0,13.455184571793545,0,0.0,0.9661162302458322,0,0.0,0.9655688562700414,0,0.0,1.0,0,0.0,1.0,0,0.0,0.9676200341901444,0,0.0,1.0,0,0.0,1.0,0,0.0,1.0,0,0.0,0.969183984660207,0,0.0,0.9686232121669265,0,0.0,0.9700459965653401,0,0.0,1.0,0,0.0,1.0,0,0.0,1.0,0,0.0,0.9696033749576407,0,0.0,1.0,0,0.0
15.0,40,0,2,0,40,0,4.0,0.1,12.036908900488857,0,0.0,0.7962694226318727,1,2.0,0.7107576061958268,0,0.0,1.0,0,0.0,1.0,0,0.0,0.9798935086891222,0,0.0,0.9673909777454606,0,0.0,1.0,0,0.0,1.0,1,2.0,0.7472436703906832,0,0.0,0.8845197793793235,0,0.0,0.9783494857621693,0,0.0,0.9127746606555018,0,0.0,1.0,0,0.0,0.9881902879690669,0,0.0,0.9773692946638892,0,0.0,0.9672092454231995,2,4.0
20.0,56,0,9,0,56,0,32.0,0.5714285714285714,10.436744625987378,2,7.0,0.6889089406885684,2,11.0,0.6377571336250694,0,0.0,1.0,0,0.0,1.0,0,0.0,0.9610087438721492,0,0.0,0.9510203789953741,0,0.0,1.0,0,0.0,1.0,3,10.0,0.47641714739224456,2,4.0,0.5632748919009767,0,0.0,0.9726222005983641,0,0.0,0.9488763789276756,0,0.0,1.0,0,0.0,0.5521973718620293,0,0.0,0.940037192256598,0,0.0,0.9744242657514862,9,32.0
25.0,72,0,1,0,72,0,1.0,0.013888888888888888,9.050029628531199,1,3.0,0.6445430554834007,0,0.0,0.6165387979197722,0,0.0,1.0,0,0.0,1.0,0,0.0,0.7757280613367307,0,0.0,0.6864717700560372,0,0.0,1.0,0,0.0,1.0,0,5.0,0.5677690801862199,0,4.0,0.7137560160619585,0,2.0,0.7325988960673695,0,4.0,0.5169346384419232,0,4.0,0.4644900963826673,0,2.0,0.4996336873154561,0,0.0,0.8204692945204091,0,0.0,0.6516393579458815,1,24.0
30.0,80,0,14,0,80,0,41.0,0.5125,8.945178915686878,3,12.0,0.6365704815359104,2,4.0,0.5457996268921818,0,0.0,1.0,0,1.0,0.9009937128880228,2,6.0,0.4237955983681436,2,7.0,0.1316440131613532,0,0.0,1.0,0,0.0,1.0,0,0.0,0.9564550102866558,0,0.0,0.9368796489670266,1,6.0,0.7315926293081625,0,4.0,0.7987944297168518,0,6.0,0.7266017762087056,0,2.0,0.93745171836499,1,3.0,0.4342497916537455,3,7.0,0.18018955352605381,14,58.0
35.0,96,0,19,0,96,0,110.0,1.1458333333333333,9.028544138364198,5,29.0,0.51016314912912,3,18.0,0.5552733091715554,0,0.0,1.0,0,1.0,0.9981888195996841,0,3.0,0.6121818796550642,4,25.0,0.08367280535317259,0,0.0,1.0,0,0.0,1.0,0,0.0,0.9375691620728026,0,0.0,0.8746752449310808,3,19.0,0.6459180457406731,0,4.0,0.8978449996688563,0,6.0,0.9158985497518355,0,2.0,0.8559160875412083,0,2.0,0.5676543392394452,4,28.0,0.14414457776713513,19,137.0
40.0,112,0,14,0,112,0,83.0,0.7410714285714286,8.519957623077143,1,22.0,0.5705176250098708,3,37.0,0.5257207868187241,0,4.0,0.43636629817967076,0,0.0,1.0,0,0.0,0.9400213883431288,0,16.0,0.6499239973675681,0,2.0,0.48615397270208127,0,0.0,0.955602505539179,0,0.0,0.8257560381369607,2,4.0,0.5724510231118404,5,38.0,0.4909654800689245,0,0.0,0.6835129006807588,1,8.0,0.5652763532771925,2,6.0,0.23212803875386823,0,0.0,0.9445721902826181,0,18.0,0.622296031178419,14,155.0
45.0,120,0,11,0,120,0,66.0,0.55,8.74525131301556,2,9.0,0.5967940025369565,3,50.0,0.6718611486777568,0,6.0,0.7958335862806809,0,2.0,0.42471347344542265,0,0.0,0.9360662958267033,0,4.0,0.9168756995491558,0,4.0,0.9029599215227769,0,0.0,0.9604488614132298,1,3.0,0.5686086445454822,0,2.0,0.6108861123525258,2,35.0,0.33598283457785194,0,2.0,0.8340627445431712,2,8.0,0.10014578855926745,0,11.0,0.3619656730019795,1,1.0,0.8191048927096013,0,3.0,0.9027196165698812,11,140.0
50.0,136,0,16,0,136,0,112.0,0.8235294117647058,8.858628417480148,2,8.0,0.5890988037467441,3,63.0,0.6601509440850641,0,8.0,0.8304950382900165,0,4.0,0.8941614649703262,1,1.0,0.5966751845691279,1,3.0,0.33517135112940094,0,4.0,0.9488933103260381,0,0.0,1.0,0,0.0,0.6556048523205823,0,0.0,0.8620469861687957,3,24.0,0.4031265635924468,0,4.0,0.7728234734396416,3,17.0,0.161437102480783,0,4.0,0.8704299744346164,3,9.0,0.6334038889630982,0,3.0,0.5789717776822862,16,152.0
55.0,152,0,36,0,152,0,222.0,1.4605263157894737,7.889603896341875,3,21.0,0.6322935374293632,5,83.0,0.3682201890041904,2,12.0,0.6059630161929235,0,4.0,0.9365353728514507,0,1.0,0.820259971335049,5,19.0,0.4361994031019394,2,6.0,0.10479612864854455,0,0.0,1.0,0,0.0,0.9428129635898073,0,0.0,0.7642230106529131,4,29.0,0.5246290895463201,3,12.0,0.6972898397986342,3,36.0,0.5298221984008684,0,4.0,0.8854918725981279,4,31.0,0.39655342854613324,5,22.0,0.28176388686975296,36,280.0
60.0,159,0,37,1,160,0,325.0,2.0440251572327046,7.408882807065946,5,40.0,0.47732035034902587,10,123.0,0.2713376587956833,4,26.0,0.49786278495999037,0,0.0,0.9446121516086656,0,0.0,0.9080544804135002,0,24.0,0.7034174932742594,0,7.0,0.4914333708585569,0,2.0,0.8607132723114443,0,0.0,0.9213806393795538,2,6.0,0.5555021208732537,6,45.0,0.5814205993863347,1,12.0,0.4247366397761465,3,51.0,0.6452517072562004,0,4.0,0.23193711171502354,0,25.0,0.5687975653682568,6,60.0,0.17665201693167423,37,425.0
65.0,174,0,37,2,176,0,385.0,2.2126436781609193,7.979605492621501,2,34.0,0.4959756383487289,10,177.0,0.29093189052682367,4,48.0,0.4811489448515149,1,1.0,0.0004695803275174781,1,1.0,0.7244160347927019,2,7.0,0.5949393179145657,0,4.0,0.846697311172046,0,4.0,0.9273897260417483,0,0.0,0.826823687744891,0,0.0,0.6181304656466121,8,77.0,0.3992376984620105,6,28.0,0.4053814699949512,3,62.0,0.5208785248153438,0,8.0,0.2034440933307089,0,2.0,0.797808448847632,0,51.0,0.6472000909853903,37,504.0
70.0,190,0,28,2,192,0,176.0,0.9263157894736842,8.723561718365843,3,14.0,0.5462139097912896,5,140.0,0.5143275043974681,0,28.0,0.7680819541423245,1,14.0,0.6247341687307754,1,6.0,0.6232629092141935,5,20.0,0.25481713804461903,0,2.0,0.8856223231194306,0,4.0,0.9251573753101964,1,6.0,0.5130186539624604,0,0.0,0.9346983119084334,4,76.0,0.33387669915084744,6,60.0,0.329388340308686,1,24.0,0.2654993647492438,0,8.0,0.6968878279026924,1,3.0,0.655432224340789,0,8.0,0.9066546615289427,28,413.0
75.0,198,0,23,2,200,0,79.0,0.398989898989899,7.971878987809599,2,12.0,0.486653040855529,3,69.0,0.5506831036625273,1,5.0,0.6430517527661536,0,6.0,0.8868212187480353,3,20.0,0.5977643954451798,4,29.0,0.21095129778910565,1,3.0,0.5231312334612729,1,8.0,0.1251710004048748,0,7.0,0.7102358109449741,0,0.0,0.7640200107334512,1,29.0,0.4617903994508166,0,50.0,0.45863568558431456,3,19.0,0.27066160738667544,0,8.0,0.8665438244764138,3,16.0,0.5508571938035567,1,6.0,0.4993929542169159,23,287.0
80.0,206,0,40,10,216,0,185.0,0.8980582524271845,7.679531551007722,4,22.0,0.5277301750356331,1,38.0,0.46757244729299047,1,9.0,0.23490013036941065,0,4.0,0.8422985887898531,6,45.0,0.5510859459102697,2,18.0,0.6715183232736296,6,24.0,0.17152223783311152,0,7.0,0.612034334346066,0,4.0,0.9166049832843419,2,7.0,0.4773790777742054,3,30.0,0.5407027902627862,2,13.0,0.6409154162845827,0,11.0,0.8216060610795759,2,10.0,0.4409657389462853,6,40.0,0.2940963271904899,5,26.0,0.11987734814666257,40,308.0
85.0,217,0,56,15,232,0,331.0,1.5253456221198156,7.171006953688921,2,23.0,0.5074016812994361,7,56.0,0.3326872491631227,6,31.0,0.3355000553565649,3,11.0,0.18336990800675967,8,79.0,0.40518492687316715,2,22.0,0.6671070715719096,10,66.0,0.29429751931720644,0,2.0,0.9253773815228352,1,2.0,0.7313208558521376,0,3.0,0.6927057129299262,7,58.0,0.49171890598166196,1,10.0,0.5294149588846271,0,5.0,0.8726868657365756,0,6.0,0.16249655754962666,8,77.0,0.31757525307066775,1,32.0,0.184298892621569,56,483.0
90.0,214,0,62,26,240,0,533.0,2.4906542056074765,7.503754945874923,3,13.0,0.5335647242332506,4,49.0,0.4877953029860799,6,61.0,0.6137637349366217,4,31.0,0.5037940714462401,9,123.0,0.21986840422293843,2,32.0,0.31666440815931546,4,78.0,0.3984870785443922,0,2.0,0.7501289438342679,3,15.0,0.4497422309708505,0,0.0,0.9315357624563085,9,95.0,0.3357280089594963,5,27.0,0.44346660849177383,1,3.0,0.42936479013510304,2,15.0,0.6010139108051968,9,121.0,0.35033722065295464,1,12.0,0.6313025063768796,62,677.0
95.0,218,0,60,38,256,0,679.0,3.114678899082569,7.397354625707948,1,10.0,0.6188436092329048,2,30.0,0.6081348840403539,6,89.0,0.5659386837181583,4,51.0,0.4447353020878831,11,173.0,0.20887753195554545,1,4.0,0.23733773442424766,1,42.0,0.43668782122255706,0,4.0,0.824208473743146,0,11.0,0.7037484109427873,0,0.0,0.8557761720607918,11,153.0,0.20654633368921255,7,55.0,0.25114235547931985,5,20.0,0.12548913070622103,0,4.0,0.9116990284938951,11,173.0,0.38230084883216614,0,4.0,0.9237314373256016,60,823.0
100.0,221,0,68,51,272,0,807.0,3.6515837104072397,6.1402977968454175,3,14.0,0.638927143891434,5,38.0,0.3545090247919601,4,77.0,0.2955497931804311,0,35.0,0.15310477425574096,14,237.0,0.1973083554522056,1,9.0,0.6966241725546978,4,52.0,0.4361153195455648,0,6.0,0.8558686348011396,0,4.0,0.8794695119478434,2,3.0,0.4783254935666901,13,215.0,0.3391173757401761,7,94.0,0.10387716318659174,0,23.0,0.6119259760195922,2,10.0,0.4095831391856103,13,234.0,0.3528752091870828,0,0.0,0.8761634164849624,68,1051.0
105.0,222,0,72,58,280,0,1024.0,4.612612612612613,6.691120009060728,5,35.0,0.5216415178840139,10,72.0,0.23234689100609804,2,22.0,0.19458744244592088,0,6.0,0.6329010188581452,15,309.0,0.27875148618653744,0,2.0,0.9498298937587728,4,68.0,0.3873389673734045,0,4.0,0.8532144579404599,1,1.0,0.6925402527975221,2,13.0,0.5446547721581954,15,285.0,0.37397779636093287,1,79.0,0.5449237692424831,0,8.0,0.8299902798254833,2,12.0,0.4855735617595564,15,306.0,0.17657937848235242,0,0.0,0.8401999809605206,72,1222.0
110.0,235,0,73,61,296,0,1289.0,5.485106382978723,7.204413109288582,6,65.0,0.45982691513482715,6,86.0,0.29722784866028434,2,23.0,0.2698285905994758,2,12.0,0.6896111019939638,16,387.0,0.31131443569745154,0,0.0,0.885565080613022,6,98.0,0.12674933880435169,0,4.0,0.9164837314716726,2,13.0,0.4981746295059989,0,5.0,0.7275671751058584,17,360.0,0.2787168954994297,0,17.0,0.89487546832364,0,4.0,0.7498294432228451,0,8.0,0.7319044753494236,16,386.0,0.20887462033388357,0,0.0,1.0,73,1468.0
115.0,240,0,77,72,312,0,1545.0,6.4375,7.353263786965097,9,106.0,0.43767103267174096,2,48.0,0.4431583267523349,5,41.0,0.5098768480496183,3,20.0,0.6668460325293223,19,475.0,0.25442197552847107,0,0.0,0.8917012610702794,0,67.0,0.5599998805692303,0,4.0,0.7070490894613182,0,7.0,0.6979148622388208,0,0.0,0.7970462762420066,19,452.0,0.20125724351111487,0,0.0,0.799947988769189,0,8.0,0.7292810599007606,1,8.0,0.6809658874442336,19,477.0,0.2861446980536021,0,0.0,0.8039684522009343,77,1713.0
120.0,232,0,80,88,320,0,1858.0,8.008620689655173,6.445986991551994,11,155.0,0.33209384321089075,3,50.0,0.3184760297753383,0,34.0,0.5171642864799307,2,19.0,0.2132182290997363,21,577.0,0.1718605127476486,0,0.0,0.8451701699013984,0,4.0,0.8888288089521088,0,6.0,0.8352860238011697,0,2.0,0.9201310942328111,0,0.0,0.5235355243597782,21,552.0,0.16193931157051594,0,0.0,1.0,1,11.0,0.522712506511415,1,9.0,0.7528238971009718,20,574.0,0.2635868590417038,0,0.0,0.8933027122353714,80,1993.0
125.0,244,0,101,92,336,0,2311.0,9.471311475409836,6.426809232752934,12,212.0,0.31804493792004956,6,75.0,0.37782402173906304,4,8.0,0.02894053130964594,2,20.0,0.558564684407797,22,686.0,0.18367943506009582,0,0.0,1.0,0,0.0,0.4961097054358433,0,8.0,0.890611058198286,1,3.0,0.5965514914823179,2,8.0,0.5859323528871891,23,663.0,0.18093867552046286,0,4.0,0.8710693259957817,6,29.0,0.4516109682196724,0,2.0,0.4709383415398774,23,683.0,0.20368211047092355,0,0.0,0.9058139393737412,101,2401.0
130.0,242,0,97,110,352,0,2495.0,10.309917355371901,6.268906105875094,14,281.0,0.2808176298915107,6,105.0,0.37584887980058523,1,19.0,0.49157537313542704,2,30.0,0.7569915687920936,24,803.0,0.2276468285561512,0,0.0,0.9630975660877293,0,4.0,0.4453431173136472,0,4.0,0.9054383111632214,0,4.0,0.4577160955048094,1,7.0,0.4875378772341713,18,657.0,0.20755598692034127,0,8.0,0.8473530652175514,7,62.0,0.32045221646937844,0,4.0,0.44417123888188986,24,801.0,0.1419322617801832,0,0.0,0.8500732778703468,97,2789.0
135.0,234,0,82,126,360,0,2183.0,9.32905982905983,5.896082986248415,10,271.0,0.2605529387864656,0,84.0,0.4794074842826788,0,3.0,0.8554219786317299,0,6.0,0.5789947421536938,26,929.0,0.20742662227760073,0,0.0,0.8995277397600484,0,4.0,0.8953909477048358,2,2.0,0.5641795854809101,3,14.0,0.43912968798943713,1,9.0,0.787673420188817,12,532.0,0.22707038418404354,1,9.0,0.6124745514882426,1,55.0,0.23562966427943405,0,8.0,0.7631355713356911,26,927.0,0.03791830541490147,0,0.0,1.0,82,2853.0
140.0,241,0,67,135,376,0,1794.0,7.443983402489627,6.282227213179966,3,173.0,0.3797589684019754,3,12.0,0.6537011567171482,0,0.0,0.8654857288796155,2,7.0,0.3187099684790774,28,1066.0,0.13933142697382672,0,0.0,0.8942611110089645,0,4.0,0.9412759326603357,2,12.0,0.43195937129547146,0,10.0,0.6886251565796235,0,2.0,0.8945436553932514,7,567.0,0.17665827050818858,0,10.0,0.5593625985319682,1,18.0,0.22993096640673885,0,8.0,0.8003963107840248,21,918.0,0.09219970379394563,0,6.0,0.43930310177018034,67,2813.0
145.0,251,0,63,141,392,0,1531.0,6.099601593625498,6.427295582966951,2,151.0,0.43582665909649626,0,8.0,0.7784156117819225,1,6.0,0.24908835797000295,2,14.0,0.10208467396926604,30,1212.0,0.06352867950151354,0,0.0,1.0,0,0.0,0.7134960218222031,0,4.0,0.44849560248422515,0,2.0,0.8775106851851457,1,2.0,0.6286485548278705,9,602.0,0.16433880534699172,1,9.0,0.331932410946204,1,17.0,0.7201505882470268,2,12.0,0.5512460595892477,14,754.0,0.27025614876070647,0,8.0,0.8903760223915493,63,2801.0
150.0,248,0,79,152,400,0,1641.0,6.616935483870968,5.959064487066023,8,177.0,0.28432035659771127,1,5.0,0.48534166528366307,2,16.0,0.4706065226670789,1,9.0,0.3967066832546084,31,1366.0,0.009977939603782227,0,0.0,1.0,0,0.0,0.8463508584009302,0,4.0,0.8553860891863811,1,2.0,0.6609954963693218,2,4.0,0.48271167938439774,16,670.0,0.19371379139514208,6,30.0,0.42753101986089925,1,22.0,0.7936614109075235,0,11.0,0.2466776187818344,10,749.0,0.29212306824616313,0,8.0,0.9365409349357445,79,3073.0
155.0,251,0,99,165,416,0,1938.0,7.721115537848606,5.7573530134844155,14,233.0,0.26732376472097225,7,29.0,0.3459639700427948,0,4.0,0.910619974880336,1,8.0,0.7297417333717625,33,1529.0,0.08734091397211845,0,0.0,0.7935046151890333,0,4.0,0.3769111175764105,0,2.0,0.9346884575725438,2,8.0,0.5497934955662618,3,18.0,0.7421745691484488,21,769.0,0.22454471622802988,0,30.0,0.6686935257577664,1,27.0,0.5887223224555657,5,23.0,0.4445604614913128,10,791.0,0.22046916077205453,2,6.0,0.44777802227477737,99,3481.0
160.0,248,1,113,183,431,0,2406.0,9.701612903225806,5.187522690448539,18,315.0,0.27783076016618347,7,64.0,0.3448800449438669,0,0.0,0.8851693734521671,1,9.0,0.7245370959362256,35,1702.0,0.15076748113737173,0,0.0,0.9247403134448291,0,4.0,0.9513080008394923,0,0.0,0.8543550867348123,0,3.0,0.5948991370647511,2,11.0,0.5235485231326529,28,895.0,0.09780304207988622,1,5.0,0.4314979072259118,1,36.0,0.7027920714393825,0,21.0,0.6039764201023664,14,849.0,0.20291242605511076,6,27.0,0.0023630726053100854,113,3941.0
165.0,249,2,109,189,438,0,2751.0,11.048192771084338,4.957012329957735,19,407.0,0.20216460716291745,1,58.0,0.4321518217793753,0,4.0,0.7522312939769594,0,2.0,0.40659146087981435,36,1881.0,0.10732382013276011,0,0.0,0.9590627107975834,0,4.0,0.8368121538599022,1,4.0,0.23698173131357786,0,2.0,0.7801215553739901,4,19.0,0.48073425412896326,31,1044.0,0.09544472476808914,0,4.0,0.3280892949198936,0,8.0,0.9044025358411286,0,6.0,0.21853671459822557,16,792.0,0.23320615243475462,1,38.0,0.26763411475982896,109,4273.0
170.0,262,2,104,192,454,0,2559.0,9.767175572519085,5.766667056753256,21,509.0,0.19471283380819773,1,16.0,0.5441759724946945,0,4.0,0.8715699819131052,0,3.0,0.5159784467734164,32,1851.0,0.04991931322188022,0,4.0,0.7087269494553825,0,0.0,0.9194565077335928,2,14.0,0.6392092282951894,0,4.0,0.8727084274186526,1,15.0,0.4262447707950943,33,1202.0,0.13519651263169555,0,0.0,0.5216247724812637,0,4.0,0.937579885870134,0,8.0,0.5882717330077389,14,569.0,0.14774772394261362,0,13.0,0.8494870944574818,104,4216.0
175.0,268,4,94,200,468,0,2012.0,7.507462686567164,6.28549109259658,18,508.0,0.21805988709749058,0,3.0,0.6206055858193876,0,4.0,0.9010697605575451,0,3.0,0.8912604061982264,26,1626.0,0.09266040398139286,1,6.0,0.7389208376285178,0,0.0,0.8715549198266103,0,2.0,0.8308863868709059,0,4.0,0.9434427559978438,1,6.0,0.7130242408357776,34,1370.0,0.0854174373988441,0,4.0,0.2447510391845905,1,1.0,0.7118855896966025,0,6.0,0.9035888599790604,13,635.0,0.1859872327441353,0,8.0,0.8979219076484306,94,4186.0
180.0,259,5,76,216,475,0,1364.0,5.2664092664092665,6.001026325116762,11,364.0,0.27070664673298783,0,4.0,0.843304960210158,0,0.0,0.8599055154013144,0,3.0,0.8887327638250967,17,1718.0,0.2086711770626511,1,9.0,0.8193764090056187,0,0.0,0.8503612111570913,0,0.0,0.7896607332092109,0,0.0,0.7099795025457503,1,1.0,0.7338526160451629,30,1363.0,0.06164239148607372,2,16.0,0.6297491398240164,1,6.0,0.6593714139979286,2,8.0,0.6452903412878962,11,686.0,0.18009952117905584,0,4.0,0.45966568936521474,76,4182.0
185.0,266,8,81,222,488,0,859.0,3.2293233082706765,5.832939880115714,7,394.0,0.2923395228609243,0,4.0,0.8961472449872447,0,0.0,0.8131868405865975,0,0.0,0.9135078224625148,14,1781.0,0.2092484569883612,1,3.0,0.6889449685709177,1,1.0,0.45806226570941444,2,2.0,0.3762011890842974,3,9.0,0.4716692715421805,2,8.0,0.7226099890755581,24,1185.0,0.08573450360265959,0,8.0,0.8976658319547046,1,1.0,0.0040065306903889755,6,27.0,0.3754400420455202,14,747.0,0.14524582831509755,6,30.0,0.10010694365897616,81,4200.0
190.0,272,12,67,228,500,0,588.0,2.161764705882353,5.584838170006639,8,427.0,0.2778860451652549,0,0.0,0.7455052305166358,0,4.0,0.33491795878981273,0,0.0,0.8331571694876423,17,1852.0,0.15367405857061422,4,17.0,0.46555881462800597,1,5.0,0.5471491659444728,3,16.0,0.5563574440138431,0,5.0,0.6962043250142439,0,3.0,0.6671493438803472,16,1274.0,0.204339960003483,0,4.0,0.8976058362930052,1,10.0,0.25764942765330134,1,31.0,0.21050975286449483,15,701.0,0.09916909019969655,1,39.0,0.4903297714359878,67,4388.0
195.0,272,10,78,238,510,0,538.0,1.9779411764705883,5.551183668410358,15,487.0,0.17895862956025368,1,4.0,0.5478845727475364,0,4.0,0.8502888565783869,4,7.0,0.31162940228777564,20,1944.0,0.09531044466028206,1,18.0,0.12277277463158656,0,4.0,0.709421837688436,0,7.0,0.7573307284988607,0,0.0,0.8899199218267807,3,9.0,0.38923838405136113,15,1345.0,0.24373554563912245,2,3.0,0.3853172362296742,0,4.0,0.8633257179591303,5,29.0,0.5084346538998439,12,541.0,0.1822311354871167,0,13.0,0.8818368018020806,78,4419.0
200.0,278,13,98,245,523,0,669.0,2.406474820143885,5.586963894346298,21,582.0,0.17189608807859563,0,3.0,0.6487781552599227,1,5.0,0.8035521306278999,6,37.0,0.10375546803345588,22,1841.0,0.03313314637258891,5,27.0,0.26539968698791916,1,9.0,0.8021350382527909,0,0.0,0.8043623579561883,0,0.0,0.8849771750155649,7,38.0,0.4008928357416643,17,1418.0,0.18194227944561783,5,24.0,0.12777607347052236,0,4.0,0.9239544635326075,1,30.0,0.5956692607904213,12,550.0,0.256922721537193,0,4.0,0.8842357440492208,98,4572.0
205.0,285,13,87,254,539,0,676.0,2.3719298245614033,5.537787312494945,26,705.0,0.18984365995414862,0,0.0,0.9417349683693799,1,5.0,0.6666124381433182,1,39.0,0.6287317537369972,20,1462.0,0.16114233456281993,0,25.0,0.7503313739754043,1,14.0,0.7850798642699484,0,0.0,0.368533521611495,2,3.0,0.5817447172622787,1,39.0,0.6399233232408739,19,1339.0,0.116481628759138,0,25.0,0.6103451512699529,0,2.0,0.663487982976683,1,12.0,0.5052796142078875,13,607.0,0.19903630909118888,2,12.0,0.37514861117915455,87,4289.0
210.0,284,15,85,261,545,0,784.0,2.76056338028169,5.766247094250995,28,842.0,0.1301516368808025,0,0.0,0.9626663319489935,0,4.0,0.36040845961577955,0,2.0,0.8706282023436199,15,1537.0,0.23486479223474374,0,4.0,0.9105068719829384,0,4.0,0.3586001413801781,3,13.0,0.39555462012375076,0,3.0,0.5453279243673871,1,9.0,0.7014167844060697,17,1120.0,0.16970185207523286,0,6.0,0.872678280850513,5,19.0,0.28479198624162766,1,2.0,0.49194947588554694,15,674.0,0.14043392290130877,0,9.0,0.5171123183097108,85,4248.0
215.0,295,16,88,265,560,0,887.0,3.006779661016949,5.769258404797424,30,989.0,0.1313233377233525,1,1.0,0.5750099909277008,2,18.0,0.6380578122692901,0,0.0,0.5735407415643949,12,1602.0,0.18940991158685977,0,0.0,0.4329543069252749,2,11.0,0.6474294935638688,0,8.0,0.7841844222250363,0,0.0,0.9347907059599284,2,10.0,0.4707954247234334,15,1120.0,0.1911856066213541,0,4.0,0.8552415007218216,1,22.0,0.5103739898850198,5,24.0,0.41351210753437573,18,647.0,0.07779037414167402,0,8.0,0.7869550470677106,88,4464.0
220.0,291,20,96,281,572,0,1070.0,3.676975945017182,5.796318051944338,32,1145.0,0.125010583462724,0,0.0,0.6957635952133545,2,28.0,0.7501623001560925,4,15.0,0.13472487365332142,15,1666.0,0.1416470015954601,4,13.0,0.3117995754211373,0,2.0,0.8364325475773391,0,2.0,0.8305474885273194,0,0.0,0.8132336118144741,7,37.0,0.3369786218633743,14,1186.0,0.1973614452182056,2,10.0,0.4082436400645422,1,10.0,0.763424032562822,1,26.0,0.5198345584096994,14,527.0,0.22177251961289043,0,4.0,0.8612708804589305,96,4671.0
225.0,287,18,105,295,582,0,1147.0,3.9965156794425085,5.041169541248401,29,1157.0,0.11290679891177821,0,4.0,0.7393554641721374,4,43.0,0.4542829147187629,5,40.0,0.4836075922259283,22,1765.0,0.06296902259972148,0,10.0,0.7619175676355879,0,0.0,0.7228130121274805,3,7.0,0.5608112247311243,1,3.0,0.48425675046109157,1,38.0,0.5090695582799653,15,1254.0,0.13992948513738748,6,30.0,0.4006053215705736,2,8.0,0.30141823955306757,5,23.0,0.5182871388486103,12,553.0,0.30174838387472713,0,4.0,0.8467044955247425,105,4939.0
230.0,295,18,114,303,598,0,1147.0,3.888135593220339,4.913106205694153,22,1017.0,0.1618077880927938,0,4.0,0.8926280903019135,9,76.0,0.2543759804719223,5,65.0,0.608894554828051,29,1895.0,0.08102028754075383,0,0.0,0.9012521165493516,0,0.0,0.5467543147704025,6,30.0,0.32064806289757347,0,3.0,0.6234195756088546,1,1.0,0.6894410436763098,16,1173.0,0.09145936710182921,1,36.0,0.5555359922925295,6,35.0,0.16099862441858484,5,45.0,0.4285696756844476,13,617.0,0.22786954309575574,1,1.0,0.42647979966026783,114,4998.0
235.0,297,24,107,311,608,0,1185.0,3.98989898989899,5.321270061043519,16,1097.0,0.18169226626412585,0,4.0,0.9065745811460694,9,123.0,0.4000066537076223,5,86.0,0.4663099696847187,34,2055.0,0.16208624998145324,0,0.0,0.9356108545613218,0,0.0,0.9437477456761553,6,60.0,0.5735593001321099,0,0.0,0.9610782690095533,0,0.0,0.6761699316998521,14,960.0,0.11221730061498275,1,14.0,0.5689113969274452,1,39.0,0.6213726915305806,3,43.0,0.25572372918192354,14,682.0,0.13153388590355036,4,15.0,0.00012229166115910686,107,5178.0
240.0,297,22,89,321,618,0,1059.0,3.5656565656565657,5.314833149589522,12,1165.0,0.1755999392088191,0,4.0,0.5176874660402258,9,170.0,0.3287810784637419,1,59.0,0.35335555035746397,36,2232.0,0.14168654577177228,1,5.0,0.29644021485703104,0,0.0,0.9479677363558383,0,50.0,0.6597672549047362,0,0.0,0.9464351002239504,0,0.0,0.953257316737267,11,947.0,0.2228831054297211,1,14.0,0.62465914451182,0,15.0,0.8525908082980658,3,23.0,0.5426971843905375,15,663.0,0.08553916283606955,0,17.0,0.40448162227983026,89,5364.0
245.0,297,29,108,330,627,0,1326.0,4.4646464646464645,5.4221137902333005,15,1233.0,0.1549126404299014,6,23.0,0.38561221601466106,14,230.0,0.3667858883998431,3,14.0,0.18132341457127885,36,2412.0,0.10658627861126577,1,10.0,0.7042610500185905,0,0.0,0.8907223779100042,1,1.0,0.3893116061743665,0,0.0,0.9645047523756198,0,0.0,0.9451582671978234,16,1016.0,0.2633711027229783,4,20.0,0.4503549148912478,1,6.0,0.615049258305024,0,12.0,0.8190421952016288,11,542.0,0.1401074416209296,0,7.0,0.8388540389832054,108,5526.0
250.0,299,29,105,344,643,0,1452.0,4.8561872909699,5.167954520813047,21,1325.0,0.1452882009615537,0,23.0,0.5135392255361184,16,306.0,0.3362824577029651,0,10.0,0.7372308710463061,32,2331.0,0.03006512091436784,0,8.0,0.7579684799185697,1,2.0,0.7051267576532367,3,11.0,0.13741523910357437,0,2.0,0.9048304991924067,0,0.0,0.8103849030287049,14,1080.0,0.20743664711290594,1,16.0,0.3556418771095707,6,28.0,0.3395259565508647,0,0.0,0.7960776356057095,11,384.0,0.28193548216715336,0,3.0,0.8737053926260809,105,5529.0
255.0,293,29,109,358,651,0,1391.0,4.747440273037543,5.044442246363394,23,1281.0,0.09724987891796569,1,7.0,0.529976622848117,16,386.0,0.23177437041923019,0,4.0,0.9090944097889233,26,1892.0,0.08947490585065468,0,4.0,0.9160209002359905,1,7.0,0.77654690520442,6,36.0,0.3692075326557679,0,4.0,0.7928522807715437,1,2.0,0.5122815306022659,17,1015.0,0.09929207591089871,2,15.0,0.3577802223086206,6,58.0,0.5535427670464637,1,1.0,0.22577202988554612,8,409.0,0.3107658314874362,1,3.0,0.6202099465724255,109,5124.0
260.0,298,33,94,365,663,0,1187.0,3.9832214765100673,5.235259507425775,22,1087.0,0.17648715854793795,0,4.0,0.7830872377314035,16,466.0,0.10691316271328362,0,0.0,0.8882334282183741,16,1976.0,0.21343232315471378,0,4.0,0.8677680081838706,0,0.0,0.7975942255650081,6,66.0,0.49149170667700565,1,6.0,0.7652852421285653,0,1.0,0.5963098132280266,17,832.0,0.10724611497508664,0,12.0,0.5815594985274642,0,46.0,0.5393633687086477,4,20.0,0.14026534406742666,7,441.0,0.2685850077094695,5,19.0,0.12359177735534678,94,4980.0
265.0,304,36,87,372,676,0,992.0,3.263157894736842,5.341963005373313,16,1025.0,0.2153466738355754,0,4.0,0.8558731481126455,16,548.0,0.1252486570275961,1,4.0,0.13582009050528435,12,2035.0,0.2553132452129879,2,7.0,0.6142006803402386,0,0.0,0.8128608162086746,1,54.0,0.4777652549029865,1,5.0,0.5117308470547818,0,0.0,0.9461192893513906,16,906.0,0.1042555552585939,0,7.0,0.9163339467137228,3,15.0,0.3167173015641667,0,19.0,0.7763659136653818,14,503.0,0.16475391088037425,5,37.0,0.3260513704591597,87,5169.0
270.0,306,37,80,377,683,0,699.0,2.284313725490196,5.55955115728761,12,1086.0,0.21742934177155004,0,4.0,0.6028295092774913,10,508.0,0.29012185668225476,3,24.0,0.49728896983168813,15,2097.0,0.20956671357527326,1,7.0,0.277499871424264,0,4.0,0.7383519637222232,3,15.0,0.2250586806314212,6,26.0,0.3945371241053407,0,0.0,0.7447188348404038,13,964.0,0.21121166557946586,0,3.0,0.8977495071554341,3,16.0,0.4658475839032789,0,8.0,0.8988812494855478,14,496.0,0.1886184468603992,0,28.0,0.5657630735346536,80,5286.0
275.0,310,40,83,386,696,0,415.0,1.3387096774193548,5.204470209645284,8,993.0,0.2466181387431286,4,20.0,0.3466866990622818,1,351.0,0.36624029316918155,0,15.0,0.8170237373944239,16,1932.0,0.07805358337122649,5,20.0,0.2805313896120369,0,4.0,0.8487691497246048,1,18.0,0.21153666882921932,6,56.0,0.37252007103498264,2,8.0,0.5309341824756564,15,1028.0,0.19169226973668776,2,5.0,0.44237249614420915,7,35.0,0.5838343776391168,1,6.0,0.40247787984987504,11,406.0,0.25079199044847994,4,33.0,0.4589310004766727,83,4930.0
280.0,317,37,87,398,715,0,505.0,1.5930599369085174,5.344531422875049,8,723.0,0.23524096834443609,8,57.0,0.5306499978354937,3,308.0,0.4393203383507963,0,4.0,0.8586768936091362,14,1565.0,0.13185481415360853,0,19.0,0.730489151768731,0,4.0,0.7916569444593028,0,5.0,0.808232235395093,1,46.0,0.4946541459342001,0,7.0,0.6066639533746208,21,1119.0,0.062433486701000365,0,9.0,0.4805376015940395,8,71.0,0.2931103271478374,6,29.0,0.07105719600427698,12,435.0,0.22730736151155687,6,61.0,0.40436504431268905,87,4462.0
285.0,316,35,85,409,725,0,525.0,1.6613924050632911,5.250219698540049,3,678.0,0.22617507169460813,4,62.0,0.46134231835147094,8,338.0,0.29105319638564714,0,0.0,0.7481765080324448,11,1508.0,0.22588673444572438,0,4.0,0.8959430913979441,1,7.0,0.7932167383661836,0,4.0,0.9129952289016259,3,15.0,0.4313612098482697,0,4.0,0.856003560194471,21,1067.0,0.05192523722563204,0,0.0,0.7016979303367927,13,123.0,0.06434305188330687,6,61.0,0.45350461935998143,13,499.0,0.21742528578591294,2,58.0,0.3545840608030156,85,4428.0
290.0,319,39,94,418,737,0,620.0,1.9435736677115987,5.350540695711747,8,697.0,0.23024665817518739,3,37.0,0.3277801485515529,14,392.0,0.37670518056787944,0,4.0,0.41807751401508053,13,1564.0,0.24095416901713607,2,3.0,0.3743636264954837,3,8.0,0.5650813440508626,0,0.0,0.9113581389339979,0,12.0,0.6721078719636322,2,6.0,0.744349027385579,19,854.0,0.19187708384915855,3,11.0,0.49881244089896437,13,190.0,0.03152032174317941,0,49.0,0.5102421096411842,14,563.0,0.1614215187540667,0,15.0,0.6251505781533945,94,4405.0
295.0,320,43,97,429,749,0,696.0,2.175,5.053699840267404,9,626.0,0.23266611219977584,4,46.0,0.30424347565910564,15,467.0,0.17268512618887752,0,4.0,0.8505371122302517,13,1626.0,0.1743844586842596,4,19.0,0.2850065152554222,4,25.0,0.6753543055918322,0,0.0,0.013848788653573623,0,4.0,0.8453869689728953,3,15.0,0.5675051278098576,17,948.0,0.22166823789825904,4,35.0,0.5294231426713129,7,195.0,0.3250284161413737,0,8.0,0.4188986031388796,15,557.0,0.06896576766670942,2,17.0,0.28680884562376774,97,4592.0
300.0,322,40,105,438,760,0,769.0,2.388198757763975,5.1976354949143815,8,450.0,0.23574794722996562,9,70.0,0.46091387315061655,21,562.0,0.04346284930481619,0,4.0,0.9394964751196411,20,1716.0,0.08111670084286371,0,14.0,0.7755637306002859,4,45.0,0.5429679831009433,2,9.0,3.038574866952547e-05,0,0.0,0.7011514644328904,2,9.0,0.4845239573283482,15,1024.0,0.15125135134716017,1,25.0,0.5562311019565617,0,113.0,0.652761447725475,4,21.0,0.4208523827955655,13,469.0,0.15510026513910738,6,46.0,0.4239348593689816,105,4577.0
305.0,320,41,110,455,775,0,900.0,2.8125,4.7675656818315115,5,369.0,0.23146535712686983,10,120.0,0.3619707261939932,22,675.0,0.105518070474037,0,0.0,0.9653774078777648,23,1595.0,0.04775067884395373,0,4.0,0.8105861457490073,3,36.0,0.27294472118814944,0,4.0,0.8010449013651199,3,10.0,0.48942736342080156,2,13.0,0.7253557849170778,15,1100.0,0.10875420042345413,5,24.0,0.5770868090626652,3,102.0,0.30073381225387885,6,50.0,0.604758221193296,13,516.0,0.2325423087763465,0,43.0,0.6381323643640827,110,4661.0
310.0,326,41,114,465,791,0,1103.0,3.3834355828220857,4.787222701897498,5,389.0,0.22264079832094238,16,188.0,0.18072952563987832,22,785.0,0.2910938182849743,0,4.0,0.4523141225466297,20,1264.0,0.11625101888482696,0,4.0,0.8527005658281835,4,18.0,0.2846809703679463,0,4.0,0.8955089918066114,0,5.0,0.6396752195632434,2,23.0,0.708702976792834,17,1018.0,0.1803078069466438,5,49.0,0.469400275137855,7,134.0,0.048238318052593744,0,42.0,0.48780186100405,16,591.0,0.20901339167987784,0,8.0,0.7081030498366245,114,4526.0
315.0,326,44,100,470,796,0,1043.0,3.1993865030674846,4.558078394444413,12,435.0,0.20496461191177454,12,206.0,0.19164550656222082,24,901.0,0.16590573749244647,0,4.0,0.880412820594755,18,1345.0,0.1545636139631276,0,4.0,0.9427968936274077,2,18.0,0.1782343143897314,0,4.0,0.8640981725494621,0,4.0,0.750659456714509,0,1.0,0.47608814222429685,14,805.0,0.250686024399388,0,38.0,0.4869278301589583,1,106.0,0.5102377235116305,5,28.0,0.2910421586647493,10,563.0,0.10192037320099229,2,11.0,0.4948541738161135,100,4473.0
320.0,334,44,108,478,812,0,1120.0,3.3532934131736525,5.218515309712178,13,398.0,0.1809232737518873,4,168.0,0.3342479975713911,29,1038.0,0.02549305964714634,0,4.0,0.9011444055844485,14,1416.0,0.10290228750408308,0,0.0,0.9107897647154414,3,17.0,0.7063768019249199,0,4.0,0.34202788102168247,0,4.0,0.716472131790129,2,4.0,0.4891961168280261,14,815.0,0.17592766367428359,5,19.0,0.5071625998679848,0,8.0,0.9028032486427587,6,53.0,0.4583332801359044,13,429.0,0.14984192728844797,5,34.0,0.5916609914844214,108,4411.0
325.0,342,49,84,481,823,0,934.0,2.7309941520467835,5.23822530234612,12,287.0,0.18648115839555443,2,152.0,0.5118883894716731,23,997.0,0.0653193089255605,0,2.0,0.8208727856774889,11,1256.0,0.11834243485995653,0,4.0,0.8242182816101755,3,32.0,0.741181414022476,0,2.0,0.3931422139237352,3,15.0,0.7054234035208776,2,8.0,0.47199348396410357,12,884.0,0.10862401644235811,1,25.0,0.15617698920340264,0,4.0,0.8296845050963936,6,87.0,0.3991265788567858,4,419.0,0.2820311608695765,5,63.0,0.49229546992116263,84,4237.0
330.0,340,46,80,494,834,0,561.0,1.65,5.121418379969515,12,329.0,0.1679641968186053,7,175.0,0.32494174948130466,13,790.0,0.2864763598440528,0,4.0,0.830698102925885,10,940.0,0.24050802884566524,0,2.0,0.8608069734027305,3,47.0,0.3592328081585982,0,0.0,0.8322669592575295,1,9.0,0.4385687601711898,2,16.0,0.6246719479362638,9,822.0,0.12983955118331003,7,36.0,0.3905145709804837,2,11.0,0.20578553589022547,4,78.0,0.33317698070184193,8,427.0,0.27255120218300993,2,55.0,0.421424790608578,80,3741.0
335.0,348,48,86,500,848,0,495.0,1.4224137931034482,5.6668280256901005,14,383.0,0.1907497091099434,8,168.0,0.21815016109531046,9,845.0,0.25535256482655283,0,4.0,0.872113130094821,9,903.0,0.30791704342769943,1,5.0,0.7434917147187076,9,76.0,0.17595508597742882,1,3.0,0.8060962986448064,5,22.0,0.4143148659089414,2,26.0,0.67343683949503,8,646.0,0.27344924666078213,7,71.0,0.5817451094209334,0,8.0,0.601989959342464,0,28.0,0.5691740520497327,13,481.0,0.1537135819836959,0,3.0,0.6081456533060966,86,3672.0
340.0,354,49,74,509,863,0,373.0,1.0536723163841808,5.380063995810364,11,352.0,0.18940878361297675,4,118.0,0.340976409778546,9,889.0,0.08346151896094739,1,2.0,0.6648201109540907,9,942.0,0.2763174159373177,3,13.0,0.4692798078715284,3,63.0,0.5194001487014146,1,12.0,0.6914225951158248,1,23.0,0.6005014686227106,1,5.0,0.5797461935744146,5,431.0,0.3331083184372618,1,65.0,0.507998876006888,0,8.0,0.796039927117776,4,33.0,0.48076168100692224,20,566.0,0.056931314404190934,1,4.0,0.14848751299825436,74,3526.0
345.0,350,46,91,524,874,0,517.0,1.477142857142857,5.2687401094661,10,281.0,0.18118454912904683,2,86.0,0.48809259748853645,15,955.0,0.12506902964122055,1,7.0,0.7854056839700421,13,998.0,0.21493389476498959,2,9.0,0.19129394425768484,0,20.0,0.7123180860671481,1,17.0,0.7473866917958455,3,15.0,0.6851707887938182,3,15.0,0.6362851509144977,4,416.0,0.2658112424771407,6,40.0,0.2990841000578704,0,4.0,0.7717053685681464,7,64.0,0.2764559625223956,21,579.0,0.06403119824862034,3,22.0,0.16406373680040584,91,3528.0
350.0,353,49,103,534,887,0,712.0,2.0169971671388103,5.034583219468209,6,269.0,0.1968244311478858,6,99.0,0.44066270840306315,21,1048.0,0.1847397444437904,0,0.0,0.7817740619000242,19,1079.0,0.05947580288900506,3,18.0,0.5864522108296627,4,31.0,0.38126291287805114,1,24.0,0.7291583503702163,1,12.0,0.45309546434477926,0,11.0,0.7158225576809748,7,442.0,0.21449246609380374,2,37.0,0.37371101230472786,0,6.0,0.8421339666278373,10,105.0,0.03859294235805458,19,502.0,0.20543014924038633,4,36.0,0.5096525552013228,103,3719.0
355.0,351,49,133,552,903,0,1021.0,2.908831908831909,4.500714547481132,10,296.0,0.21179597064780978,5,87.0,0.26052261944883454,28,1179.0,0.1285520011126946,0,0.0,0.8120343681981813,20,1011.0,0.04081642804911492,3,35.0,0.6003002616608967,7,57.0,0.0013250308193538292,3,31.0,0.47149991498321825,6,30.0,0.3926086149723501,3,8.0,0.5012094452917356,11,495.0,0.2808112940868364,9,44.0,0.32988204837156904,1,9.0,0.49123936638909715,12,165.0,0.27448957069905233,15,554.0,0.19468696151422252,0,24.0,0.7954009586270233,133,4025.0
360.0,350,48,144,562,912,0,1368.0,3.9085714285714284,4.288130029145881,11,295.0,0.1951927762798236,3,51.0,0.3303806203622175,33,1340.0,0.0414947382425082,0,0.0,0.028033701909638744,17,787.0,0.14744793709367987,3,49.0,0.6221949571020341,7,92.0,0.3723645371111404,7,57.0,0.46737773891451645,2,37.0,0.574835402687731,7,37.0,0.2921106213827041,18,574.0,0.20883110991735074,13,99.0,0.2024745214203108,1,11.0,0.5704121144569346,12,229.0,0.36751801411898205,10,615.0,0.16699665735767122,0,6.0,0.7053142204667768,144,4279.0
365.0,357,48,155,571,928,0,1814.0,5.081232492997199,4.147408412513228,10,262.0,0.1859864652979376,1,38.0,0.5194258069542558,37,1518.0,2.5338592079009647e-05,2,10.0,0.6135803406685657,16,867.0,0.20331994991771807,3,64.0,0.6168605758768565,7,127.0,0.4352189024710632,7,90.0,0.204971838022034,3,21.0,0.7200643701694514,7,72.0,0.5230802378654985,25,679.0,0.065120419830227,8,126.0,0.09981656376051834,0,7.0,0.29118489449831947,12,285.0,0.42806810060461736,12,669.0,0.19463293382706384,5,14.0,0.48939018768682213,155,4849.0
370.0,365,51,157,576,941,0,2172.0,5.950684931506849,3.968721489588371,8,288.0,0.1944710879746113,8,60.0,0.4770843318189604,37,1706.0,0.027466345280843976,0,0.0,0.891638892131452,14,941.0,0.16975141006200792,0,26.0,0.5536495630148756,7,166.0,0.3365207249101311,2,68.0,0.18720266799958438,1,11.0,0.4299639219630264,7,107.0,0.4781531872138431,32,828.0,0.02587707169589532,2,83.0,0.522281474595842,2,16.0,0.49604293620883066,12,345.0,0.3075132485099283,20,756.0,0.181572835046245,5,39.0,0.3004955033210855,157,5440.0
375.0,366,52,171,582,948,0,2267.0,6.193989071038251,3.9413371700146396,11,321.0,0.18292348570072042,7,66.0,0.2627292125626322,31,1656.0,0.14191883532564475,0,2.0,0.8333264709583652,15,1006.0,0.1496118150011403,0,0.0,0.7232272954395484,2,127.0,0.422629717715782,2,31.0,0.5749047619013719,7,28.0,0.31639716909111615,11,150.0,0.23408369454524033,36,1002.0,0.12283375958911355,1,60.0,0.5108807906846202,1,13.0,0.7888808946181028,13,328.0,0.16004723822484232,27,875.0,0.098259777613698,7,73.0,0.06486950850977363,171,5738.0
380.0,374,54,159,588,962,0,2122.0,5.67379679144385,4.373384266593719,14,333.0,0.1726931400166188,3,47.0,0.4009396949525902,21,1435.0,0.23876453313029397,0,4.0,0.8799057171540375,16,921.0,0.1875735582607038,0,4.0,0.32761247357033113,3,41.0,0.6145112620507129,1,25.0,0.8287201818805231,3,44.0,0.5167615439539812,14,221.0,0.1993479388309514,30,1032.0,0.15174387393537722,5,79.0,0.36664176580003416,3,21.0,0.5007551283092874,5,223.0,0.29698630525954167,32,1025.0,0.0019667105411535915,9,118.0,0.32377241547632024,159,5573.0
385.0,377,60,144,595,972,0,2020.0,5.358090185676392,4.961528658277829,13,288.0,0.18279718844608805,4,41.0,0.5595620528641985,14,1358.0,0.24861497467711033,1,7.0,0.7548451253333386,13,673.0,0.2024427938718793,1,11.0,0.7114238576756282,1,13.0,0.3819226134047152,1,26.0,0.8391570306460635,3,24.0,0.704927292135408,14,291.0,0.38909907927797066,24,798.0,0.07116411013820957,5,104.0,0.44724240439838925,7,44.0,0.16326004194817012,1,187.0,0.3888758719577676,36,1200.0,0.00011645964920183917,6,140.0,0.4656827056568628,144,5205.0
390.0,380,58,136,602,982,0,1750.0,4.605263157894737,4.46118077384398,10,306.0,0.16991860443136325,3,35.0,0.543454877007046,10,1415.0,0.2527529985423621,1,10.0,0.7961969717823858,11,724.0,0.11189268267644266,0,8.0,0.8515236634860399,8,32.0,0.41884594308305684,3,35.0,0.3909227427751768,2,21.0,0.4677489589706297,16,363.0,0.2096711589263437,14,886.0,0.1412446597220984,5,133.0,0.4915399399259641,9,93.0,0.08661970727523512,7,203.0,0.3049039547254157,31,1237.0,0.039033987656554234,6,161.0,0.38287649428871884,136,5662.0
395.0,380,64,148,612,992,0,1748.0,4.6,4.567951893956916,11,323.0,0.19922069330988554,4,22.0,0.46057617527467987,13,1476.0,0.19132624058627695,0,4.0,0.6004561771683202,12,791.0,0.10569614356133156,0,4.0,0.87081912135594,8,72.0,0.5727298874505448,3,22.0,0.10760473020926888,8,40.0,0.25290496872035095,21,456.0,0.15107768278538775,12,945.0,0.24890363003592894,8,163.0,0.3323223677276152,9,138.0,0.3314085461239695,11,248.0,0.20670221315435108,22,1120.0,0.20289381135251414,6,193.0,0.47519368568822756,148,6017.0
400.0,374,72,145,626,1000,0,1695.0,4.532085561497326,4.701128848019227,13,376.0,0.1889190153776393,8,53.0,0.34474361998193637,20,1567.0,0.05023308019584643,4,16.0,0.5425246541426079,14,854.0,0.09394488653123105,0,0.0,0.6587568482233798,4,72.0,0.43653209533734993,2,20.0,0.5922750825161393,12,90.0,0.2288843917132692,21,561.0,0.1883087696938768,7,867.0,0.34553390146033464,7,147.0,0.4272546412340332,9,187.0,0.42466978694669516,11,303.0,0.1388902088280655,13,881.0,0.29419935020944893,0,138.0,0.6405214578258392,145,6132.0
405.0,381,65,141,634,1015,0,1670.0,4.383202099737533,4.469024664659361,14,383.0,0.16620740801477002,4,63.0,0.32853213059255737,27,1689.0,0.12426415709674236,4,36.0,0.5156986293477599,21,946.0,0.09391904975765697,2,10.0,0.5429269259909927,5,47.0,0.2732392964570433,1,10.0,0.8372749011328355,13,157.0,0.2341695328301206,15,553.0,0.189718890577231,6,689.0,0.2643351607685614,2,58.0,0.49782194136099805,9,228.0,0.48422587568018505,11,358.0,0.20866662083718673,7,920.0,0.2408293758107056,0,4.0,0.46712000047582697,141,6151.0
410.0,385,68,143,643,1028,0,1696.0,4.405194805194805,3.969615376538394,12,324.0,0.17563824259329613,4,38.0,0.5931988125416737,34,1843.0,0.16228489423497464,2,25.0,0.3242454085866738,28,1071.0,0.14208583077983195,2,20.0,0.0,4,47.0,0.0845047524466117,1,13.0,0.854367785118636,13,224.0,0.37813819216557065,7,412.0,0.2824422807496817,4,656.0,0.1261132752487761,4,59.0,0.2730119875240067,9,273.0,0.3851431522705468,11,413.0,0.1470584476272054,6,952.0,0.2133757066939233,2,8.0,0.2031083133026331,143,6378.0
415.0,391,69,162,652,1043,0,1854.0,4.741687979539642,3.891051597507509,11,350.0,0.1994665342429052,1,25.0,0.6514648440857824,36,2021.0,0.10699006472560524,5,20.0,0.16437741654967453,33,1224.0,0.0902941187902565,0,0.0,1.0,7,54.0,0.3258172233322704,2,19.0,0.1895652859009174,14,288.0,0.31585476248769406,1,370.0,0.38055805558221767,8,680.0,0.1579556765270492,9,92.0,0.15849717804025837,7,238.0,0.24506434807778207,6,347.0,0.12185773166960706,14,1006.0,0.24888212182073507,8,37.0,0.32682488546351146,162,6771.0
420.0,389,69,172,662,1051,0,2131.0,5.4781491002570695,4.329223400104106,13,409.0,0.19173181834998382,4,26.0,0.42177918382287377,36,2201.0,0.023054497089693784,0,18.0,0.2455931260044695,36,1403.0,4.174159484029351e-05,0,0.0,1.0,7,77.0,0.5065963820003768,2,19.0,0.13431752029126318,11,289.0,0.20200987826588018,6,395.0,0.23740827333062797,15,737.0,0.20625326790385964,14,151.0,0.2523736439601295,2,129.0,0.3149866255680054,2,174.0,0.6515676641705834,13,947.0,0.2977719693238372,11,94.0,0.43386263144348897,172,7069.0
425.0,391,68,143,677,1068,0,1862.0,4.7621483375959075,4.471773792926711,9,399.0,0.20156244568788184,3,30.0,0.3716021268932153,30,2148.0,0.04364118212232425,0,8.0,0.46275733747722336,30,1408.0,0.01936119087982659,0,4.0,0.7235508369358632,1,63.0,0.44076302197873096,0,7.0,0.6775462004440185,6,204.0,0.3092610621395943,13,427.0,0.38039911347198546,14,704.0,0.20381161503510242,8,169.0,0.390749087145276,3,129.0,0.16826693380343405,4,169.0,0.5867667037691878,11,776.0,0.23468900411285612,11,145.0,0.43562788527019686,143,6790.0
430.0,388,69,121,695,1083,0,1426.0,3.6752577319587627,4.798282889394995,8,325.0,0.22772007755875803,2,16.0,0.6940566126141426,20,1839.0,0.2207466745638991,0,8.0,0.878227104029196,22,1240.0,0.09884121143383028,0,4.0,0.9020934479438093,4,29.0,0.34239533344335044,2,12.0,0.6997600660984652,0,176.0,0.5153008969885795,9,387.0,0.3152373376118531,14,588.0,0.10764832483903918,1,108.0,0.46778288345051533,8,164.0,0.33832788745295894,8,198.0,0.30377820846559583,12,726.0,0.13757634887467757,11,200.0,0.3212589980235185,121,6020.0
435.0,387,70,122,703,1090,0,1217.0,3.144702842377261,4.806497247561835,7,352.0,0.18380941857742739,1,6.0,0.738225054032446,13,1815.0,0.2486757993077487,0,6.0,0.9012411047405327,13,933.0,0.30436464302201777,0,4.0,0.8456948395112764,5,43.0,0.0599138496169138,2,20.0,0.7099673470315552,6,186.0,0.33455328992084477,7,252.0,0.2512144142754342,13,605.0,0.1133393699599558,7,63.0,0.37604772361633265,9,209.0,0.5077022164545216,11,250.0,0.1489299736316509,12,779.0,0.15289171250911743,16,270.0,0.007484983461911179,122,5793.0
440.0,392,76,123,708,1100,0,1088.0,2.7755102040816326,4.543030824241548,13,397.0,0.1805309422153113,3,13.0,0.4677305886688678,10,1864.0,0.16034573395959456,1,3.0,0.5534149417841447,6,906.0,0.42365205351940993,2,8.0,0.607404039772307,3,42.0,0.5424628247736201,4,33.0,0.20344833664752918,12,233.0,0.1815889620605625,2,219.0,0.34328239402806693,13,666.0,0.2221528042113344,4,69.0,0.3923884993004694,13,262.0,0.3725047233008767,5,204.0,0.11537767341174747,13,836.0,0.23335337355033442,19,368.0,0.047688697011432,123,6123.0
445.0,395,80,149,717,1112,0,1300.0,3.2911392405063293,4.339826936069203,11,385.0,0.20523710464000852,7,45.0,0.3623643120831774,13,1921.0,0.1674398436546466,6,24.0,0.19017156891581505,7,930.0,0.36495394165647604,1,9.0,0.13944080545757945,3,56.0,0.5876294674115535,2,21.0,0.5459088769540551,18,314.0,0.1615467978910059,7,242.0,0.24680242129045668,15,729.0,0.23109791073243435,8,72.0,0.3884472898870729,19,340.0,0.2158158485655313,1,65.0,0.6083437490693611,12,779.0,0.21295814847640712,19,467.0,0.2222443811281268,149,6399.0
450.0,404,70,164,726,1130,0,1787.0,4.423267326732673,4.271467312953698,9,321.0,0.1898118658467986,7,80.0,0.5222076054472968,21,2013.0,0.1970667166661377,3,38.0,0.15435394805259106,13,986.0,0.20714778826486466,5,20.0,0.20744530900007238,3,71.0,0.6583290119730024,0,4.0,0.7449426462940416,20,414.0,0.12328666764750557,9,209.0,0.24236647054618926,15,694.0,0.10703672983664742,9,106.0,0.32830522717450134,21,444.0,0.1807502742507769,2,42.0,0.5904426403994124,8,603.0,0.16503862748565198,19,562.0,0.40513669972839944,164,6607.0
455.0,405,71,166,740,1145,0,2084.0,5.145679012345679,4.1501608417428715,8,328.0,0.21478262415130914,7,115.0,0.4614673751748743,27,2106.0,0.16058055663651422,2,23.0,0.623426397566139,20,1078.0,0.08699057447737946,2,22.0,0.3129783595925058,1,27.0,0.5773691846218699,2,11.0,0.35478061300635005,20,514.0,0.158125562130527,3,96.0,0.38476197741264073,13,479.0,0.09827572534295856,9,151.0,0.5011159769506804,15,415.0,0.14602367920345916,4,60.0,0.26320503424427294,12,597.0,0.1202474041900519,21,655.0,0.31637050972888464,166,6677.0
460.0,409,72,177,751,1160,0,2527.0,6.178484107579462,4.370964309293723,9,363.0,0.20953835245460128,11,159.0,0.2373760587085973,29,2251.0,0.030829243740114788,1,11.0,0.7567536222569611,26,1195.0,0.1386436412173108,5,26.0,0.5064805539265937,3,16.0,0.6697671511637906,2,27.0,0.5696294340294413,20,614.0,0.19405986654572005,3,82.0,0.3655455554472405,10,526.0,0.24437874596429163,9,196.0,0.4209624636606935,8,281.0,0.21851401599505466,0,32.0,0.6017728481957338,16,668.0,0.14364356580195475,25,774.0,0.22112416314489353,177,7221.0
465.0,398,74,183,768,1166,0,2844.0,7.1457286432160805,4.242748844038475,13,421.0,0.16447041815928964,14,224.0,0.1752721981400695,29,2400.0,0.02637455346982789,1,14.0,0.5643833999258135,27,1187.0,0.17175838079586112,6,60.0,0.5643409609284441,3,13.0,0.5281537552911052,0,8.0,0.8729040899511524,16,594.0,0.15850403212716754,8,108.0,0.3380557036426503,13,579.0,0.3100940159914567,13,251.0,0.17452723267021075,3,284.0,0.22561614371286712,1,12.0,0.8382770148535332,10,603.0,0.21354874546270325,26,907.0,0.19041422333345004,183,7665.0
470.0,399,75,167,782,1181,0,2819.0,7.065162907268171,4.162932081580211,13,414.0,0.16625878841441574,14,296.0,0.2188832436728693,23,2268.0,0.16450329237843628,1,6.0,0.24109504176876198,23,1034.0,0.10176015304451684,6,90.0,0.5869592652618404,4,25.0,0.44508335780591196,0,4.0,0.8340001389490193,8,447.0,0.2685762877976671,8,148.0,0.4877259255583854,8,523.0,0.2039515262215473,17,333.0,0.16240181579943658,8,307.0,0.042649751653253035,1,9.0,0.5851136415605075,7,427.0,0.22934074372760438,26,1037.0,0.1738271181073366,167,7368.0
475.0,407,75,152,790,1197,0,2740.0,6.732186732186732,4.315733346358128,12,351.0,0.1964164745636787,14,368.0,0.3720384749401251,13,1871.0,0.2586721389390509,1,13.0,0.7941186334197377,16,989.0,0.13135441970112707,6,120.0,0.5679313642127258,4,45.0,0.19054978558896085,3,10.0,0.22161026394594333,3,409.0,0.31678251408719627,2,129.0,0.5238421870582868,9,383.0,0.16923818589516978,17,420.0,0.29976239448403563,8,283.0,0.10833809876923609,7,34.0,0.3666593222943221,7,398.0,0.12328189099453624,30,1177.0,0.1000864714299172,152,7000.0
480.0,405,74,130,801,1206,0,2529.0,6.2444444444444445,4.2570235888714905,10,373.0,0.1748820641621267,10,344.0,0.28181826879351235,6,1792.0,0.185269844469776,0,6.0,0.8937637519555663,12,1054.0,0.23836373038076403,8,154.0,0.3205046818861915,0,26.0,0.45879801694945854,7,42.0,0.13764316507073082,8,425.0,0.27372967215058713,1,41.0,0.39716321723460113,5,331.0,0.15981700904381682,18,507.0,0.184501501880089,0,159.0,0.5623665162535828,2,42.0,0.4862156772522083,10,440.0,0.13063920672851112,33,1339.0,0.07702260979392625,130,7075.0
485.0,401,80,148,815,1216,0,2247.0,5.603491271820449,4.442061204194505,14,438.0,0.18457325233487926,6,224.0,0.28056258996983324,7,1821.0,0.1453424524385153,2,8.0,0.37903577429972335,12,1115.0,0.20275600567851845,12,203.0,0.2029254782411829,0,0.0,0.9390903446120057,1,42.0,0.579235756630638,13,481.0,0.37410575544525443,2,29.0,0.3977643924459421,7,329.0,0.2648070787352352,24,614.0,0.036697460408736615,3,166.0,0.5654795800148377,3,29.0,0.5435396733252039,15,500.0,0.22661569401035286,27,1344.0,0.10913917910147329,148,7343.0
490.0,401,80,155,831,1232,0,2069.0,5.159600997506234,4.274892667707476,9,415.0,0.21130056842265654,2,204.0,0.34266699917478993,14,1880.0,0.2420986968629735,2,14.0,0.14632736235743504,14,1030.0,0.09909556015087258,14,274.0,0.09187851013575381,0,0.0,0.918395284991704,0,12.0,0.8425527727529918,14,547.0,0.2986624771370648,7,51.0,0.3259512647151182,12,364.0,0.24923423183695073,25,743.0,0.03497025337930481,7,188.0,0.42834978654671124,1,16.0,0.5419090746326377,15,463.0,0.25113561484523766,19,1171.0,0.1762685760485404,155,7372.0
495.0,400,74,158,846,1246,0,1910.0,4.775,3.7045715180442405,8,329.0,0.20468838017732627,7,226.0,0.3877338217980051,20,1968.0,0.2100560552581735,2,16.0,0.5873590913406607,12,820.0,0.08741285329682569,9,262.0,0.31035074513761385,0,2.0,0.4583889666369881,2,4.0,0.3507829146805618,19,631.0,0.15756883216794879,2,39.0,0.3907588112361788,13,361.0,0.09663211144410405,25,870.0,0.1767608873436788,7,223.0,0.280663458239572,5,23.0,0.3699593463622836,15,483.0,0.13411522263659176,12,1233.0,0.13133168872514053,158,7490.0
500.0,405,74,169,857,1262,0,2016.0,4.977777777777778,3.6192313808321015,7,351.0,0.20224134551126943,13,278.0,0.23200791743167692,27,2088.0,0.20619393107056094,1,10.0,0.8007733782871964,13,869.0,0.10266575778196033,1,132.0,0.43996164051336173,0,4.0,0.8151914120724975,4,23.0,0.13265681773797866,20,728.0,0.15980705813083224,3,18.0,0.48778917859357107,14,318.0,0.10475203717187276,25,995.0,0.2672892926874733,1,170.0,0.43891742632590125,7,61.0,0.15114850128192261,20,566.0,0.06557986033600698,13,1300.0,0.09286652793895085,169,7911.0
505.0,403,78,163,871,1274,0,2244.0,5.568238213399503,3.7678329543754683,12,392.0,0.18576520256778803,12,258.0,0.21995844233552383,28,2228.0,0.08131892722429707,1,5.0,0.7513332986764598,14,938.0,0.20703771485443245,4,137.0,0.3542036209071267,0,4.0,0.9085620730962746,0,18.0,0.6687510775248107,14,691.0,0.21104263829533518,2,26.0,0.4916986412873692,10,361.0,0.2143509243706061,28,1125.0,0.1282177399376465,2,38.0,0.5773391125950454,7,98.0,0.4168918766733665,19,660.0,0.09801422219219134,10,1193.0,0.18742296432949418,163,8172.0
510.0,398,82,151,880,1278,0,2423.0,6.0879396984924625,4.1509685914878895,11,381.0,0.18680672846680155,5,118.0,0.29226550239823273,28,2370.0,0.06886484006959631,1,10.0,0.6319361359103963,16,1007.0,0.2776290254340131,10,172.0,0.013492221484718302,0,4.0,0.5929938693138292,0,4.0,0.8538115905050027,6,444.0,0.4035347733848678,2,32.0,0.7539493331759072,12,399.0,0.22241482738833404,31,1278.0,0.05727733364264186,0,0.0,0.4342371420876323,1,86.0,0.5819937422398141,22,757.0,0.13880776473272927,6,928.0,0.28650760119134316,151,7990.0
515.0,409,82,163,885,1294,0,2774.0,6.78239608801956,3.821448363342477,8,312.0,0.20091627460685185,1,121.0,0.5015984866530491,33,2529.0,0.11229398207815365,2,2.0,0.016051981791746245,17,943.0,0.14488509016124707,14,241.0,0.11635079013795448,6,21.0,0.42053859719823805,0,0.0,0.8400481752684273,2,449.0,0.30632877282395654,1,6.0,0.7622511737731817,9,374.0,0.1331936727691632,31,1439.0,0.039864905322405234,0,2.0,0.32176129855276553,0,24.0,0.6022524859446923,29,886.0,0.14149361110649225,10,970.0,0.29706694224442814,163,8319.0
520.0,414,84,180,894,1308,0,2855.0,6.896135265700483,3.7024665266852574,7,315.0,0.2163083260044039,7,140.0,0.33177544929778763,34,2699.0,0.12089274790071641,3,15.0,0.38250359776399623,19,760.0,0.14340095437040326,8,231.0,0.45784478599065964,6,55.0,0.25173626488226775,0,0.0,0.6153691083104517,8,478.0,0.25774549284508697,3,12.0,0.6172397721726763,12,331.0,0.10036875851982943,25,1404.0,0.14953446948891605,0,7.0,0.7396885265995626,3,7.0,0.2716304527518055,35,1045.0,0.048420820411227396,10,1012.0,0.16778408086392915,180,8511.0
525.0,415,83,171,902,1317,0,2272.0,5.474698795180723,3.6503201134835,8,346.0,0.19677545913926306,14,192.0,0.15387640371645192,28,2555.0,0.05601735029970586,0,10.0,0.7155658876789439,18,710.0,0.18374013932642902,1,132.0,0.5059776186986024,1,48.0,0.532540221015002,2,9.0,0.16032598923055386,15,540.0,0.1652918148640423,1,10.0,0.4133370536315799,9,369.0,0.20376979170396087,20,1200.0,0.24162968037962917,0,5.0,0.8814151613039543,6,35.0,0.1175894374440751,32,1078.0,0.03934082349594154,16,1081.0,0.06905067538244085,171,8320.0
530.0,409,89,157,918,1327,0,1812.0,4.430317848410758,4.2769169397714855,8,320.0,0.23323530035418932,18,275.0,0.16498349095048323,22,1861.0,0.1072487059151206,0,4.0,0.8287414347344225,11,743.0,0.15629350689073343,3,111.0,0.31946910143270907,1,9.0,0.6738272935845859,0,14.0,0.743302360752299,21,632.0,0.15498208173766218,3,16.0,0.5153975892659799,13,400.0,0.2149873522859045,11,863.0,0.25296791607087044,0,5.0,0.8330001918963051,0,33.0,0.5937852914979662,23,943.0,0.17691038041702156,23,1186.0,0.14739087187629532,157,7415.0
535.0,414,93,138,925,1339,0,1522.0,3.676328502415459,4.678552060210683,5,242.0,0.21980607570672148,19,374.0,0.2819872297529734,8,1917.0,0.2912185436716254,0,4.0,0.8765082417076119,13,788.0,0.15499092934207204,9,142.0,0.1472523936020373,0,8.0,0.48956184110818185,0,8.0,0.9169795487602653,15,582.0,0.18010708458368682,3,35.0,0.5716089016571414,17,475.0,0.13943502792124032,5,896.0,0.29359532666086896,3,9.0,0.6156554306386568,0,4.0,0.917112577059479,15,1025.0,0.2969655763705432,26,1309.0,0.02353554688689316,138,7818.0
540.0,421,89,155,930,1351,0,1474.0,3.501187648456057,4.055623216280363,4,258.0,0.21047369358005263,14,385.0,0.17377523255322827,8,1950.0,0.26932678272855004,2,7.0,0.38439896065774,15,724.0,0.16571510636141604,15,209.0,0.10783697685330344,5,18.0,0.41121013434279696,0,4.0,0.5355218866758148,7,362.0,0.30864940028663457,3,50.0,0.685427557022224,23,585.0,0.05396350556519798,8,919.0,0.28305182825311737,6,33.0,0.2031021106502807,0,0.0,0.8511520990256205,14,1094.0,0.26792543967456944,31,1457.0,0.11926615128971993,155,8055.0
545.0,418,93,170,945,1363,0,1572.0,3.7607655502392343,3.9551458891693665,11,292.0,0.17426077213023167,11,268.0,0.20367748293825683,9,1718.0,0.22948962828947717,2,15.0,0.5415376507095077,12,595.0,0.2846946394015967,15,284.0,0.24376417081157456,7,53.0,0.4313219825643229,1,9.0,0.1820087109769881,3,331.0,0.45677985275917476,3,65.0,0.6794760951900443,30,725.0,0.13114897815072324,14,974.0,0.09564291480915968,11,85.0,0.056168527138728,0,0.0,0.941619195315615,16,1166.0,0.19476703511807492,25,1410.0,0.23478743788081494,170,7990.0
550.0,417,95,167,960,1377,0,1753.0,4.203836930455635,3.424415130075615,7,274.0,0.20520314130520226,3,291.0,0.3337905852883065,8,1221.0,0.23208386458565985,0,7.0,0.7938548368365711,10,547.0,0.22586097522093965,15,359.0,0.11750985838259408,2,55.0,0.1707065849102639,6,22.0,0.0003659003535335975,9,362.0,0.310333760173641,5,85.0,0.36557023113104803,36,898.0,0.14428757225510527,21,1070.0,0.035333671880192576,12,145.0,0.2797802617272889,0,0.0,0.6384111609492564,17,1123.0,0.07521881285648174,16,1144.0,0.24505366944541085,167,7603.0
555.0,426,93,178,961,1387,0,1840.0,4.31924882629108,3.1988332670936908,8,211.0,0.21750387112614156,6,311.0,0.36128418490638575,6,1249.0,0.10181515960087063,1,8.0,0.5427191645801219,12,604.0,0.15482779067799785,21,456.0,0.037986461557703,6,41.0,0.09957443085067584,0,29.0,0.5466030665547756,15,423.0,0.13248542955506523,10,128.0,0.2779495021537321,31,950.0,0.0954340099689352,24,1191.0,0.19312634143093133,6,149.0,0.40846281411888724,3,11.0,0.4299993529679369,16,975.0,0.08567592467496503,13,1112.0,0.1561201414041167,178,7848.0
560.0,429,98,174,969,1398,0,1793.0,4.17948717948718,3.6896034730339173,8,214.0,0.21335218259035876,13,365.0,0.19854727857250823,10,1272.0,0.11007136296388317,2,14.0,0.21950475967218638,14,664.0,0.11695758738021397,23,570.0,0.17685369801657294,2,47.0,0.4798981910068525,0,4.0,0.8495957783922997,16,401.0,0.1737345309877755,10,180.0,0.27478845341795555,28,889.0,0.08437861467718617,18,1133.0,0.3566963125901045,2,96.0,0.45800293471473186,4,30.0,0.5417279755602801,13,1031.0,0.09429153947170787,11,1167.0,0.13382147038191022,174,8077.0
565.0,432,100,162,980,1412,0,1829.0,4.233796296296297,3.886976502177915,11,262.0,0.20252927390946787,19,447.0,0.14240433445712802,15,1339.0,0.06536106651552061,1,14.0,0.2205549531091052,14,633.0,0.1752374532210935,23,689.0,0.29917039653117433,1,14.0,0.7592925664134178,0,0.0,0.8249242003537032,8,277.0,0.2612714798006978,10,232.0,0.4376280888127164,18,943.0,0.21045745389623452,12,892.0,0.20228928269221996,3,87.0,0.43062868220257683,0,28.0,0.6587341391754511,13,1087.0,0.09685610481979293,14,1226.0,0.09802630914651317,162,8170.0
570.0,429,102,171,989,1418,0,1874.0,4.368298368298368,3.750573946350253,14,327.0,0.1916281041284359,24,558.0,0.13866343652878887,22,1436.0,0.16272511232234488,0,5.0,0.7674051421608803,11,488.0,0.20862190721526205,23,801.0,0.29247534855162605,2,13.0,0.22941779131151996,2,6.0,0.2613305945454027,3,285.0,0.279371223073834,5,186.0,0.42506370209350824,12,994.0,0.2467572531376415,10,808.0,0.18929491602740794,5,101.0,0.49928791977540077,3,8.0,0.4400574938372568,15,1156.0,0.19464015368811316,20,1314.0,0.02284944859195469,171,8486.0
575.0,439,100,202,997,1436,0,2245.0,5.113895216400911,3.414706416667905,22,423.0,0.1367949510303681,18,565.0,0.15508294827856645,21,1273.0,0.19102592355915998,1,9.0,0.7763358094013441,12,495.0,0.09857433150656714,26,924.0,0.09013169832846374,7,38.0,0.0026707189709161616,1,10.0,0.2129414174379851,8,317.0,0.21475137454444168,2,71.0,0.39491248627413755,15,1051.0,0.18116177476388348,8,837.0,0.23878380580108002,5,83.0,0.35296307701552626,6,35.0,0.09490110702159643,22,1251.0,0.2304749871502209,28,1439.0,0.13319662607064855,202,8821.0
580.0,445,104,204,1003,1448,0,2676.0,6.013483146067416,3.869328897508647,29,553.0,0.10374126592077029,10,452.0,0.2514134970833592,13,872.0,0.13000137956909769,1,9.0,0.780098720277287,13,562.0,0.14289992790513,30,1068.0,0.00016728934930004805,2,41.0,0.1131693519584196,0,3.0,0.7478231987716549,10,293.0,0.39123038920609465,1,50.0,0.3800826942436793,15,1012.0,0.1416758753210602,13,892.0,0.10713672307367102,2,24.0,0.5415017764261018,7,72.0,0.38851851930273584,28,1379.0,0.17510838369955026,30,1588.0,0.23229554940826266,204,8870.0
585.0,436,104,181,1020,1456,0,2802.0,6.426605504587156,4.047630570971051,30,613.0,0.111584379095827,3,308.0,0.37535036281443074,3,816.0,0.15344857233616857,1,14.0,0.8021360596746074,8,517.0,0.27056691608284467,30,1222.0,0.1341361546026922,0,15.0,0.45460443389472294,2,9.0,0.6978681514495171,2,188.0,0.43420069092913993,6,66.0,0.46997984951247784,11,867.0,0.13631503067900264,16,813.0,0.17688965285900368,3,18.0,0.21157284099764728,1,66.0,0.5919613412568009,35,1542.0,0.08902998298292893,30,1734.0,0.15245188745888788,181,8808.0
590.0,432,107,165,1037,1469,0,2949.0,6.826388888888889,3.962756111210382,24,589.0,0.14751076324222992,1,267.0,0.5052384753838195,7,837.0,0.3050575896562534,3,21.0,0.1700129246726199,4,395.0,0.33734915015029215,31,1373.0,0.1768756507126338,0,4.0,0.8240886495155397,2,19.0,0.5786087402818954,3,157.0,0.28071873816413623,2,43.0,0.5072426943065977,11,873.0,0.13091865662233165,10,589.0,0.15685021922464226,6,43.0,0.4307477079979926,0,18.0,0.613665893001986,36,1724.0,0.023425378570029676,25,1662.0,0.05058314171412444,165,8614.0
595.0,436,111,164,1045,1481,0,2895.0,6.639908256880734,3.9975782902474237,13,606.0,0.20300016126531364,8,281.0,0.37149141753563164,14,895.0,0.36767679928483427,2,17.0,0.30112044453175574,5,414.0,0.248567230815734,36,1541.0,0.04924073491254332,0,4.0,0.9596088763096654,1,4.0,0.26893608162781873,7,186.0,0.26278905283913345,1,19.0,0.461067142616762,12,935.0,0.12610220471533976,9,564.0,0.3070096968341717,6,75.0,0.5797078322842627,1,3.0,0.2857862970360656,30,1718.0,0.12322543474525324,19,1369.0,0.11593746333680766,164,8631.0
600.0,435,113,154,1052,1487,0,2318.0,5.328735632183908,3.9999636135527834,10,659.0,0.2131101958733799,14,335.0,0.172074299431618,20,986.0,0.1993966501041225,0,1.0,0.8337615607043756,11,457.0,0.1317315568391465,31,1533.0,0.014729762371907863,0,4.0,0.7147247624480041,0,1.0,0.3447432936219914,11,170.0,0.1671156557370832,1,16.0,0.337444700495048,9,874.0,0.24861713740502325,7,601.0,0.3588325526703061,2,64.0,0.4047080460464131,6,29.0,0.20102926503934127,22,1516.0,0.17695689079461463,10,1330.0,0.18771825753693067,154,8576.0
605.0,434,118,157,1064,1498,0,1757.0,4.048387096774194,4.602075688958117,8,630.0,0.22631610699882734,20,423.0,0.14779885250015576,26,1105.0,0.024475609796709524,1,4.0,0.7072300531547677,17,529.0,0.12784697238025403,21,1340.0,0.18607947489450438,0,4.0,0.7929984369787147,0,0.0,0.5444929516626729,8,121.0,0.27166216691090683,7,40.0,0.4847256696876285,5,604.0,0.30816752187686064,14,654.0,0.2929900068313258,1,17.0,0.31607362965857716,0,30.0,0.7054853745666212,16,1603.0,0.10181354066174836,13,1360.0,0.2308708132443788,157,8464.0
610.0,431,116,151,1085,1516,0,1679.0,3.8955916473317864,4.344965571649014,4,503.0,0.2602444908066454,20,523.0,0.28938677513906974,27,1242.0,0.015067401128645753,1,5.0,0.37391439953505384,22,628.0,0.14685339540463077,13,1344.0,0.24073274723328697,2,9.0,0.796886221421379,1,1.0,0.77104142851265,4,131.0,0.31345977958335236,3,45.0,0.517388486261651,2,613.0,0.201182906625772,22,746.0,0.11313385552927271,1,11.0,0.17118648130820346,0,8.0,0.8922587962832527,15,1681.0,0.12442771116827828,14,1420.0,0.27776168751278063,151,8910.0
615.0,426,116,170,1098,1524,0,1835.0,4.307511737089202,3.683808265147551,3,515.0,0.2028697406579544,22,627.0,0.14851194328656442,21,1139.0,0.1816780536920007,0,2.0,0.7346858701991605,28,759.0,0.07714333259653817,9,1398.0,0.20131085510632896,1,3.0,0.380697933729012,1,6.0,0.7647688521472882,10,161.0,0.20499217422849064,1,21.0,0.4100726206330176,8,637.0,0.13868057949085352,28,872.0,0.0846775507393619,5,26.0,0.47478441602969956,2,8.0,0.5101688410801504,10,1575.0,0.2447957084406979,21,1516.0,0.20125969838746818,170,9265.0
620.0,429,118,209,1109,1538,0,2410.0,5.617715617715618,3.721164941236465,8,547.0,0.1856292387664005,27,755.0,0.12418528078469115,11,883.0,0.28835108806653525,0,4.0,0.8487429509923741,36,924.0,0.00029646749908310917,13,1454.0,0.2522935811933188,5,20.0,0.19972337816628308,0,0.0,0.4651522402328248,15,223.0,0.2025166705130472,4,23.0,0.3104057514321021,13,691.0,0.22629787775861399,31,1024.0,0.11017481654028914,5,51.0,0.5879467291448204,7,34.0,0.0514481963133189,6,1292.0,0.2411972004823586,28,1637.0,0.1809239832875675,209,9562.0
625.0,431,120,203,1121,1552,0,2705.0,6.276102088167053,3.4232859768971733,14,608.0,0.19799239754589457,27,890.0,0.14788078177203437,4,834.0,0.24264200575036654,0,4.0,0.8837665840199738,30,966.0,0.04277557876709586,20,1541.0,0.16430466711430838,2,29.0,0.24832702897794676,1,4.0,0.21622368126086058,15,298.0,0.16285800826568675,8,55.0,0.3155408973454249,14,652.0,0.22855902373103995,31,1183.0,0.12456442855039937,0,37.0,0.38041870747103584,2,41.0,0.4534612041397414,8,1330.0,0.10917322553106702,27,1554.0,0.09575029948309047,203,10026.0
630.0,432,116,204,1132,1564,0,2956.0,6.842592592592593,3.53953029735972,14,601.0,0.1787150409383959,27,1029.0,0.11928138141274072,8,862.0,0.25511482060258356,1,7.0,0.3706776475725377,22,873.0,0.18963810718580046,27,1663.0,0.09893526932723519,3,21.0,0.6064789286131003,0,4.0,0.8803427473062514,15,373.0,0.15091483746038023,3,54.0,0.41749792245305206,11,549.0,0.163199824465815,32,1339.0,0.1006970944147291,5,20.0,0.2994796237740778,0,16.0,0.8081520564311415,12,1382.0,0.08266346650555817,24,1270.0,0.14420104851197027,204,10063.0
635.0,431,121,195,1144,1575,0,3137.0,7.278422273781903,3.3611932195057745,12,504.0,0.18477745773178078,27,1164.0,0.1791013882761412,14,924.0,0.12204230283145036,0,4.0,0.31567871569198414,16,962.0,0.22214371103227817,34,1823.0,0.028659837804849323,0,10.0,0.6342581846532547,0,4.0,0.8970038536664273,9,345.0,0.26350845283787866,1,9.0,0.5503901067186256,15,612.0,0.10382269021165025,36,1512.0,0.09462731726747461,3,29.0,0.13277373929201358,2,19.0,0.6911288622995957,13,1362.0,0.09402584430102158,13,1162.0,0.20291574479043575,195,10445.0
640.0,436,123,187,1153,1589,0,3109.0,7.1307339449541285,3.6659881806998516,12,451.0,0.21229134197855673,31,1312.0,0.10900866852883265,21,1013.0,0.16265215636344924,0,0.0,0.9515275122493971,12,1032.0,0.1435259818096736,35,1998.0,0.11773693939432471,0,0.0,0.5310504316198732,1,2.0,0.515219425384552,2,237.0,0.4199554340248391,0,5.0,0.746878031574853,16,683.0,0.09214895594253039,30,1478.0,0.10978366184330363,0,9.0,0.37053585288511837,4,35.0,0.1886258241822214,15,1438.0,0.15954822864719065,8,1188.0,0.23600894463587369,187,10881.0
645.0,431,126,190,1163,1594,0,2906.0,6.74245939675174,3.8109167591849062,9,494.0,0.20261907456947953,29,1310.0,0.09666676681440996,26,1134.0,0.19193428450090974,0,0.0,0.9410443617405226,15,1096.0,0.07279213358623471,29,1948.0,0.22405115069843065,0,4.0,0.3859166568223202,1,2.0,0.2621886241458367,3,214.0,0.3688239405702875,0,4.0,0.9242122809121063,18,766.0,0.08801338518876209,22,1240.0,0.1515481071760355,3,20.0,0.49793992203333715,1,26.0,0.5590123331846775,22,1536.0,0.19090311973826413,12,1240.0,0.1590577220820038,190,11034.0
650.0,428,129,200,1179,1607,0,2692.0,6.289719626168225,3.8628143388653076,12,538.0,0.22859014417998194,21,1062.0,0.14876882567451727,28,1269.0,0.0664893999622847,0,0.0,1.0,18,1114.0,0.11835992632687632,19,1672.0,0.23545720844966053,0,4.0,0.8688718737224825,1,6.0,0.7154442517334738,8,242.0,0.4887519351608499,1,2.0,0.5777720134296286,26,872.0,0.15173849875349418,14,1321.0,0.09650166999787509,4,40.0,0.6640526943325907,0,4.0,0.8456663647925693,27,1657.0,0.12358196163335607,21,1329.0,0.036196543286168184,200,11132.0
655.0,426,131,194,1195,1621,0,2578.0,6.051643192488263,3.65860444360451,18,615.0,0.16419571418791468,14,1137.0,0.21131968413222205,28,1415.0,0.04625538461907321,0,0.0,0.7334873776476196,21,1212.0,0.19444210474140203,14,1559.0,0.1323222606485341,0,4.0,0.937414362294907,1,11.0,0.7811029715499501,2,196.0,0.5439843277886749,3,19.0,0.4786637717777884,30,1011.0,0.16533346980995367,14,1393.0,0.09692656087071069,0,28.0,0.5592758373418012,0,2.0,0.5497587203081525,29,1796.0,0.008502591063389941,20,1232.0,0.1698820660699323,194,11630.0
660.0,426,130,200,1204,1630,0,2746.0,6.446009389671362,3.605149632993332,24,724.0,0.10702782044572964,12,1196.0,0.18585745318255598,28,1557.0,0.18218524588928262,0,0.0,0.9087988042919891,27,1336.0,0.16306978939360303,9,1606.0,0.17315261963454825,1,4.0,0.4962892474737002,1,1.0,0.5383489875453843,2,70.0,0.4074498663655477,0,13.0,0.7013031425032579,36,1178.0,0.10287322116353775,10,1274.0,0.2262384194467397,5,23.0,0.31422857319757785,0,2.0,0.4896115253549997,33,1953.0,0.09747824111615429,12,799.0,0.2718570027202376,200,11736.0
665.0,425,135,213,1216,1641,0,3138.0,7.383529411764706,3.632424726223205,29,757.0,0.11370105551823545,13,1256.0,0.23446469143637202,33,1711.0,0.21199373237397787,0,0.0,0.9261070802035593,30,1483.0,0.07701100868333512,12,1658.0,0.16030694700441392,6,26.0,0.0024363781358134333,5,17.0,0.15884891777212015,1,37.0,0.38177515601094963,0,4.0,0.8453256933273398,31,1187.0,0.03801503328798322,7,1040.0,0.28268614845821255,6,57.0,0.46232797314944607,0,4.0,0.8520711379405843,36,2125.0,0.12784998942194029,4,831.0,0.25197910549635166,213,12193.0
670.0,428,140,210,1224,1652,0,3267.0,7.633177570093458,3.5381000006428898,26,881.0,0.11881972917563592,16,1168.0,0.16650040265401483,36,1885.0,0.13599629381211592,0,0.0,0.9303904198999705,31,1633.0,0.011600064402996602,20,1743.0,0.1769641387404883,1,31.0,0.48808014482182865,5,46.0,0.4059028272771308,7,58.0,0.32286757739886585,1,2.0,0.6645093710782601,25,1036.0,0.08396585833477573,5,947.0,0.24136344182119607,0,49.0,0.6778223583435712,0,4.0,0.9247021593049239,30,2055.0,0.10775312766514421,7,858.0,0.22774141657902158,210,12396.0
675.0,419,144,201,1237,1656,0,3397.0,8.107398568019093,3.6888837437633164,23,996.0,0.11579405721181908,14,940.0,0.16958594908230037,36,2065.0,0.03876127141304417,0,0.0,0.9676941140705837,33,1793.0,0.002353440148441975,26,1859.0,0.11372278494678767,0,0.0,0.8248566059058605,0,35.0,0.7268572208543846,3,44.0,0.546495660988578,2,13.0,0.4472233664991042,18,1129.0,0.20297989109862194,7,980.0,0.14693373677172075,0,6.0,0.6952984944902465,0,4.0,0.8267603181461015,25,1749.0,0.07871811728335644,14,912.0,0.33212436625000336,201,12525.0
680.0,417,152,188,1247,1664,0,3447.0,8.266187050359711,3.625211568183446,15,968.0,0.12538836282592342,9,990.0,0.2186488742170018,36,2245.0,0.04229268349611573,0,0.0,0.9028905640013409,36,1973.0,0.013545566534886179,22,1759.0,0.09037040252110584,0,4.0,0.7426172383174451,0,4.0,0.8345542443733832,2,25.0,0.6520765935705148,0,7.0,0.6878845778960898,15,1205.0,0.22035172964612385,12,1032.0,0.12268571148483678,4,9.0,0.2587821162386955,0,6.0,0.8285584892146955,17,1730.0,0.17099493705874927,20,998.0,0.1831771242416589,188,12955.0
685.0,420,159,178,1253,1673,0,3018.0,7.185714285714286,3.929723681284568,9,798.0,0.18381244467451163,9,1020.0,0.2286322589714437,30,2153.0,0.1559443884157536,0,4.0,0.7593716386033522,31,1953.0,0.14056325678045817,16,1443.0,0.2396181794869095,0,4.0,0.8623337900459771,1,1.0,0.37131360155400067,3,27.0,0.41329472207403994,0,4.0,0.9402720953045641,11,1106.0,0.13355711598159803,20,1118.0,0.1714293014140438,7,40.0,0.05752369847498447,0,4.0,0.8516148223119575,15,1792.0,0.18280377615346752,26,1114.0,0.06605059296907843,178,12581.0
690.0,419,159,162,1262,1681,0,2453.0,5.854415274463007,3.9646890100257526,6,762.0,0.1877569331027835,15,1084.0,0.17325776655753322,20,1779.0,0.18351078094258996,0,4.0,0.8507152520951848,22,1746.0,0.2188183910878184,6,1392.0,0.2877870854614546,1,5.0,0.6500308054734872,3,15.0,0.561226559019511,8,52.0,0.3142575384972419,1,1.0,0.592621234754468,12,900.0,0.11299968964748668,25,1233.0,0.2349361282492551,7,77.0,0.3988464322044729,0,4.0,0.8643998165132109,9,1618.0,0.15413619923424385,27,1250.0,0.019847210414845995,162,11922.0
695.0,427,160,167,1269,1696,0,2211.0,5.177985948477752,3.8236080659073153,12,804.0,0.19874948578733598,23,1185.0,0.1212838006121755,16,1864.0,0.11247115182872926,1,5.0,0.7067967271294677,17,1836.0,0.12430930821148038,10,1416.0,0.1913934029745533,3,14.0,0.46278626874818535,0,7.0,0.8038292104474671,3,49.0,0.3698546390103652,4,16.0,0.43540456841215636,10,941.0,0.19454750316382355,32,1377.0,0.12916640032210175,1,69.0,0.5679371443564891,0,4.0,0.5397140920205179,8,1259.0,0.14183034995771152,27,1387.0,0.1358030402454552,167,12233.0
700.0,422,166,160,1284,1706,0,1847.0,4.376777251184834,3.9450063621156772,9,735.0,0.2095284824868146,25,1147.0,0.14897918822648507,12,1932.0,0.09341584158376298,2,11.0,0.7364965322239524,13,1913.0,0.08442550099326818,14,1476.0,0.1122143464506138,2,11.0,0.5742054435283354,0,0.0,0.937270588081414,3,29.0,0.47640151147910365,0,14.0,0.6698573650316929,12,980.0,0.21492289899578357,29,1362.0,0.07307883942922382,1,21.0,0.268967088150488,0,6.0,0.8647856894281183,6,1198.0,0.2408279832238125,32,1537.0,0.10350324297667039,160,12372.0
705.0,417,164,162,1299,1716,0,1847.0,4.429256594724221,3.73566036269453,9,665.0,0.16326502162272932,20,959.0,0.16529069762727502,15,1998.0,0.10030975498661882,1,1.0,0.6588109404275058,15,1981.0,0.14906345669003368,21,1567.0,0.07118533466766819,3,20.0,0.5998868848877906,1,6.0,0.48046141305361273,1,21.0,0.6274528926085627,0,4.0,0.8520816895445286,10,921.0,0.12698535091506882,23,1183.0,0.1118102801243484,1,25.0,0.5379266204345288,0,6.0,0.8839460716057808,8,1227.0,0.20651984039615884,34,1707.0,0.05336055388170589,162,12291.0
710.0,416,165,155,1315,1731,0,1789.0,4.300480769230769,3.3910276789982,9,703.0,0.15777634579098357,14,892.0,0.2104109766357956,23,2099.0,0.17560111790684454,1,6.0,0.4485223841277019,15,1872.0,0.13263136702239275,27,1695.0,0.08712701262976624,0,8.0,0.4317989080507313,0,8.0,0.6476497277132339,1,9.0,0.8301862306236966,1,3.0,0.662181204113066,13,979.0,0.07196196897540472,13,1187.0,0.13098047866421658,1,13.0,0.7760782123966059,2,10.0,0.6108360261788252,6,1090.0,0.1112346022211327,29,1636.0,0.04992422659756991,155,12210.0
715.0,420,165,159,1327,1747,0,1672.0,3.980952380952381,3.3941279628632195,13,746.0,0.17391376319869162,11,939.0,0.24335182576713071,28,2228.0,0.17167383390347538,1,2.0,0.4698938329639688,14,1581.0,0.07566787163785108,27,1830.0,0.08701194721917503,4,14.0,0.00022935584943897878,0,8.0,0.8573438828239537,1,3.0,0.6149220773337257,3,15.0,0.5372721048632735,11,1026.0,0.160786188204969,10,1226.0,0.2197585322431694,0,6.0,0.6715476977697898,0,12.0,0.4071459215915428,14,1145.0,0.08985318101395043,22,1344.0,0.2044404882814,159,12125.0
720.0,426,164,174,1330,1756,0,1849.0,4.34037558685446,3.419817028573897,13,701.0,0.13604301664763083,13,995.0,0.1977688734097432,35,2389.0,0.049021626889939884,1,7.0,0.38203118545539155,14,1647.0,0.10318467598591559,31,1979.0,0.030533045280799476,4,34.0,0.46769140996859937,0,4.0,0.6646018106573756,2,8.0,0.5476997687145438,0,10.0,0.704678539529349,16,1071.0,0.16681116871128987,13,1282.0,0.2872742217916231,0,4.0,0.401385471572757,4,20.0,0.4834647868856691,12,1192.0,0.1624402932074547,16,1420.0,0.23350219650948448,174,12763.0
725.0,430,169,186,1337,1767,0,2096.0,4.874418604651162,3.557773214745578,14,592.0,0.1826198218698278,19,1083.0,0.17049535067030344,31,2307.0,0.04145522875660583,0,6.0,0.43452139251814775,13,1716.0,0.18024382560329935,33,2144.0,0.13432677618083613,0,20.0,0.7469183148848337,2,11.0,0.22176765935570691,1,6.0,0.5801442444294234,0,2.0,0.8868127429157687,22,1161.0,0.06824429838755681,19,1364.0,0.1853425616553353,0,2.0,0.1259319713685883,0,22.0,0.6841108565758529,17,1246.0,0.2125140772329401,15,1489.0,0.2035648053428081,186,13171.0
730.0,431,174,198,1347,1778,0,2488.0,5.77262180974478,3.727579926086643,11,598.0,0.18848126753790687,26,1198.0,0.11452879996842903,22,1951.0,0.1929094373673248,0,8.0,0.8518546462379607,10,1591.0,0.27981135677327734,33,2309.0,0.15684981905063194,0,0.0,0.8144931061890094,0,4.0,0.7162692370316842,1,7.0,0.7412492211336934,1,4.0,0.5968615885746171,25,1139.0,0.034111821318319545,27,1487.0,0.1479455215746337,0,4.0,0.8468477159682513,2,11.0,0.5619848610348832,22,1338.0,0.1668410000731595,18,1564.0,0.22832972870217166,198,13213.0
735.0,431,173,214,1356,1787,0,2904.0,6.737819025522041,3.4457250126298984,13,644.0,0.18120170355201523,27,1160.0,0.1094729243389222,17,2033.0,0.23256003059867503,0,6.0,0.890530888311949,10,1547.0,0.23174881561948624,35,2477.0,0.08626197355164195,0,0.0,0.018453121273384332,0,2.0,0.6793179481614818,0,4.0,0.7017427598511885,2,10.0,0.4841356148450048,22,996.0,0.16483456275426456,29,1632.0,0.12292645124572901,0,4.0,0.9378980274013874,7,33.0,0.26501329676984864,28,1467.0,0.05518752368911991,24,1674.0,0.16423613686683786,214,13689.0
740.0,436,178,207,1362,1798,0,2865.0,6.571100917431193,3.072383434193975,12,651.0,0.18614250659605325,21,969.0,0.16583730913458195,12,2098.0,0.1485983629927984,2,6.0,0.6011384924894728,10,1591.0,0.1759216977919348,31,2372.0,0.03730132153891129,2,16.0,0.5528874761801915,0,0.0,0.9250673318588661,2,8.0,0.6896763489587006,0,4.0,0.6099756773377304,16,1070.0,0.23625181772431203,34,1792.0,0.026819909337872264,0,4.0,0.4207468590205505,8,77.0,0.08808523432483163,27,1400.0,0.04668930699431169,30,1808.0,0.10016738736631661,207,13866.0
745.0,437,180,197,1375,1812,0,2744.0,6.279176201372998,3.4397237523291917,18,727.0,0.143272101542737,13,959.0,0.1959623592409726,17,2171.0,0.0992694658205378,6,28.0,0.41068793831027417,15,1659.0,0.10737593882984414,23,1855.0,0.1905464287714303,0,6.0,0.8404346699019101,0,0.0,0.8723989838239621,0,6.0,0.778078887043376,0,2.0,0.9169503443548674,14,1140.0,0.15493664866712667,35,1971.0,0.02262718591416892,0,4.0,0.2622841637171612,2,76.0,0.5066509895476986,23,1130.0,0.18433400874486955,31,1955.0,0.14283464814505442,197,13689.0
750.0,436,183,185,1381,1817,0,2592.0,5.944954128440367,3.808234587582,22,814.0,0.10668437066102818,10,1012.0,0.20148157482369802,22,2270.0,0.1653248533310433,0,26.0,0.21450228919942424,20,1747.0,0.07683925506628803,14,1792.0,0.3222933772770033,0,4.0,0.8781819909863254,0,0.0,0.82518892594741,2,7.0,0.49230399493198873,0,0.0,0.6644440610913327,12,1132.0,0.10448763677587898,29,1918.0,0.14768980386406977,0,8.0,0.7522700712871508,0,14.0,0.8032197646091309,18,1215.0,0.21054762713089728,36,2126.0,0.05054685318079474,185,14085.0
755.0,442,186,196,1388,1830,0,2413.0,5.459276018099548,3.898413663760403,26,924.0,0.1076774895556188,14,1067.0,0.17178103910065157,29,2401.0,0.17455410851057626,4,18.0,0.24379526101642826,27,1872.0,0.1033076049142777,8,1833.0,0.28078244543221964,3,8.0,0.47219697677106376,0,0.0,0.7955146639146122,0,7.0,0.4607244771108115,2,11.0,0.46757188827939644,18,1211.0,0.16295076977042763,20,1619.0,0.2619849493548571,0,8.0,0.8699811998801418,0,0.0,0.49631318123456925,14,1288.0,0.12214714924099491,31,2053.0,0.01601519165077649,196,14320.0
760.0,441,191,195,1400,1841,0,2328.0,5.27891156462585,3.694062752928954,30,1061.0,0.10788549374506184,20,1159.0,0.1281773661168463,24,2268.0,0.14117524242766613,0,18.0,0.7045532816464516,28,1792.0,0.14644110830151252,12,1886.0,0.17477142793446637,7,32.0,0.00444867464329675,2,7.0,0.16911532758383685,1,5.0,0.5545540242455944,0,8.0,0.7259458057923496,19,1288.0,0.1979568107296642,13,1487.0,0.24602716502102753,1,9.0,0.6436640171873791,0,4.0,0.45670895286539437,16,1365.0,0.10041648159085616,22,1760.0,0.10804108008755764,195,14149.0
765.0,433,189,207,1418,1851,0,2410.0,5.565819861431871,3.562376117085466,33,1217.0,0.07581602429062899,27,1282.0,0.1139836492413393,24,1888.0,0.06792607607910175,0,4.0,0.8556587445652428,21,1502.0,0.1282875642636058,18,1969.0,0.08871630198338447,2,39.0,0.07581452822210383,4,28.0,0.4770958985997578,0,2.0,0.7066512674089523,0,4.0,0.9157033288868054,25,1393.0,0.13508946037579414,10,1541.0,0.21756970211329307,6,26.0,0.35482537782722245,0,4.0,0.9035689143371923,23,1473.0,0.16369607367458985,14,1830.0,0.2573548767727623,207,14202.0
770.0,424,197,205,1435,1859,0,2735.0,6.4504716981132075,3.58045990297591,35,1389.0,0.09669792192938698,29,1427.0,0.11666968062550884,14,1971.0,0.11942622842786944,0,4.0,0.8748884286604556,17,1593.0,0.0992650374463136,25,2084.0,0.08670340889050901,0,15.0,0.5513913969039209,0,23.0,0.7606444425279186,0,0.0,0.9606234009150176,0,0.0,0.7845576070077684,30,1534.0,0.08054879838710871,13,1596.0,0.192362912802711,2,32.0,0.45464903045101607,0,4.0,0.9138429123192182,29,1603.0,0.2158249315477216,11,1891.0,0.24854784494874868,205,15166.0
775.0,426,205,230,1441,1867,0,3430.0,8.051643192488262,3.7306682419551866,36,1569.0,0.09758378210133259,29,1572.0,0.11501460322151943,11,2005.0,0.20796369703728101,1,1.0,0.5596725884964585,14,1668.0,0.17901223360159008,32,2233.0,0.15826471915295054,0,4.0,0.9441154966210396,0,4.0,0.8620613867840925,0,0.0,0.7304245806941928,2,4.0,0.5974614459493658,33,1693.0,0.09840473479569103,19,1678.0,0.11242723595547473,2,20.0,0.6433940054824706,3,8.0,0.40162134064971233,35,1766.0,0.16210696597661325,13,1950.0,0.18544526869260125,230,16175.0
780.0,430,207,243,1443,1873,0,4047.0,9.411627906976744,3.513833098696353,31,1574.0,0.10022707189028209,23,1516.0,0.14710340394903695,15,2071.0,0.2781628613621948,1,9.0,0.29635533382286355,10,1519.0,0.298038942288163,34,2401.0,0.20379800432208453,0,4.0,0.906803090055509,1,5.0,0.5292561700159992,3,12.0,0.4207825141726274,0,2.0,0.6039833408978982,37,1870.0,0.07353623754128925,27,1798.0,0.09043034104430382,2,21.0,0.4578457506995765,1,13.0,0.17270682971095977,36,1946.0,0.10656620469357483,22,2042.0,0.07742688947780285,243,16803.0
785.0,429,209,232,1458,1887,0,3964.0,9.24009324009324,3.4022071690543707,26,1402.0,0.14591043523428565,15,1244.0,0.24247323310259927,21,2167.0,0.19428039226518895,0,4.0,0.8842739819916847,10,1564.0,0.23048621029539054,36,2576.0,0.12210858313785529,0,0.0,0.9218322226668885,7,25.0,0.06080468714146952,0,8.0,0.6920785900794016,0,0.0,0.8537859557325845,32,1848.0,0.023285061117724944,28,1939.0,0.0458019206188789,0,4.0,0.30346714061752617,2,19.0,0.5729248947806674,32,1866.0,0.0624634622821776,23,1922.0,0.1303119434419758,232,16588.0
790.0,423,216,198,1473,1896,0,3307.0,7.817966903073286,3.3067645970435446,17,1496.0,0.18206686457599996,10,1115.0,0.21821030428987612,28,2295.0,0.11694306979885856,0,4.0,0.9315259185212538,13,1616.0,0.07331181245680897,32,2430.0,0.028257886830896962,0,4.0,0.75338519583444,2,34.0,0.22855340998117474,0,4.0,0.9062318917123215,1,3.0,0.5951891932070631,25,1612.0,0.08314785534748617,28,2085.0,0.1085575708856012,2,13.0,0.5993632863356,1,12.0,0.8043903162926802,24,1600.0,0.06884348396680505,15,1551.0,0.21559157562738904,198,15874.0
795.0,418,218,186,1484,1902,0,2765.0,6.614832535885167,3.4663864809267144,13,1564.0,0.17710540538116631,9,1160.0,0.2346595249240996,34,2457.0,0.016101078202714007,0,0.0,0.9757953653460198,18,1699.0,0.07803970922172965,25,2000.0,0.09833218745558159,0,4.0,0.8530770181638985,0,12.0,0.826228837187963,1,2.0,0.7300848103184423,3,13.0,0.49672380011534834,17,1535.0,0.22013574420292217,31,2232.0,0.11724738790220794,0,4.0,0.8775500112317027,3,19.0,0.3280749171695685,17,1689.0,0.08001400236913225,15,1613.0,0.12576903346574753,186,16003.0
800.0,419,226,157,1491,1910,0,2080.0,4.964200477326969,3.8212868565957745,9,1449.0,0.19395717230716428,8,1057.0,0.2237319302794727,30,2347.0,0.1317915394511513,0,6.0,0.3333938162485667,22,1798.0,0.09142236451576789,15,1936.0,0.19924297995997264,0,4.0,0.8684733726016964,1,4.0,0.7626972489277767,2,12.0,0.49464867010159697,4,32.0,0.634404751912306,11,1578.0,0.24949792926624867,30,2118.0,0.14009725052365174,0,4.0,0.583470011203365,1,20.0,0.11622810366072177,14,1764.0,0.08894130840715095,10,1674.0,0.08220321349489512,157,15803.0
805.0,420,230,142,1502,1922,0,1468.0,3.4952380952380953,4.153913516247723,9,1191.0,0.19199591224042292,7,761.0,0.25554005635912586,20,1937.0,0.21738257364710642,1,13.0,0.8013252562918978,30,1933.0,0.07923485173694787,11,1978.0,0.22070338770263653,2,7.0,0.4990850324620664,0,0.0,0.33740127213502863,0,8.0,0.7260995666138246,1,22.0,0.6230329564693187,12,1617.0,0.16690723158731208,21,1634.0,0.11011429315542672,2,11.0,0.5732413840258817,1,9.0,0.16378630104368316,9,1619.0,0.22208144366070456,16,1743.0,0.09734097863572122,142,14483.0
810.0,421,225,135,1514,1935,0,1266.0,3.007125890736342,4.087158978358187,8,885.0,0.22509446922845977,3,708.0,0.2146530757342122,11,1300.0,0.2299484830177451,0,8.0,0.8471950746335201,30,1722.0,0.02072402294512038,9,1770.0,0.16126214626965968,6,27.0,0.0558206675137014,0,2.0,0.4643785197267859,0,4.0,0.8695133786110407,4,10.0,0.44502605075398105,18,1696.0,0.07351134793267022,15,1717.0,0.13789142762784262,3,26.0,0.7272340959992558,1,16.0,0.7138215647237495,5,1270.0,0.3132753090656,22,1843.0,0.05646339912624724,135,13004.0
815.0,420,228,134,1528,1948,0,1139.0,2.711904761904762,3.8465336587765813,3,903.0,0.2070934030587906,6,718.0,0.22913272380818872,5,1334.0,0.23346793646257508,1,6.0,0.6828334250728869,23,1846.0,0.09240908262554631,9,1329.0,0.11621647785835339,7,66.0,0.39377234318684107,0,2.0,0.949222810074547,0,0.0,0.7005615121379997,3,17.0,0.39508035189869195,25,1809.0,0.02288090324127428,13,1783.0,0.2427143120658357,1,16.0,0.6278500460134744,0,4.0,0.8834654689033661,9,1300.0,0.19198380788328417,29,1976.0,0.11404189758799463,134,13109.0
820.0,420,232,166,1540,1960,0,1417.0,3.373809523809524,3.7613761639422223,7,894.0,0.24563426393944435,12,766.0,0.21335626254868906,8,1362.0,0.3422155849755446,4,20.0,0.10108646161242123,20,1952.0,0.19260486099790022,6,1259.0,0.12630228192553183,7,101.0,0.5238950814188288,0,2.0,0.9402196180123311,1,1.0,0.5922521258319151,3,14.0,0.6531790058960588,25,1729.0,0.08481357410705627,17,1856.0,0.3072635307983415,6,22.0,0.3154094739301697,2,8.0,0.4145243834776502,13,1354.0,0.07981249407158414,35,2137.0,0.11655660134439749,166,13477.0
825.0,428,232,187,1540,1968,0,1662.0,3.883177570093458,3.337968493847665,14,941.0,0.20510646227990612,13,685.0,0.14958921623070068,13,1419.0,0.28238371612025526,10,66.0,0.051260657900919555,18,2046.0,0.17606137010437684,7,1285.0,0.11274754086846832,10,142.0,0.2865088844260613,0,0.0,0.9228355719190102,0,4.0,0.6725233634560214,5,37.0,0.5576385114827794,25,1858.0,0.1724894538502819,22,1951.0,0.17239358188650106,2,23.0,0.1256644257278502,0,9.0,0.17491027701897427,16,1425.0,0.07199684384211101,32,2036.0,0.11899001504076667,187,13927.0
830.0,436,232,205,1548,1984,0,1966.0,4.509174311926605,3.5069457328810265,16,893.0,0.15804472397753658,12,484.0,0.234626009691635,20,1505.0,0.20973447948877136,6,85.0,0.3587735493408656,22,2140.0,0.10424234311755257,13,1340.0,0.06286235059633853,13,203.0,0.27237813831851765,0,0.0,1.0,0,4.0,0.8497795303705841,2,29.0,0.35360531062227935,22,1977.0,0.14983717020858942,28,2080.0,0.030618297879361933,3,18.0,0.5214282357373419,0,4.0,0.8006782446621407,22,1527.0,0.08325087791878598,26,1724.0,0.20137837748756623,205,14013.0
835.0,434,238,211,1560,1994,0,2217.0,5.108294930875576,3.4635374189520425,15,730.0,0.17696079369773057,9,461.0,0.24561220512508822,27,1628.0,0.03664526072312685,0,51.0,0.6536128778627353,28,2266.0,0.007751530335178756,20,1430.0,0.020850599034258677,10,202.0,0.3318983286864073,0,2.0,0.3906824649179227,0,2.0,0.8988839118418437,5,17.0,0.41429296618016603,20,2082.0,0.09598284778551713,31,2234.0,0.012366056674983014,0,9.0,0.764186775364461,0,8.0,0.8691954633293807,31,1662.0,0.11789789419945673,15,1698.0,0.21607088357731397,211,14482.0
840.0,434,238,218,1568,2002,0,2485.0,5.725806451612903,3.3754500044877838,16,793.0,0.15248437617769325,9,505.0,0.19420019704646138,31,1777.0,0.14280115387922196,3,45.0,0.30507272385663975,31,2136.0,0.03947073183655523,25,1550.0,0.1707607574817774,4,128.0,0.307306334786264,0,4.0,0.7600176751579084,0,2.0,0.6566683744941672,5,40.0,0.4833243113687286,22,2183.0,0.030465543944514915,25,2134.0,0.17431656598071085,0,4.0,0.695089174880928,0,4.0,0.8826503820405347,36,1831.0,0.1388360221412569,11,1740.0,0.1552874564996575,218,14876.0
845.0,432,244,205,1580,2012,0,2574.0,5.958333333333333,3.795358927948054,14,849.0,0.189494504762198,14,566.0,0.1636993593587833,31,1932.0,0.17035705984560345,5,68.0,4.027108478102574e-05,22,1757.0,0.12432905982258374,25,1679.0,0.30362623769083974,2,119.0,0.10754319298657451,0,4.0,0.9134926448005645,2,7.0,0.5460108857875311,1,31.0,0.6257444677955716,23,2053.0,0.15098010718478808,15,1654.0,0.3314418494418843,2,7.0,0.6896232926337833,2,8.0,0.4097443005215375,32,1762.0,0.13434904082475588,15,1799.0,0.15498476836106,205,14295.0
850.0,435,250,206,1587,2022,0,2716.0,6.24367816091954,3.825103299510494,18,918.0,0.20167656993613603,22,663.0,0.13030719094259666,31,2083.0,0.05294030509702066,0,50.0,0.252865416867538,14,1394.0,0.2080701839850812,28,1808.0,0.23923902916381143,7,123.0,0.3848719800509593,2,6.0,0.6441050674833823,0,3.0,0.7445062360682047,3,11.0,0.7036009658917636,21,1806.0,0.2384708825305318,9,1589.0,0.2996805845136755,3,23.0,0.6448407534285822,1,9.0,0.09167240834433246,26,1527.0,0.06651170790043572,21,1896.0,0.09254330048685148,206,13909.0
855.0,438,250,202,1592,2030,0,2741.0,6.257990867579909,3.663044250309621,19,868.0,0.12073675067280867,28,789.0,0.10032518332688378,26,1946.0,0.020800382183354966,0,6.0,0.7703300019512892,9,1378.0,0.17291105026732187,33,1963.0,0.1343731086498777,7,154.0,0.39474210046755287,3,6.0,0.23514568060136767,0,0.0,0.8593434470278594,1,5.0,0.42138845516668205,19,1904.0,0.18866643165393054,8,1634.0,0.19841323973277522,3,34.0,0.7056370829633676,0,6.0,0.6065066211825243,18,1624.0,0.12910513199004478,28,2023.0,0.13738081854769996,202,14340.0
860.0,433,257,200,1606,2039,0,2759.0,6.371824480369515,3.9835123690743437,20,694.0,0.17176312041455863,29,935.0,0.15234233791574334,18,1503.0,0.10973664469390086,0,6.0,0.9319184585157159,8,1417.0,0.2925470666610137,36,2140.0,0.04322720344683339,1,116.0,0.24262776474216166,5,23.0,0.14614360753116987,0,0.0,0.8201099282525292,5,20.0,0.4272121920310993,19,1996.0,0.10665484328108915,7,1436.0,0.22919118766372665,1,17.0,0.5751921337815601,2,7.0,0.6843221877039044,16,1693.0,0.2297532000934837,33,2182.0,0.12624337209177433,200,14185.0
865.0,431,261,189,1620,2051,0,2715.0,6.299303944315545,3.99260056163569,15,707.0,0.1968516879293636,34,1093.0,0.09822182262246411,8,1444.0,0.2883917640956161,0,2.0,0.9061711401019122,15,1477.0,0.2572263585898362,31,2056.0,0.09389310406666675,3,38.0,0.2622149427055186,6,52.0,0.5491277456159254,2,6.0,0.5440513236478401,0,19.0,0.5833047784589964,11,1832.0,0.10611595580501922,7,1027.0,0.2365707250827824,3,19.0,0.6453798363875767,3,22.0,0.6237746342423921,16,1769.0,0.2237041575991986,35,2357.0,0.061523655795536515,189,13920.0
870.0,430,256,172,1634,2064,0,2660.0,6.186046511627907,3.8926580340569865,13,772.0,0.18943766555538438,36,1270.0,0.09192123167707222,6,1475.0,0.3077497792366627,1,7.0,0.4599455182908161,21,1563.0,0.233322161263717,21,1698.0,0.2368171470223602,1,37.0,0.7297632019123794,0,44.0,0.6444652327143566,0,3.0,0.5987884475257995,1,4.0,0.6482616300451773,10,1503.0,0.24251737557279673,3,945.0,0.2887071890722019,1,17.0,0.6076335627970102,2,18.0,0.33294415399236865,21,1866.0,0.13131481879250442,35,2534.0,0.010399459750749478,172,13756.0
875.0,436,259,178,1641,2077,0,2569.0,5.8922018348623855,4.0834954287542065,14,832.0,0.19379523063598442,30,1253.0,0.11566748620866034,12,1527.0,0.16906079053976386,1,10.0,0.7696035197696284,28,1685.0,0.16428652133047705,14,1656.0,0.21191561748951626,1,11.0,0.8498515691744827,1,6.0,0.32196177955574723,0,4.0,0.823027680059013,0,0.0,0.6182406411887089,9,1443.0,0.25453375292829133,8,965.0,0.19898515367899702,3,19.0,0.6755729111066242,3,25.0,0.5377026967872235,25,1892.0,0.018722334704052535,29,2419.0,0.14499348840771908,178,13747.0
880.0,441,260,189,1651,2092,0,2414.0,5.473922902494331,4.048357576088502,21,921.0,0.15242114742657373,21,1013.0,0.15970750919383547,18,1609.0,0.15392872150843379,0,4.0,0.8303890698753538,34,1842.0,0.0476629640117396,9,1715.0,0.14331694435964712,3,16.0,0.5134859371317863,4,14.0,0.10846697134487612,1,6.0,0.7944422050582293,0,0.0,0.9300434244432135,12,1492.0,0.18440032909761336,13,1019.0,0.10469677689640007,1,13.0,0.6352492468256927,3,40.0,0.7334544563573604,29,2034.0,0.11604479666948585,20,1876.0,0.24852825685180446,189,13614.0
885.0,434,261,203,1665,2099,0,2397.0,5.523041474654378,3.4664042114821063,30,1052.0,0.09846686098540902,14,1002.0,0.20885726795146284,20,1472.0,0.14668509132076588,0,4.0,0.7524401860536187,32,1781.0,0.05113226543576952,14,1774.0,0.14766394851901285,2,13.0,0.4506571222176034,6,44.0,0.3897712682067729,3,16.0,0.6478971659372018,1,3.0,0.617951688362739,8,1343.0,0.15022659479538103,20,1114.0,0.07447673300738245,3,15.0,0.315638341863462,5,57.0,0.4115806799856846,31,2180.0,0.127775145143269,14,1951.0,0.20974108288913504,203,13821.0
890.0,431,265,182,1680,2111,0,1978.0,4.589327146171693,3.4891158308154067,36,1212.0,0.09488095177587495,9,1056.0,0.21355276806316753,14,1042.0,0.2555821044148763,0,4.0,0.6761294404400253,24,1506.0,0.17303775925151813,14,1601.0,0.23857854806777348,4,17.0,0.21300849212038622,0,42.0,0.6490719371461192,1,11.0,0.46226860954560184,3,13.0,0.43115684814350125,7,1026.0,0.14477914383089527,21,1006.0,0.2116248341628818,2,14.0,0.3040074361559026,9,93.0,0.20165187085012798,28,2323.0,0.0585429310423125,10,2006.0,0.13010700207666043,182,12972.0
895.0,429,272,172,1691,2120,0,2116.0,4.932400932400933,3.9255263250306744,36,1388.0,0.10626309579753465,13,1108.0,0.23920020166899877,8,1094.0,0.21502776120865982,5,20.0,0.630431942641968,17,1424.0,0.25685033629855336,11,1201.0,0.2551193788780361,1,24.0,0.5427458019995639,0,6.0,0.7286568265671641,7,27.0,0.3425593197125983,0,5.0,0.6021723813365474,3,865.0,0.2729192705850202,16,693.0,0.2447846020624933,2,21.0,0.7242523887899053,10,144.0,0.23912438209442435,30,2472.0,0.034767762399309426,13,2061.0,0.09458805029172326,172,12553.0
900.0,433,272,167,1695,2128,0,1903.0,4.394919168591224,3.6316210985663906,33,1377.0,0.0826584314132707,19,1191.0,0.14734043280428213,8,1132.0,0.13677741016507236,3,29.0,0.27741874977295417,11,1466.0,0.1896743372198507,10,1064.0,0.1614748909089745,1,15.0,0.8337587635142287,4,17.0,0.24457098052974188,4,41.0,0.34868414804156633,0,2.0,0.8439218529575087,7,890.0,0.2488827605492482,14,701.0,0.22122944974716396,0,8.0,0.8787233343572319,4,125.0,0.43230254228167675,28,2376.0,0.09616535792432084,21,2153.0,0.09248870352808196,167,12587.0
905.0,437,279,180,1700,2137,0,1913.0,4.377574370709382,4.008699788368467,27,1188.0,0.1384406186679286,26,1308.0,0.16638186476155048,15,1197.0,0.20615510600987438,6,29.0,0.18333756444772703,12,1514.0,0.1517813626587879,10,1121.0,0.1522778715886222,3,24.0,0.42368176436221067,6,44.0,0.4248861673993383,3,22.0,0.4833667539792123,0,4.0,0.8849927125220407,12,935.0,0.18244409719468044,11,764.0,0.20473447888643753,1,5.0,0.3619800282801693,0,55.0,0.6394897403469888,21,2022.0,0.1877862091536986,27,2271.0,0.1946381155866145,180,12503.0
910.0,447,279,190,1706,2153,0,2002.0,4.4787472035794185,3.5407770589324303,18,1275.0,0.18853113752527798,27,1297.0,0.1070474368005831,21,1281.0,0.2234288752918352,7,60.0,0.15270801896184222,16,1395.0,0.06805070385090407,8,987.0,0.13512262773380485,8,57.0,0.21824150641641452,0,38.0,0.5985648506046808,1,19.0,0.47472203342238134,0,4.0,0.8097515340082113,19,1019.0,0.086412176003491,13,821.0,0.16338580713912781,0,6.0,0.20078692301482187,2,47.0,0.34203193781097185,16,2004.0,0.21314903665057833,34,2424.0,0.14400920497367986,190,12734.0
915.0,436,279,199,1725,2161,0,2208.0,5.064220183486238,3.8751648510180514,15,1340.0,0.1795210930492997,21,1145.0,0.17107281515552192,24,1393.0,0.11820302815996957,7,95.0,0.4104543713011838,12,1191.0,0.10386531044792707,6,690.0,0.25882461993328476,9,104.0,0.43403239160797874,0,4.0,0.5811888384885425,1,16.0,0.7506333764069413,2,5.0,0.7206798632846727,25,1135.0,0.1332549257281464,22,912.0,0.046738508608886085,0,4.0,0.8350816738362296,6,72.0,0.45524752404501595,13,2073.0,0.20785408084518994,36,2599.0,0.11169333258708176,199,12778.0
920.0,433,285,180,1738,2171,0,2066.0,4.771362586605081,3.626480640745999,10,1243.0,0.18014112970293603,12,1149.0,0.2023234808206561,21,1298.0,0.04507232073615146,1,81.0,0.526187575144648,15,1240.0,0.20252093984868544,5,699.0,0.2503632196666484,9,149.0,0.3946588544741168,0,0.0,0.6381129303774183,2,10.0,0.7056196539472028,1,4.0,0.45528330613331286,32,1282.0,0.1507253881094946,28,1042.0,0.025582839541302776,0,4.0,0.9422504303747185,0,52.0,0.48045382249699564,13,2130.0,0.13915086406980734,31,2459.0,0.09176437030974205,180,12842.0
925.0,442,285,201,1745,2187,0,2293.0,5.1877828054298645,3.7442659155106823,13,1297.0,0.131419848125548,12,1198.0,0.23105347999878204,12,984.0,0.3099179536286957,3,24.0,0.4501262537713011,17,1310.0,0.25270640585623994,9,736.0,0.17511511419466216,14,206.0,0.11451035925703788,2,3.0,0.07252091805409838,5,26.0,0.5258694826344845,3,19.0,0.7110703952286349,36,1457.0,0.07223293561104405,29,1187.0,0.14758628158449785,0,0.0,0.9146485589653981,1,11.0,0.6004303382496146,22,2219.0,0.13130359851580553,23,2030.0,0.09984378567698242,201,12707.0
930.0,439,286,188,1755,2194,0,2261.0,5.150341685649202,3.48789542523776,14,1355.0,0.11141740314071231,8,1111.0,0.20877041917876563,5,917.0,0.285914883666861,3,37.0,0.4931932915404491,17,1386.0,0.17471441808718227,15,797.0,0.06251797075019905,10,208.0,0.08918793671850486,6,30.0,0.12907262976450865,2,28.0,0.3616004842280304,3,34.0,0.7104554667112275,31,1410.0,0.03056314697289755,29,1334.0,0.1689490426355018,0,4.0,0.2984800983247961,1,5.0,0.5521951882390953,28,2342.0,0.12165300714304897,16,1434.0,0.11453197748285164,188,12432.0
935.0,434,289,191,1773,2207,0,2445.0,5.6336405529953915,3.7113031550720352,16,1420.0,0.11017003743324201,6,886.0,0.19909942725137658,8,934.0,0.18203207085702783,3,34.0,0.46954985121383574,25,1492.0,0.07444348042106996,22,901.0,0.03588694616710168,2,134.0,0.49914448032511993,6,62.0,0.5587158197525448,2,18.0,0.691543868769334,1,17.0,0.4618096731562183,24,1159.0,0.18551734594759456,29,1477.0,0.10517118648177105,1,9.0,0.7508484303062156,5,21.0,0.41060611147173964,35,2503.0,0.047642899735396906,6,1463.0,0.30471078250158723,191,12530.0
940.0,431,295,193,1786,2217,0,2619.0,6.076566125290023,3.614751084246925,17,1349.0,0.12182692552459891,5,847.0,0.2565563034282471,15,994.0,0.10915152009564937,2,22.0,0.36737951185991197,31,1635.0,0.07981251787790973,28,1031.0,0.14098016261068178,0,86.0,0.5927917482181235,0,51.0,0.6513772698284462,3,14.0,0.6598316132570416,1,9.0,0.5235898739884013,18,1174.0,0.2389043714318162,33,1638.0,0.025568104359201742,0,4.0,0.897265330776747,1,22.0,0.22216144156304202,32,2389.0,0.018252782827513504,7,1476.0,0.3551131373313929,193,12741.0
945.0,428,299,208,1793,2221,0,2768.0,6.4672897196261685,3.5184920972654075,16,1160.0,0.16185482392398223,7,868.0,0.27082796109190505,21,1088.0,0.1491849486973132,2,16.0,0.2501929605558741,36,1802.0,0.050618440251871774,28,1171.0,0.18313148925668843,7,102.0,0.3469431475552305,1,7.0,0.3237684632387976,5,30.0,0.46963343012826525,1,9.0,0.6741232809437698,13,1227.0,0.1286075930461077,30,1595.0,0.14397295468883883,0,4.0,0.64696175992915,4,17.0,0.0011564050181092826,24,1999.0,0.07744844919938039,13,1528.0,0.222638590089588,208,12623.0
950.0,435,303,192,1798,2233,0,2638.0,6.064367816091954,3.655643561951503,12,1162.0,0.1728298322159857,13,922.0,0.1757721165532527,29,1221.0,0.1737764881546562,2,20.0,0.13479006464035254,30,1736.0,0.03054763139149824,28,1311.0,0.1570213725935082,1,79.0,0.1404169943672738,3,21.0,0.12653616538014414,6,59.0,0.285144740946102,1,11.0,0.8296255616642995,15,1292.0,0.11632456097458452,20,1315.0,0.2809028608521319,1,5.0,0.754367532289875,0,15.0,0.6684291542986378,16,2079.0,0.21268658538838234,15,1386.0,0.06063654950965987,192,12634.0
955.0,427,307,193,1818,2245,0,2546.0,5.962529274004684,3.922445942621782,13,1228.0,0.20893756679334072,21,1011.0,0.14151709233289783,30,1365.0,0.0978525670595541,2,22.0,0.6199100986116701,23,1463.0,0.12410488819295062,28,1451.0,0.07450771996301146,3,27.0,0.47981706993203044,5,40.0,0.5444650048883443,2,53.0,0.33137936415074887,3,20.0,0.4787791404919593,22,1390.0,0.1295451275818921,14,1295.0,0.2517079312225292,1,12.0,0.7720156286293324,0,2.0,0.9446588218659402,13,2150.0,0.23024664570925268,13,1055.0,0.1533237954827789,193,12584.0
960.0,418,310,192,1832,2250,0,2665.0,6.375598086124402,3.366530846247068,9,1143.0,0.18485926523839713,20,961.0,0.12877091275157537,35,1529.0,0.014172336402616354,2,32.0,0.643613127365134,17,1458.0,0.23632791730263977,33,1605.0,0.01385562056859602,1,25.0,0.6330245169466161,1,42.0,0.6161057084095533,0,13.0,0.4908692756666041,9,53.0,0.274006027227329,29,1521.0,0.1286813207195592,12,1359.0,0.17555897319287864,2,12.0,0.5053292415114643,0,2.0,0.4470493756409565,15,2214.0,0.13917730074115695,7,1004.0,0.3172264396886507,192,12973.0
965.0,424,311,195,1841,2265,0,2591.0,6.110849056603773,3.3869529770726077,9,918.0,0.2223932605286002,16,767.0,0.2209213287548651,29,1456.0,0.04611765319519081,2,42.0,0.4534471371762943,13,1523.0,0.24451798445390344,29,1548.0,0.10671505861650772,1,26.0,0.657034705753583,2,21.0,0.396736429800041,0,4.0,0.8873443853463059,4,57.0,0.32983676373951276,34,1665.0,0.037745110738390646,15,1423.0,0.1204598548357243,6,32.0,0.5273286425848112,5,20.0,0.12483975965744504,22,2308.0,0.059832553891129715,8,1031.0,0.3294284949150798,195,12841.0
970.0,430,317,180,1845,2275,0,2283.0,5.309302325581395,3.9835094499361774,4,862.0,0.1964169025766018,14,747.0,0.19013003921921837,20,1170.0,0.19074712939665925,0,6.0,0.7990320879174665,12,1477.0,0.2190299431154656,19,1306.0,0.2680714750326009,1,33.0,0.7151073841304487,6,40.0,0.38246663881433024,1,5.0,0.8014143536523779,2,27.0,0.4891206210064198,36,1843.0,0.04583475441526732,21,1517.0,0.04329622995694683,7,63.0,0.4415291754509811,1,28.0,0.09726618205679217,22,2133.0,0.1445510182560811,14,1090.0,0.19500567824540566,180,12347.0
975.0,433,311,182,1856,2289,0,2126.0,4.909930715935335,4.174669160481692,9,886.0,0.19192414041535882,12,805.0,0.1994017394317517,14,1057.0,0.2924380709295408,0,8.0,0.8913438055501771,17,1551.0,0.04916983876375746,14,1299.0,0.2669360486594842,0,4.0,0.9192701392464558,7,77.0,0.33640612659493097,3,11.0,0.5908029790902041,1,26.0,0.5544339413569178,32,1793.0,0.13994320906810503,27,1644.0,0.1585245826262476,7,98.0,0.2871092315276996,0,9.0,0.508906557507029,19,1632.0,0.2212558544403107,20,1180.0,0.16517034426399535,182,12080.0
980.0,430,318,165,1868,2298,0,1764.0,4.102325581395349,3.9148114613833704,11,793.0,0.20260883526051088,8,714.0,0.24079666118381304,8,1107.0,0.2915871730491422,2,10.0,0.5944290362441962,21,1649.0,0.07044677406848611,10,1354.0,0.25004760379082486,0,0.0,0.937846528654576,1,65.0,0.4176542066812155,4,32.0,0.4050035291902537,3,36.0,0.7049173897824522,23,1548.0,0.19144829503351823,29,1788.0,0.2042364064141519,3,81.0,0.10491299517481154,1,15.0,0.720185184724516,16,1717.0,0.13491146329298567,25,1298.0,0.009186764990808564,165,12207.0
985.0,429,322,174,1881,2310,0,1886.0,4.396270396270396,3.8822679572848657,8,585.0,0.22482495528469987,7,485.0,0.24663950926507183,12,1161.0,0.2003089994831681,6,26.0,0.25912853336133385,26,1753.0,0.16274260582518377,13,1410.0,0.20541240792830723,1,1.0,0.8113847442686933,3,26.0,0.6822858597838561,1,25.0,0.5982594216277792,3,51.0,0.4776695431561645,20,1554.0,0.1064443204629248,35,1946.0,0.04930179580858035,2,29.0,0.26109504695483754,1,20.0,0.8423932962171568,13,1787.0,0.0923052666966184,23,1212.0,0.1646487976813434,174,12071.0
990.0,430,324,158,1886,2316,0,1743.0,4.053488372093023,3.690508492250426,6,599.0,0.1728335684303039,2,394.0,0.21197141334914038,19,1250.0,0.09777952880582373,8,67.0,0.09341645432125356,29,1889.0,0.11835542036645293,20,1496.0,0.017686325335246472,1,5.0,0.7426631592290698,1,9.0,0.5894410739921968,0,5.0,0.8139039952734742,3,33.0,0.2880476374228165,15,1626.0,0.11013954744778783,31,1892.0,0.04327139922817371,0,8.0,0.7269009349111998,0,6.0,0.6755660386845267,9,1628.0,0.14157957936720825,14,903.0,0.26672138704373133,158,11810.0
995.0,434,326,167,1896,2330,0,1827.0,4.209677419354839,4.152630472292563,11,620.0,0.17200217250086008,7,421.0,0.24543040214758957,26,1365.0,0.06026659906788159,2,65.0,0.541398327254462,33,2045.0,0.0032048251311115818,26,1615.0,0.04929387930431672,1,10.0,0.7346270548723357,6,20.0,0.34854711649205955,1,3.0,0.6100338069001322,2,14.0,0.5294448998376253,16,1675.0,0.21825247316360588,21,1568.0,0.20308607899973785,0,8.0,0.8821773169399331,2,8.0,0.37127583423758326,4,1241.0,0.25781490779431254,9,957.0,0.21053506339616726,167,11635.0
1000.0,437,326,187,1909,2346,0,2115.0,4.839816933638444,3.9691973837100685,9,538.0,0.1861710712008241,13,472.0,0.2228494941500427,31,1508.0,0.09411247346657457,0,12.0,0.8217999720616742,30,1949.0,0.017380789899147802,29,1763.0,0.17625356689340288,2,4.0,0.1567983083901538,7,57.0,0.14743579899382991,5,22.0,0.45885850875950956,3,24.0,0.6833064717548762,21,1767.0,0.19285974989356272,13,1639.0,0.2698879573852141,0,4.0,0.8652537438940291,6,29.0,0.0025905180839078056,8,1265.0,0.24750319857919229,10,1007.0,0.08604711542607277,187,12060.0
