step,system_total_running,system_total_backlogged,system_total_stopped,system_total_arrived,system_total_departed,system_total_teleported,system_total_waiting_time,system_mean_waiting_time,system_mean_speed,0_stopped,0_accumulated_waiting_time,0_average_speed,1_stopped,1_accumulated_waiting_time,1_average_speed,10_stopped,10_accumulated_waiting_time,10_average_speed,11_stopped,11_accumulated_waiting_time,11_average_speed,12_stopped,12_accumulated_waiting_time,12_average_speed,13_stopped,13_accumulated_waiting_time,13_average_speed,14_stopped,14_accumulated_waiting_time,14_average_speed,15_stopped,15_accumulated_waiting_time,15_average_speed,2_stopped,2_accumulated_waiting_time,2_average_speed,3_stopped,3_accumulated_waiting_time,3_average_speed,4_stopped,4_accumulated_waiting_time,4_average_speed,5_stopped,5_accumulated_waiting_time,5_average_speed,6_stopped,6_accumulated_waiting_time,6_average_speed,7_stopped,7_accumulated_waiting_time,7_average_speed,8_stopped,8_accumulated_waiting_time,8_average_speed,9_stopped,9_accumulated_waiting_time,9_average_speed,agents_total_stopped,agents_total_accumulated_waiting_time
5.0,16,0,0,0,16,0,0.0,0.0,13.503921730139666,0,0.0,0.9855466771849936,0,0.0,0.9847090655283741,0,0.0,1.0,0,0.0,1.0,0,0.0,0.9840997374382824,0,0.0,1.0,0,0.0,1.0,0,0.0,1.0,0,0.0,0.9839021433698392,0,0.0,0.9788865919155465,0,0.0,0.9844320229826076,0,0.0,1.0,0,0.0,1.0,0,0.0,1.0,0,0.0,0.9833497422377676,0,0.0,1.0,0,0.0
10.0,32,0,0,0,32,0,0.0,0.0,12.737389752479547,0,0.0,0.9064550148560594,0,0.0,0.9475062041563241,0,0.0,1.0,0,0.0,1.0,0,0.0,0.836441272666166,0,0.0,1.0,0,0.0,1.0,0,0.0,1.0,0,0.0,0.9516474832830049,0,0.0,0.9493943839626717,0,0.0,0.9381064240766541,0,0.0,1.0,0,0.0,1.0,0,0.0,1.0,0,0.0,0.9131187740216873,0,0.0,1.0,0,0.0
15.0,40,0,0,0,40,0,0.0,0.0,11.535653550425433,0,0.0,0.7484148568847508,0,0.0,0.8480845816387198,0,0.0,1.0,0,0.0,1.0,0,0.0,0.9318760132086761,0,0.0,0.4216076590365982,0,0.0,1.0,0,0.0,1.0,0,0.0,0.7107690062129113,0,0.0,0.9142522400416706,0,0.0,0.8869184167211724,0,0.0,0.8415901001879261,0,0.0,1.0,0,0.0,0.9498321392298661,0,0.0,0.9302023184597163,0,0.0,0.6986176759889259,0,0.0
20.0,56,0,4,0,56,0,13.0,0.23214285714285715,11.143474357426227,2,7.0,0.6779785738048093,0,0.0,0.9296452759811052,0,0.0,1.0,0,0.0,1.0,0,0.0,0.9457672262372027,0,0.0,0.9727131784136986,0,0.0,1.0,0,0.0,1.0,2,6.0,0.5012975797910307,0,0.0,0.6439511157716166,0,0.0,0.9541877906855201,0,0.0,0.9447082294380312,0,0.0,1.0,0,0.0,0.9883198240316622,0,0.0,0.9476818675161828,0,0.0,0.9815395778292716,4,13.0
25.0,72,0,5,0,72,0,12.0,0.16666666666666666,9.9618731702726,0,2.0,0.6746826497391383,2,4.0,0.6336722185671485,0,0.0,1.0,0,0.0,0.9704296658142874,0,0.0,0.9825479253078162,0,0.0,0.8344071220395268,0,0.0,1.0,0,0.0,1.0,0,3.0,0.5795588972847587,3,8.0,0.5432798566908058,0,4.0,0.7834180117138914,0,0.0,0.7595501015413282,0,4.0,0.4598718680664924,0,0.0,1.0,0,0.0,0.9459171240851743,0,0.0,0.852911498232937,5,25.0
30.0,80,0,6,0,80,0,14.0,0.175,9.642638836003067,1,4.0,0.7258364826535444,0,3.0,0.6619236788054015,0,0.0,1.0,0,0.0,0.9583305721485049,0,0.0,0.9628268917614631,1,2.0,0.3655181029515331,0,0.0,1.0,0,0.0,1.0,0,0.0,0.9347584177975654,0,7.0,0.5341517441267392,0,2.0,0.8956292052241555,3,8.0,0.47998954626236406,0,4.0,0.8904914141060581,0,4.0,0.44639397948811793,0,0.0,0.9608642805598689,1,2.0,0.5932458236337167,6,36.0
35.0,96,0,14,0,96,0,63.0,0.65625,9.553171339088685,4,17.0,0.6319013520680032,2,4.0,0.594167414343202,0,0.0,1.0,0,0.0,0.5129523519560036,0,0.0,0.9432088423687451,0,3.0,0.6472354317123815,0,3.0,0.37735047707988184,0,0.0,1.0,0,0.0,0.8237160237305373,0,0.0,0.9335835603275663,1,5.0,0.7643907173074681,3,25.0,0.5887854987836608,0,4.0,0.8919932332129498,0,4.0,0.9316825224729564,1,2.0,0.6862993671577322,3,16.0,0.41385731864487446,14,83.0
40.0,112,0,23,0,112,0,127.0,1.1339285714285714,8.426087235602628,0,9.0,0.6233907185363894,2,16.0,0.5992635930741945,0,0.0,1.0,1,1.0,0.0005596131157742062,0,0.0,0.8421892803309069,0,0.0,0.9791826851064649,0,3.0,0.860275503259028,0,0.0,1.0,1,1.0,0.6386879008848064,0,0.0,0.7975702318716144,3,15.0,0.5984186961415394,5,44.0,0.5257883652685489,2,7.0,0.26879630767569573,0,4.0,0.8000745447966714,3,10.0,0.6389608902575936,6,41.0,0.08346730266898196,23,151.0
45.0,120,0,32,0,120,0,251.0,2.091666666666667,7.646680388709941,2,6.0,0.5472381661897038,2,28.0,0.7598606887189923,0,2.0,0.42642721899441494,0,0.0,0.5928022208290966,2,5.0,0.5519427628135497,0,0.0,0.9158056561396096,0,3.0,0.8760121493918474,0,2.0,0.4080453694563964,3,11.0,0.45562283144020993,0,0.0,0.942804263865261,5,34.0,0.3070022094714713,6,70.0,0.43555452805969275,1,8.0,0.0837738583867234,0,0.0,0.7707761267380071,4,28.0,0.575607167019769,7,72.0,0.20546300980069515,32,269.0
50.0,136,0,31,0,136,0,336.0,2.4705882352941178,7.482191666956117,2,10.0,0.539450186942941,0,4.0,0.8563091208038631,0,4.0,0.8080858191676055,0,0.0,0.9378962936564633,0,2.0,0.6252235309763489,2,8.0,0.23175631352490816,1,5.0,0.22972650321129687,0,2.0,0.9680923284413938,0,9.0,0.5230169575961614,0,0.0,0.8223245899456954,7,69.0,0.2622840827549572,6,100.0,0.2863408593931276,0,5.0,0.49346897361813763,0,0.0,0.8125078816393477,6,53.0,0.5241217331267715,7,107.0,0.42257599679065205,31,378.0
55.0,152,0,28,0,152,0,291.0,1.9144736842105263,8.208307009986285,4,23.0,0.5812197206984359,1,4.0,0.652363619313837,0,4.0,0.8888382903810613,0,0.0,0.8636978137960807,0,0.0,0.8709464901836971,0,4.0,0.8604208065859305,1,11.0,0.21679842303427144,0,6.0,0.7193594054872846,0,4.0,0.941737627928927,2,2.0,0.650068222928193,9,112.0,0.4615745242758403,1,73.0,0.25864726262807586,1,10.0,0.6990644048185145,0,0.0,0.9202036436616045,2,43.0,0.3210673308099373,7,146.0,0.38568848377256365,28,442.0
60.0,158,0,20,2,160,0,99.0,0.6265822784810127,8.092443689755552,2,25.0,0.45268451626866196,1,8.0,0.4124407790486407,0,6.0,0.26777623741752427,0,0.0,0.9095117271884005,0,0.0,0.8128979347888462,0,4.0,0.908948233917516,0,4.0,0.9079103174017236,1,7.0,0.8088538595395465,1,5.0,0.8054913450277273,1,1.0,0.6286448117609236,4,101.0,0.4684140383223757,3,20.0,0.22875286148401477,1,15.0,0.776371208113721,0,0.0,0.9221659145698394,5,18.0,0.396966947571865,1,113.0,0.4500532512542548,20,327.0
65.0,174,0,19,2,176,0,66.0,0.3793103448275862,8.389912189023162,3,19.0,0.572488623248505,2,15.0,0.7303848974178363,0,9.0,0.5229407782934568,0,0.0,0.9281247129506743,2,8.0,0.55626862625683,1,6.0,0.2776267174176002,0,6.0,0.6631369555875047,0,4.0,0.8516853083677879,2,7.0,0.5956220915626088,2,8.0,0.6103444883389758,1,30.0,0.409440908567147,0,12.0,0.7868724622209503,0,4.0,0.6939435244656811,0,0.0,0.2634352641633842,2,19.0,0.3842146106494811,4,36.0,0.47954897021361137,19,183.0
70.0,190,0,30,2,192,0,103.0,0.5421052631578948,7.796487123013229,2,17.0,0.515938554722581,0,4.0,0.7735260001025819,0,6.0,0.8636094721549832,0,0.0,0.8268400988282933,0,5.0,0.7244286679971688,7,36.0,0.1281548322325073,1,6.0,0.6559855818902491,3,9.0,0.5544715966820308,0,6.0,0.6140213290782284,5,27.0,0.5882911479518202,3,41.0,0.31503011988633556,0,7.0,0.8893400094317339,2,10.0,0.3365027455650163,2,9.0,7.939857733743115e-05,4,17.0,0.3959259517419315,1,42.0,0.34634818415757057,30,242.0
75.0,193,0,45,7,200,0,219.0,1.1347150259067358,7.322385350239594,5,28.0,0.503398032996971,3,11.0,0.5209431792953853,3,8.0,0.5869629914495331,2,2.0,0.0021945000020368787,0,4.0,0.9116954186247213,7,73.0,0.5289534466363555,0,4.0,0.9187725446077196,7,40.0,0.34882709790364874,1,8.0,0.8085831778863483,0,20.0,0.3318883889368995,7,60.0,0.43508455775905575,1,4.0,0.3946698249209154,0,8.0,0.6684067322743688,2,25.0,0.2647243408929861,0,20.0,0.5868236237831675,7,52.0,0.26693598280668024,45,367.0
80.0,205,0,52,11,216,0,329.0,1.604878048780488,7.723632007391825,0,24.0,0.5813136835486311,5,34.0,0.37212424851000614,7,32.0,0.30010813582051954,2,14.0,0.14300192115578778,0,0.0,0.7777793942090955,1,66.0,0.6208760719052498,2,11.0,0.4781602102382228,7,75.0,0.3387912965026291,0,4.0,0.8288101872711423,5,21.0,0.44160558958312884,9,104.0,0.4669091938596229,6,22.0,0.0011634904319965968,0,4.0,0.8872558902996204,0,8.0,0.8646227645342422,0,4.0,0.8655624582214309,8,86.0,0.380666312730611,52,509.0
85.0,219,0,41,13,232,0,338.0,1.54337899543379,7.539395348816083,2,5.0,0.6628717989630187,0,25.0,0.6294009951352918,7,66.0,0.15326261790675344,0,4.0,0.9472351990514138,2,4.0,0.6205906371782592,1,21.0,0.4391326261491653,1,12.0,0.599190890328915,2,69.0,0.2070093264422542,2,7.0,0.7261067387819989,3,29.0,0.5249356427944404,12,157.0,0.2922933852993939,0,27.0,0.2307029004912895,0,0.0,0.7956866350761256,0,8.0,0.8870948525984805,1,1.0,0.7547159327131149,8,128.0,0.366930431816039,41,563.0
90.0,223,0,38,17,240,0,215.0,0.9641255605381166,7.041761732745711,2,8.0,0.5629204714631026,0,2.0,0.8013030547343339,1,62.0,0.574732805591335,0,8.0,0.6822281439385768,4,20.0,0.5933114629990719,2,12.0,0.10320627119500575,0,5.0,0.6804263145319841,2,28.0,0.4610479600752992,1,1.0,0.4144755571360717,5,30.0,0.5574716323192316,9,158.0,0.1863167941989832,0,6.0,0.7639802453082443,3,11.0,0.13807036064318598,1,5.0,0.3480429840524569,3,12.0,0.67827780079459,5,111.0,0.30076526965547984,38,479.0
95.0,234,0,43,22,256,0,188.0,0.8034188034188035,7.903222005575789,4,24.0,0.510735630272839,1,4.0,0.5353069274245625,0,14.0,0.7789146802899766,1,9.0,0.6330529246789818,0,15.0,0.6269812217404132,6,36.0,0.19955625682413175,2,6.0,0.3624805676450392,3,24.0,0.38114306490155064,4,16.0,0.4510650909219138,2,29.0,0.5109971041382609,2,109.0,0.4545274768761755,0,8.0,0.8811881249725834,7,42.0,0.34601143059792,6,31.0,0.10561552551745515,5,33.0,0.4652953595466576,0,55.0,0.46432443229118653,43,455.0
100.0,238,0,34,34,272,0,190.0,0.7983193277310925,7.607533305558444,6,52.0,0.47128563744458346,1,6.0,0.4340692225544517,1,17.0,0.6051060145020327,2,23.0,0.6231801453929139,3,5.0,0.5762919857823109,1,38.0,0.5511074616340612,2,12.0,0.21137276382638115,3,39.0,0.17710829581964999,2,19.0,0.5318318431905042,1,14.0,0.4200927992180904,1,85.0,0.5676993909934691,0,4.0,0.8113004147693985,7,77.0,0.42961607346726893,0,30.0,0.5818630824912591,2,32.0,0.4059593021264348,2,43.0,0.4339862879083326,34,496.0
105.0,230,0,52,50,280,0,327.0,1.4217391304347826,7.6675163304770315,8,90.0,0.3629306515476989,3,10.0,0.5064039630426009,2,24.0,0.250594366604448,2,29.0,0.6672305971270042,2,13.0,0.2855345600976309,2,18.0,0.7441250213748536,3,21.0,0.663493389003206,3,54.0,0.5901635545833439,3,19.0,0.6718962089848972,5,34.0,0.5598641383702851,7,105.0,0.37715341796019514,2,8.0,0.46712618008854234,2,70.0,0.264815228976107,0,6.0,0.8242135047407906,1,12.0,0.7252319329865182,7,73.0,0.5356680134551915,52,586.0
110.0,237,0,57,59,296,0,354.0,1.4936708860759493,7.234879505997859,4,86.0,0.40168768470972105,1,12.0,0.5191367674587795,1,13.0,0.23884887657653017,2,11.0,0.6950256380729823,4,23.0,0.38151006899326806,1,5.0,0.5242482583826046,0,11.0,0.8019927519499211,3,71.0,0.5909617813715151,0,9.0,0.6723152243877035,5,59.0,0.4977415097636731,13,160.0,0.20295820821104749,6,29.0,0.003672295700779934,4,29.0,0.07375197795758849,0,4.0,0.8118331372227906,4,12.0,0.6698838011020883,9,118.0,0.480416213901559,57,652.0
115.0,248,0,71,64,312,0,550.0,2.217741935483871,7.161688024313266,2,33.0,0.5444274212731035,1,12.0,0.7842415630442544,0,6.0,0.32631630918376237,2,17.0,0.787187109403653,5,43.0,0.5293500195449401,7,28.0,0.4238085202130229,2,8.0,0.3882592887362619,5,92.0,0.37194694221167063,2,7.0,0.5030609875025078,2,46.0,0.36109260545099936,15,234.0,0.12862248604866752,7,67.0,0.3998686721546019,1,32.0,0.5207275655159065,0,4.0,0.8672685426111404,6,32.0,0.5729688535329727,14,175.0,0.14503907761422385,71,836.0
120.0,250,0,79,70,320,0,829.0,3.316,6.935490185806949,2,26.0,0.4241730323721278,2,8.0,0.7625395130458171,0,4.0,0.8826735266245246,2,27.0,0.792275491222495,1,36.0,0.629725404028888,7,67.0,0.4680626389232045,1,12.0,0.19219897336633807,9,135.0,0.4271804722772642,2,11.0,0.36119485836498855,3,19.0,0.4280810152875412,18,320.0,0.09327121093159871,7,102.0,0.41452454950131873,1,9.0,0.7851212070717164,2,4.0,0.5188540632021745,7,65.0,0.44941007958698637,15,249.0,0.05875247999834208,79,1094.0
125.0,254,0,82,82,336,0,1075.0,4.232283464566929,6.5137023273803765,7,50.0,0.3934461736281003,3,16.0,0.5787597193158022,0,4.0,0.9263393211211209,0,4.0,0.2606976427242899,2,7.0,0.6478283038368546,7,102.0,0.5349602407000535,2,12.0,0.32470495309245606,10,179.0,0.44205598664125356,3,20.0,0.5797438639813898,0,11.0,0.6641479592525784,19,414.0,0.23689263243309952,1,83.0,0.2581240936601051,1,7.0,0.2861410830199911,3,17.0,0.11038080265502229,9,108.0,0.2090757289008473,15,324.0,0.0,82,1358.0
130.0,256,0,75,96,352,0,960.0,3.75,6.097569374839743,4,54.0,0.4645456005509542,1,14.0,0.4176199177890363,1,7.0,0.444755792192571,6,21.0,0.14329851592103007,3,11.0,0.43256674290182084,4,94.0,0.32208405913745275,0,2.0,0.7071639470739267,10,229.0,0.276517518957906,0,13.0,0.7144165139599055,1,9.0,0.7787308022346092,21,514.0,0.2502041557839044,5,35.0,0.10527439140152155,5,24.0,0.4622017596568026,0,10.0,0.7472250498538512,5,107.0,0.2692769822331115,9,310.0,0.08227062605879716,75,1454.0
135.0,248,0,64,112,360,0,921.0,3.713709677419355,6.606213549236334,3,27.0,0.5130281788171152,2,16.0,0.6975671480153716,5,24.0,0.49133068324964374,3,36.0,0.326168512658852,6,36.0,0.3174681845649663,6,51.0,0.15890354895685938,0,4.0,0.8472834439623551,14,294.0,0.031203363736299644,1,3.0,0.5464728498165002,1,5.0,0.4310498711877762,23,622.0,0.1034376116795988,0,24.0,0.5699261126927846,0,25.0,0.678723338667381,0,6.0,0.8635440974017042,0,42.0,0.5904772908621067,0,183.0,0.49544394201988495,64,1398.0
140.0,255,0,61,121,376,0,893.0,3.5019607843137255,7.118102870539518,2,21.0,0.45239750024371916,2,8.0,0.7036874946595585,0,23.0,0.737423229818222,2,19.0,0.5483423241520694,8,73.0,0.2983110262707305,2,53.0,0.12960001159646503,0,8.0,0.736794021163886,16,375.0,0.2301283887972928,2,5.0,0.38484752756768864,3,18.0,0.4291717624248377,20,631.0,0.10128571587428858,0,6.0,0.8708867231045578,2,11.0,0.6071527729410691,0,2.0,0.3987777406418666,0,1.0,0.870518369848408,2,157.0,0.6016200257862463,61,1411.0
145.0,256,0,76,136,392,0,814.0,3.1796875,6.816276344507336,7,44.0,0.45553082811934803,3,17.0,0.5133564345466419,2,12.0,0.6215263737716347,2,22.0,0.31800749122525085,4,75.0,0.3655080678424159,6,49.0,0.061156028056681695,1,9.0,0.7485490098745644,16,453.0,0.369632149206431,4,26.0,0.5554990216277689,0,13.0,0.7490277393194612,11,518.0,0.29822114189908117,0,4.0,0.8570525428084486,6,27.0,0.21617772405272492,4,17.0,0.1334584970701492,3,8.0,0.5675650421441621,7,182.0,0.42205004978605104,76,1476.0
150.0,253,0,60,147,400,0,748.0,2.9565217391304346,6.293083274352295,4,51.0,0.34781451018085674,3,22.0,0.3278793840185659,0,4.0,0.40498645938789435,1,8.0,0.36461445663891523,1,31.0,0.6235873491634919,6,81.0,0.4792375246068893,2,6.0,0.5979840842463229,16,531.0,0.313255790572387,1,23.0,0.6162940409367988,0,4.0,0.8933567447838454,6,547.0,0.2828253916694567,0,6.0,0.8028153763860938,1,30.0,0.17208168033837876,0,22.0,0.5991625648434017,5,31.0,0.3388312977403352,14,234.0,0.2745161658043524,60,1631.0
155.0,260,0,75,156,416,0,976.0,3.753846153846154,6.7894387429451015,3,33.0,0.5105759142354872,3,23.0,0.6365115097470254,3,9.0,0.1798514188676969,1,15.0,0.7843660610983411,4,24.0,0.4725232652131889,6,111.0,0.579139956919519,3,15.0,0.48702023951831774,20,620.0,0.046258160565995646,1,8.0,0.5467727041929872,2,4.0,0.5768225247627847,9,579.0,0.1779118124835076,0,4.0,0.8434170513940723,1,13.0,0.7020332520949407,0,8.0,0.8964629335567087,1,30.0,0.5461247418495948,18,320.0,0.16251972027683423,75,1816.0
160.0,273,0,88,159,432,0,1296.0,4.747252747252747,6.560712353965456,3,33.0,0.4029697854304306,3,37.0,0.6981368701490048,3,21.0,0.12840909645788423,0,6.0,0.899337273860568,8,54.0,0.28589360006814574,9,148.0,0.43545395182339974,1,11.0,0.19333795833862913,20,726.0,0.06117169964202001,2,7.0,0.4017333157951546,3,18.0,0.44347608149537177,16,649.0,0.1315945501487073,0,2.0,0.8967562092770722,1,10.0,0.805597339233913,0,4.0,0.8232451386844377,0,4.0,0.7731294546358392,19,419.0,0.18658960540771186,88,2149.0
165.0,272,0,95,168,440,0,1291.0,4.7463235294117645,5.984129624613582,8,54.0,0.38530746306201047,1,19.0,0.3641204581854738,1,10.0,0.6823437878772526,1,6.0,0.5718217071854347,4,53.0,0.3261591352492387,13,213.0,0.32249881737876296,3,20.0,0.5483239005532453,14,663.0,0.24183947929356756,3,19.0,0.49687803386562723,0,13.0,0.6602490814689589,22,747.0,0.17827006718306881,0,0.0,0.747527431278172,1,11.0,0.7550730739663138,0,2.0,0.5452792405753409,3,7.0,0.537578334585231,21,519.0,0.057089483951076,95,2356.0
170.0,269,0,96,187,456,0,1234.0,4.587360594795539,6.1818653304940465,4,56.0,0.38912549596506,3,15.0,0.4675751918046666,2,10.0,0.6695910341772917,7,30.0,0.21429860157718386,0,11.0,0.6708193632859006,13,278.0,0.33709594867014414,0,12.0,0.7215199828478254,6,433.0,0.3645657011167434,0,9.0,0.7054618865289778,0,4.0,0.9339745462423826,28,876.0,0.20381396503051946,0,0.0,0.8425441641866267,1,5.0,0.22870504074263817,2,11.0,0.5823960745768801,5,29.0,0.3279440915405135,25,638.0,0.19897736198012364,96,2417.0
175.0,280,0,84,192,472,0,1263.0,4.510714285714286,6.337553927673626,2,33.0,0.5425258105969314,2,13.0,0.6081022491649902,4,24.0,0.21315026293289607,2,38.0,0.2799935858494335,0,5.0,0.6393615288158806,9,251.0,0.23943123157487997,0,4.0,0.49797944402669597,2,445.0,0.37016692816755287,0,4.0,0.8936580474938703,2,7.0,0.5258090121171172,31,1022.0,0.11641801795550559,1,6.0,0.2865729214233687,3,19.0,0.5567783879566467,0,6.0,0.8765329603254304,1,30.0,0.55189232877046,25,767.0,0.21762636218283898,84,2674.0
180.0,280,0,95,200,480,0,1536.0,5.485714285714286,6.2267331482987105,3,29.0,0.42705205562167986,2,17.0,0.7759128346401328,8,57.0,0.044579713837039174,2,22.0,0.6168524439092808,6,24.0,0.39224489619615854,3,147.0,0.28951098171627143,1,5.0,0.6997174275344592,8,471.0,0.18645888532862448,1,5.0,0.5164091314688214,0,6.0,0.47031412322877614,33,1185.0,0.023188991030029374,2,14.0,0.6540249647555257,1,14.0,0.6787374838957947,0,2.0,0.8790149647327108,0,5.0,0.7709709133712698,25,892.0,0.16060460951278044,95,2895.0
185.0,279,0,113,217,496,0,1708.0,6.121863799283154,5.576446517507975,8,53.0,0.41796980552892377,5,32.0,0.3685398055989154,2,57.0,0.48589742662161944,1,12.0,0.6840181124335826,8,62.0,0.24936572431860274,2,143.0,0.37548646432207744,1,13.0,0.7095101677252627,14,532.0,0.04575106163488893,6,23.0,0.34730667143540284,2,7.0,0.5616387046191675,35,1358.0,0.13822541385233356,2,24.0,0.699203304718399,1,5.0,0.6426039436408457,1,1.0,0.6067659724888087,0,0.0,0.7012354815928463,25,885.0,0.05075290827498141,113,3207.0
190.0,287,0,96,225,512,0,1402.0,4.885017421602788,5.465194926200147,4,56.0,0.44787102043079874,4,35.0,0.38236079960632896,0,21.0,0.8021459096052562,1,17.0,0.6968693302743141,5,69.0,0.30758815886013385,9,178.0,0.15835122008947075,0,4.0,0.6157243895533533,16,610.0,0.22827431190228237,1,28.0,0.39776502083944815,0,6.0,0.57185925706504,30,1367.0,0.15614862352066874,0,6.0,0.2935659572365682,1,10.0,0.6386389058958925,3,14.0,0.17938149993909452,1,4.0,0.4188893585552454,21,755.0,0.10157464353303333,96,3180.0
195.0,277,1,82,242,519,0,975.0,3.51985559566787,6.558476643452599,1,27.0,0.547386105343503,3,24.0,0.6160584113457983,0,4.0,0.890296227669005,1,24.0,0.29791163951535454,0,21.0,0.6803836196208829,14,244.0,0.26416263375980564,5,15.0,0.6439900841377513,11,545.0,0.3578260196948331,3,19.0,0.6596708185605694,0,4.0,0.8686014225040075,24,1204.0,0.09923358413229247,0,4.0,0.6895502959153275,0,0.0,0.47781333658810665,0,11.0,0.7201088586014813,3,13.0,0.4747737120124335,17,826.0,0.20111112576496756,82,2985.0
200.0,278,3,64,255,533,0,609.0,2.1906474820143886,6.625662467814943,3,24.0,0.4982075864590022,2,22.0,0.6257043948513918,2,7.0,0.3208237813481159,0,4.0,0.9260662229935285,1,14.0,0.6712930292022009,10,238.0,0.21914455867611943,5,42.0,0.579735735905982,1,346.0,0.37432340192297886,1,17.0,0.6997065214925664,0,4.0,0.8750463555997946,21,914.0,0.12031821217918684,0,6.0,0.8044934924870066,1,7.0,0.17524313447363707,0,4.0,0.9030700531698052,4,32.0,0.3392475257974106,13,897.0,0.2655425884611261,64,2578.0
205.0,286,5,58,261,547,0,381.0,1.332167832167832,6.476341860565871,7,49.0,0.4659369497359573,6,36.0,0.39725359941236565,1,11.0,0.23861833659829365,0,8.0,0.7752783986016656,6,32.0,0.4734409196162738,6,143.0,0.30941590255563634,5,67.0,0.6355877260431934,0,241.0,0.24327875933648688,2,18.0,0.4857770054032269,1,4.0,0.6392793051041556,7,960.0,0.2772334824943467,1,8.0,0.6372074639924568,0,4.0,0.9202290214742184,1,3.0,0.4677195416037018,0,25.0,0.43737402989115914,15,960.0,0.22195709985845635,58,2569.0
210.0,285,6,76,269,554,0,386.0,1.3543859649122807,5.906791068093084,10,91.0,0.31638220021340757,3,40.0,0.35477273183017427,1,11.0,0.5767723045485881,0,4.0,0.879965727005425,8,68.0,0.18364724175066463,1,125.0,0.3541912273174628,1,51.0,0.5315362846852904,7,260.0,0.2580736486911198,7,48.0,0.3192250960199368,1,4.0,0.5059454637606378,8,962.0,0.3455127051491087,6,28.0,0.41103682224702726,0,4.0,0.8518569505855873,6,20.0,0.07555511903631128,0,4.0,0.7617105322017705,17,914.0,0.07112289354616572,76,2634.0
215.0,288,4,89,284,572,0,503.0,1.7465277777777777,5.943918894926402,6,99.0,0.379357733979625,1,14.0,0.5624374691066163,0,7.0,0.8489437186062571,0,6.0,0.852238260853162,5,69.0,0.2965836546780954,6,151.0,0.2617174841813873,7,25.0,0.2628067238069397,9,304.0,0.47679595011176024,7,83.0,0.5383814184525039,1,7.0,0.7879221092452333,14,1011.0,0.23508873184597298,11,72.0,0.18242410482467758,1,5.0,0.5015609609220105,0,26.0,0.5620948997749491,3,9.0,0.7252758104830609,18,788.0,0.16135857516316848,89,2676.0
220.0,290,3,84,299,589,0,557.0,1.9206896551724137,5.737664580770855,2,44.0,0.5529067252355392,1,11.0,0.6666227707853233,0,4.0,0.8742408524880888,0,4.0,0.7788887855384692,0,21.0,0.5629711745024006,14,205.0,0.23280976057702488,4,38.0,0.27466234459862177,9,349.0,0.3950652659456413,2,69.0,0.5652677181814767,1,14.0,0.7057689245112533,17,948.0,0.08705399829402327,12,138.0,0.10655352708572156,6,26.0,0.1005848364085337,0,3.0,0.8997590601587114,4,21.0,0.569337556977456,12,803.0,0.2547042767971125,84,2698.0
225.0,293,1,77,306,599,0,485.0,1.6552901023890785,5.640657311648694,3,43.0,0.44038100495712607,2,20.0,0.7496005976554642,0,4.0,0.6128929709344687,0,2.0,0.8724660314489446,1,12.0,0.6248600990531126,11,219.0,0.309990953436759,5,34.0,0.3568368800378199,8,278.0,0.05614750417270925,2,25.0,0.392519175121696,1,21.0,0.8298481053999464,16,781.0,0.0979592545854273,6,151.0,0.5206393554469863,4,43.0,0.1577341567321599,0,3.0,0.4672524384408214,7,49.0,0.42011693912738224,11,842.0,0.20795420485176597,77,2527.0
230.0,306,1,69,309,615,0,353.0,1.15359477124183,6.387216263832253,8,73.0,0.38488854428095115,0,4.0,0.49227664689862644,0,4.0,0.8882316199958362,0,0.0,0.8910235227817205,7,37.0,0.5635022929423592,7,166.0,0.420932122081028,1,36.0,0.4722142319744162,2,126.0,0.3264264366826534,1,12.0,0.39554060568035393,2,8.0,0.7773959780350354,14,782.0,0.222217326582755,0,75.0,0.5478765497954119,0,24.0,0.6604862258592397,5,21.0,0.21078338419547002,8,91.0,0.29971990768899426,14,901.0,0.13845030195938415,69,2360.0
235.0,305,3,75,324,629,0,428.0,1.4032786885245903,6.37735772570918,5,73.0,0.43723396044798435,2,10.0,0.5315490629163923,0,4.0,0.8276348677098918,0,2.0,0.7146107105628519,9,76.0,0.4223382969959943,2,177.0,0.38199535342648033,3,20.0,0.6141299767040707,2,83.0,0.5777534089195544,6,27.0,0.5342837358359039,3,15.0,0.6807943161373431,14,835.0,0.24726987922303562,3,79.0,0.2808713238176174,0,8.0,0.8678696791897683,2,24.0,0.0979310235492292,4,85.0,0.4570923380585256,20,998.0,0.08028382080175869,75,2516.0
240.0,304,4,73,332,636,0,428.0,1.4078947368421053,5.930510023193825,1,36.0,0.48459156966292116,0,7.0,0.7013793391523977,0,4.0,0.6779507416472496,4,15.0,0.43391960876696706,6,83.0,0.23432887505331407,9,207.0,0.2690264122155282,0,10.0,0.3632496469912041,7,110.0,0.3822338996580274,2,34.0,0.5506718014847893,1,11.0,0.40340769187873277,13,897.0,0.16429057031411723,8,114.0,0.06693395259245664,0,4.0,0.8251769650251131,0,6.0,0.5702181849581877,0,31.0,0.6841270798272511,22,969.0,0.1739925612291104,73,2538.0
245.0,311,2,103,343,654,0,672.0,2.1607717041800645,5.876108608668132,1,22.0,0.5068300649869321,1,9.0,0.8134776429174632,1,5.0,0.52765131149933,1,21.0,0.5995578312911382,4,54.0,0.41471206340022243,15,268.0,0.21552472464358255,5,19.0,0.3632387915057327,13,163.0,0.059571281382979964,3,18.0,0.4403769232750034,3,20.0,0.6931214131166563,21,993.0,0.08436233011613249,11,169.0,0.27342548904458497,2,8.0,0.28364265501886093,0,4.0,0.8698271425053459,3,34.0,0.5216804372582765,19,801.0,0.20204263060678615,103,2608.0
250.0,314,2,108,356,670,0,871.0,2.7738853503184715,5.312918036020964,6,44.0,0.4414672329758572,1,4.0,0.5388327397450209,5,25.0,0.5050751080673254,1,8.0,0.40232708731197053,3,41.0,0.5096887465114025,18,353.0,0.1035794706578203,0,20.0,0.34165636007292793,15,238.0,0.029105940334251436,3,16.0,0.3812379859626813,0,11.0,0.7944906296619707,23,969.0,0.14980785218811277,12,227.0,0.31413119311809257,0,7.0,0.22142604986200234,0,4.0,0.8573977857479348,8,68.0,0.4009729589201973,13,761.0,0.17760758421870146,108,2796.0
255.0,310,2,120,368,678,0,1117.0,3.6032258064516127,5.163539972449522,3,46.0,0.4127905702369319,3,15.0,0.4804824952416446,2,31.0,0.4407373005556567,0,5.0,0.12032235030176497,8,55.0,0.4266897183062047,24,460.0,0.17722619320608407,2,10.0,0.18922587018651074,15,319.0,0.2597733194436647,7,41.0,0.49890145811308706,2,6.0,0.6036848987170044,20,828.0,0.2074990023123568,12,289.0,0.3123439865050922,0,4.0,0.7867053076857244,0,2.0,0.48897708892243624,13,120.0,0.13788081129837726,9,814.0,0.2024044487903534,120,3045.0
260.0,316,4,102,376,692,0,1153.0,3.6487341772151898,5.162748769337875,1,12.0,0.5879857673823322,1,13.0,0.6604744251789116,6,32.0,0.4240792710828685,0,0.0,0.5610526090421495,7,62.0,0.22758490632019265,24,582.0,0.16407064534574473,0,10.0,0.6583799070147506,15,394.0,0.2582333159650006,2,47.0,0.5051281018404037,1,6.0,0.48866788357961655,16,916.0,0.11924541222050015,6,263.0,0.23047061241747646,0,4.0,0.9202948579709646,1,9.0,0.17179827969899664,10,117.0,0.2575943321061879,12,867.0,0.2400831884185857,102,3334.0
265.0,317,6,97,389,706,0,1219.0,3.8454258675078865,5.74105135995347,2,16.0,0.5327111605449606,1,9.0,0.8384765559231822,8,71.0,0.3807014674769071,1,3.0,0.7596773014318364,6,50.0,0.30657636241497,24,704.0,0.20002112835109986,0,4.0,0.8393394659592709,20,483.0,0.25777124273000906,2,14.0,0.42541464402631607,2,15.0,0.7313288996986819,15,995.0,0.11873302076419465,1,144.0,0.39201210376642603,0,4.0,0.7755803633134812,1,9.0,0.6972638367442925,2,122.0,0.4228343168975807,12,806.0,0.13268937249205753,97,3449.0
270.0,314,7,108,399,713,0,1492.0,4.751592356687898,5.322053080207159,7,40.0,0.42103775827514683,0,2.0,0.5774945649371923,8,111.0,0.5390514669232828,1,8.0,0.7508452716039112,0,40.0,0.45135238744671113,28,832.0,0.04657398790163086,0,4.0,0.5753077062982376,21,584.0,0.14477561013536389,2,13.0,0.3786829257532049,1,5.0,0.807705542582608,15,1065.0,0.19626654687314457,3,141.0,0.42739568246994714,0,8.0,0.772798754926487,1,14.0,0.8185286688674135,8,138.0,0.3279297918626182,13,642.0,0.09625825396918347,108,3647.0
275.0,324,6,133,406,730,0,1548.0,4.777777777777778,5.0759973738642055,3,45.0,0.4690920743773146,2,6.0,0.5835238359707327,8,151.0,0.4355101361555028,0,0.0,0.7558023361968246,7,38.0,0.5639465786846356,26,865.0,0.047967072821063064,5,23.0,0.3383274519587681,16,570.0,0.09599629371923372,9,41.0,0.4840158393689052,3,11.0,0.5801798842208135,21,1159.0,0.15856769214968297,9,169.0,0.1745292606266199,0,4.0,0.8734477723330373,1,15.0,0.5891790034607937,14,200.0,0.15837573736274405,9,640.0,0.2856084480050868,133,3937.0
280.0,337,7,114,408,745,0,1209.0,3.5875370919881306,5.464039051515414,2,18.0,0.556393613999476,0,4.0,0.7718667352811596,12,199.0,0.010933752844874725,0,0.0,0.8015254131125868,4,45.0,0.4372915492450492,16,762.0,0.21817021712424736,5,36.0,0.4641915559026474,8,449.0,0.3290360600444809,10,87.0,0.39199303880731345,1,7.0,0.5301399343564801,28,1284.0,0.056038595853616015,8,158.0,0.09519734576158069,0,8.0,0.7789621313200717,1,22.0,0.7297113281705079,11,209.0,0.2861254580677281,8,673.0,0.286798531533657,114,3961.0
285.0,333,6,97,421,754,0,921.0,2.765765765765766,5.5592438202658885,4,18.0,0.5410141617352092,0,4.0,0.9027511116741472,15,269.0,0.08650805113002881,0,0.0,0.9272098602130092,6,50.0,0.22165388711417325,10,772.0,0.2715828203988969,0,22.0,0.5178673391769841,4,451.0,0.4127518771236013,9,106.0,0.220541017719654,1,10.0,0.623746821643782,30,1269.0,0.018217879087021587,2,47.0,0.5318596645442961,0,4.0,0.7865284756795574,0,4.0,0.8303356389969268,2,140.0,0.4413156085634461,14,730.0,0.22588366955456862,97,3896.0
290.0,337,8,105,431,768,0,918.0,2.7240356083086055,5.423076701317582,1,14.0,0.5472283865511736,2,6.0,0.5993123301122233,15,344.0,0.2770915490899898,2,3.0,0.00018943846148325932,10,80.0,0.17445498907084256,12,824.0,0.2414921173724895,2,7.0,0.3306002943811862,10,475.0,0.3224685717941582,4,76.0,0.3654391085857969,1,8.0,0.809774752992809,23,1087.0,0.06805245411596508,1,35.0,0.6673191457617048,0,4.0,0.8259224427389656,0,4.0,0.9431358222184791,1,123.0,0.3487606446137804,21,823.0,0.05615891838495424,105,3913.0
295.0,344,10,127,438,782,0,1274.0,3.703488372093023,5.293547832714951,2,11.0,0.6226538356312563,7,32.0,0.2621137893393769,15,419.0,0.26078556844345996,2,13.0,0.4327338476563837,9,99.0,0.38508250005000655,14,883.0,0.20968256517669817,3,15.0,0.12756021167488343,15,538.0,0.20432172325232922,2,59.0,0.40596048590733996,1,13.0,0.7195830281623329,18,1183.0,0.19116125227550254,4,48.0,0.6315596112048762,0,4.0,0.44704660200624347,0,0.0,0.5205062208321085,8,153.0,0.21581818335153685,27,945.0,0.16521556931845482,127,4415.0
300.0,335,11,149,454,789,0,1616.0,4.823880597014925,4.752383869074388,5,29.0,0.4888201352140363,6,57.0,0.2688765463918376,15,494.0,0.10877206575960063,0,0.0,0.8959616237165738,8,111.0,0.3188807823999339,16,842.0,0.06057090460858581,8,39.0,0.3424122894148752,15,617.0,0.2649879821441316,7,82.0,0.28656684002145766,2,10.0,0.4392417105607523,14,1255.0,0.25638340241874874,7,75.0,0.23498794528370778,0,4.0,0.8787590477320051,0,4.0,0.7767102061474357,15,210.0,0.14168603988569398,31,1097.0,0.19350351661889592,149,4926.0
305.0,332,13,124,471,803,0,1322.0,3.9819277108433737,4.811232878831799,7,57.0,0.4047767104076354,2,42.0,0.4051303198252922,10,463.0,0.10460401877793721,0,4.0,0.7555932480923415,5,83.0,0.263282533589764,16,705.0,0.16559588171838113,3,51.0,0.49436097235855064,9,561.0,0.21921210087101012,3,81.0,0.4958815022766669,6,31.0,0.36584948048190824,15,1322.0,0.24005927940187477,10,122.0,0.09013677429325936,0,4.0,0.9171531231630653,0,4.0,0.8849191757289656,12,220.0,0.2861474334446498,26,1091.0,0.16185859747817982,124,4841.0
310.0,342,11,94,479,821,0,791.0,2.3128654970760234,5.410648450448544,9,96.0,0.39958254544539157,3,44.0,0.3274030156681607,3,305.0,0.5412353597396155,0,4.0,0.8975006475007073,4,76.0,0.2756201590769559,12,756.0,0.12324855081149422,1,21.0,0.5285712085889328,5,382.0,0.4509448892366024,2,35.0,0.5927133445794853,3,40.0,0.5518790342742993,21,1418.0,0.14846089657618,5,114.0,0.11288803852102429,0,4.0,0.6906357582378263,0,2.0,0.8908577591454067,5,178.0,0.40200977653938,21,856.0,0.12973657659348714,94,4331.0
315.0,344,12,84,484,828,0,549.0,1.5959302325581395,5.650618610378543,5,89.0,0.3844131396251649,6,73.0,0.3427983094083243,2,208.0,0.5609543982271508,0,4.0,0.9017500808134562,6,64.0,0.3093412565959509,11,798.0,0.1069555448971354,2,10.0,0.21898782688725008,2,285.0,0.4655760991531461,1,18.0,0.3866346364068765,3,27.0,0.7028317707907868,24,1358.0,0.05388950413221363,1,52.0,0.6281193795006784,1,8.0,0.6050652406225928,2,2.0,0.4283055413870591,3,186.0,0.37809818236321185,15,874.0,0.11495994801492448,84,4056.0
320.0,350,12,108,494,844,0,600.0,1.7142857142857142,5.906347139188301,2,42.0,0.4893838746259508,6,103.0,0.5545577864210645,7,233.0,0.21548025888258424,0,0.0,0.9043002756395051,11,107.0,0.38685456254677436,10,736.0,0.2222466803154319,6,33.0,0.4318191811696949,7,310.0,0.3276974748974141,6,37.0,0.3514924269368035,1,19.0,0.4005344401386258,25,1152.0,0.07773921012651894,3,45.0,0.7178175778620368,2,18.0,0.7398835994455245,2,14.0,0.18353419880528662,10,224.0,0.23830914219674362,10,909.0,0.14981094937439135,108,3982.0
325.0,339,14,95,519,858,0,551.0,1.6253687315634218,5.496880244450184,2,28.0,0.49236804797254863,0,79.0,0.6163417537129705,7,196.0,0.07678333394901884,2,6.0,0.5450967816933157,7,111.0,0.49785067730723737,6,559.0,0.3257476430956281,0,33.0,0.6344622538521028,13,362.0,0.16085348443267403,2,39.0,0.41616364110989107,7,41.0,0.34598212729836364,18,1245.0,0.10211743184160456,3,56.0,0.6434523992750913,0,6.0,0.6811005634724233,0,4.0,0.9122847448416248,15,289.0,0.1257022252713867,13,960.0,0.22496144901608855,95,4014.0
330.0,329,15,119,536,865,0,843.0,2.5623100303951367,5.238501345748473,7,55.0,0.3693592772487554,2,6.0,0.5550075147794832,2,78.0,0.5003844167316487,2,16.0,0.6112026515318678,1,64.0,0.41409673825563,9,545.0,0.22854873585293908,0,8.0,0.691769875209795,17,437.0,0.2017130228552071,3,20.0,0.6298876629363183,9,86.0,0.4235511896733066,15,1318.0,0.20883645099324077,6,76.0,0.13641292593329132,5,19.0,0.23498682679715274,0,4.0,0.9044042455646398,22,390.0,0.18010514038738967,19,1043.0,0.22998721295275687,119,4165.0
335.0,336,17,117,543,879,0,998.0,2.9702380952380953,4.811035528544873,4,59.0,0.44652341139913604,2,13.0,0.3376357373460585,5,87.0,0.44147802503419603,0,2.0,0.8018666785102827,5,74.0,0.22452547050146066,12,592.0,0.17483855686286998,1,6.0,0.28921663436828116,14,397.0,0.29232158954719883,1,18.0,0.7031622968062169,9,131.0,0.3686125769731909,10,1225.0,0.25792795803298835,4,66.0,0.19827168330036624,0,30.0,0.25504849866775453,0,4.0,0.6863451174730858,24,501.0,0.1689596156189495,26,1157.0,0.14694101898799106,117,4362.0
340.0,346,15,125,551,897,0,1296.0,3.745664739884393,5.467476668213341,2,25.0,0.5622301825015948,6,36.0,0.5739889001890671,9,120.0,0.21981915520463954,0,0.0,0.858201725369218,10,101.0,0.36981796497457026,9,531.0,0.29353777952077464,5,30.0,0.35836530035095526,7,246.0,0.31727394125807895,2,18.0,0.4245917412328118,12,184.0,0.21051876202745812,8,1005.0,0.14386936697322292,1,23.0,0.7269599801920066,1,13.0,0.8114432939238714,0,4.0,0.8448686189165772,25,619.0,0.06483096696285838,28,1296.0,1.1367055634717783e-05,125,4251.0
345.0,345,16,105,559,904,0,1436.0,4.16231884057971,5.3189058593884475,1,12.0,0.4562854749750244,0,33.0,0.5757361405242595,9,165.0,0.0,0,0.0,0.7726767383949917,14,159.0,0.2610993342133873,4,374.0,0.2992759821341579,0,28.0,0.6707421079039131,2,179.0,0.18441789321569677,2,19.0,0.3318048930149317,15,258.0,0.1997062642649754,6,977.0,0.12073971809121087,1,20.0,0.8334664928736121,1,18.0,0.8480144576911538,1,7.0,0.7861372583533186,21,638.0,0.07223951900291421,28,1440.0,0.024026234423961255,105,4327.0
350.0,347,16,108,573,920,0,1458.0,4.2017291066282425,5.162396244241725,7,34.0,0.45037578953822227,3,11.0,0.45378257946097084,3,128.0,0.22161132361012037,1,9.0,0.6151161785938192,10,174.0,0.1499079632601588,6,363.0,0.17233898804555112,0,4.0,0.8400016605045061,7,195.0,0.2657901771664054,2,17.0,0.6475351405403961,15,337.0,0.3499239186872216,9,1007.0,0.22176334811378054,0,4.0,0.3119752951631482,1,3.0,0.5001986526053463,3,12.0,0.5991407878071372,13,538.0,0.28595053915155544,28,1582.0,0.10203999677378461,108,4418.0
355.0,349,18,118,585,934,0,1396.0,4.0,4.991461098936427,9,73.0,0.4197654206777724,2,11.0,0.344086267507587,0,36.0,0.7550237195023095,1,14.0,0.7348792581688134,6,128.0,0.2655299963676592,8,393.0,0.21015694134274182,0,4.0,0.3768364507194414,15,252.0,0.26427503721821444,2,18.0,0.578379030751616,16,413.0,0.25001153314657754,13,1055.0,0.26129240507009993,5,22.0,0.11848732786686596,7,22.0,0.18173803121986973,2,9.0,0.4941160603186364,6,508.0,0.34534990193968,26,1538.0,0.16558860993368255,118,4496.0
360.0,349,16,126,595,944,0,1396.0,4.0,4.85354805934673,5,76.0,0.3591894315634283,7,34.0,0.3429132417759852,1,42.0,0.7821811780385013,0,8.0,0.8474302682635005,3,118.0,0.3933923973979401,14,450.0,0.09189934449201825,1,4.0,0.11070755034638606,19,342.0,0.19458333201421252,4,29.0,0.4592802033098065,20,505.0,0.15704414267704087,12,977.0,0.1563531970135544,0,28.0,0.5462742654063024,8,63.0,0.36387144587176184,4,15.0,0.42783803219046784,8,540.0,0.2529698625997932,20,1306.0,0.2190641478611086,126,4537.0
365.0,351,16,128,609,960,0,1522.0,4.336182336182336,5.1129450631280475,2,42.0,0.515218613374666,1,40.0,0.5829244236687665,2,50.0,0.7416394804485166,0,2.0,0.8656752230057557,8,135.0,0.3934075300686008,21,543.0,0.04987488056978766,1,5.0,0.7316957798553876,19,437.0,0.21993290816591718,9,64.0,0.3094678287016856,21,610.0,0.1189481151104584,15,764.0,0.08480905141475546,0,8.0,0.8721454316523468,2,68.0,0.6204689368924698,0,13.0,0.6735725592829573,12,590.0,0.16173731159632704,15,1307.0,0.11714652217154257,128,4678.0
370.0,356,16,142,620,976,0,1817.0,5.103932584269663,4.917262204846121,4,28.0,0.5789323505778717,2,18.0,0.7559033384885798,4,63.0,0.2149133857682748,1,2.0,0.4035278370804906,13,192.0,0.31628103658753043,28,670.0,0.1509160307656038,1,3.0,0.8156009427391067,21,534.0,0.08114062958423958,4,64.0,0.5102337883186361,21,719.0,0.2022703055469943,13,760.0,0.10973676243195182,0,4.0,0.8732331325562755,2,29.0,0.5013879451017093,0,4.0,0.7774554965242202,18,674.0,0.08533588955211585,10,1364.0,0.16218858686843474,142,5128.0
375.0,354,17,150,629,983,0,2077.0,5.867231638418079,4.3295078293400255,2,23.0,0.4071473445156277,2,10.0,0.5434527543179732,3,28.0,0.1660173659147291,3,22.0,0.2671986517725197,17,271.0,0.13748716212407192,29,815.0,0.1511828047569353,1,5.0,0.7737272357737209,19,543.0,0.23354548332599206,3,36.0,0.5693241924416185,21,824.0,0.25295915118620466,13,803.0,0.11124606255069688,1,7.0,0.31669504400096904,3,27.0,0.10961556347720977,0,4.0,0.709915831661471,19,666.0,0.18552002924588398,14,1427.0,0.2551292813909049,150,5511.0
380.0,360,19,154,637,997,0,2276.0,6.322222222222222,4.265654596633487,5,26.0,0.5197498433856597,6,28.0,0.29376430333570486,0,9.0,0.7271104174500569,3,37.0,0.6880468627166781,13,284.0,0.11884715856146479,29,964.0,0.07488202816015532,0,0.0,0.23821872951274575,9,434.0,0.28706703907461883,3,26.0,0.349779303725798,24,933.0,0.14778460636656968,14,864.0,0.21826674578481672,0,6.0,0.5503568647704706,7,53.0,0.22602983582679953,2,8.0,0.4491996428870074,19,758.0,0.20709956391323434,20,1516.0,0.1831387332990489,154,5946.0
385.0,369,17,158,646,1015,0,2534.0,6.867208672086721,4.28731367506154,2,30.0,0.4709681364934938,7,49.0,0.3097990403014298,0,1.0,0.8459235585224596,3,52.0,0.7032450374181437,6,216.0,0.3370708354140656,29,1109.0,0.16136570463647398,4,15.0,0.0010426137761821875,4,462.0,0.18002632224444884,7,53.0,0.35212270553468444,27,1063.0,0.12135920065489084,15,795.0,0.21855036552962953,0,6.0,0.8339773161906637,7,86.0,0.5553568970830461,1,6.0,0.3578480269150608,19,848.0,0.09144810080697119,27,1640.0,0.032219413534668895,158,6431.0
390.0,368,17,161,655,1023,0,2991.0,8.127717391304348,4.300855595164885,4,20.0,0.5200422700770537,2,40.0,0.5594706713237844,0,0.0,0.5501121433572871,5,68.0,0.3953116228605341,3,205.0,0.4536726772210747,34,1270.0,0.14068356092068549,0,13.0,0.5024791752172323,9,496.0,0.19761408893584906,3,54.0,0.5338684905956366,28,1207.0,0.11310912353122987,14,547.0,0.11570683288349842,0,4.0,0.7435194420527431,7,119.0,0.5305362988948106,3,14.0,0.4500607387572836,18,939.0,0.02873203055651833,31,1792.0,0.04737480795453327,161,6788.0
395.0,376,17,169,663,1039,0,3257.0,8.662234042553191,4.196737605364205,1,17.0,0.4677251174610727,4,35.0,0.5778229455238942,0,2.0,0.815605413427047,9,108.0,0.07348397944231681,8,237.0,0.33128787941019966,31,1283.0,0.08208953251170416,0,0.0,0.8612941860835769,15,557.0,0.21599648604641214,2,21.0,0.654525334134092,28,1347.0,0.16603016528081968,10,534.0,0.13370774000522506,0,4.0,0.9151398174863306,11,162.0,0.15213676745993088,1,14.0,0.5443911034848326,24,1042.0,0.033511213124522835,25,1718.0,0.17596254866363728,169,7081.0
400.0,379,21,172,672,1051,0,3175.0,8.37730870712401,4.037326909255045,4,19.0,0.5643694018273526,3,31.0,0.3297395480712401,0,4.0,0.8328966899399274,12,163.0,0.2860462959438894,14,298.0,0.12596781387264797,24,1126.0,0.0654806596448441,0,4.0,0.7383994640360579,14,535.0,0.22339734157879645,2,22.0,0.4523047509052408,32,1499.0,0.10276962931949558,11,592.0,0.2525966880239303,2,9.0,0.31522799083544895,13,229.0,0.05912929369604601,1,5.0,0.7125743631783013,25,1031.0,0.14789890627653127,15,1427.0,0.22383142211420393,172,6994.0
405.0,376,21,167,683,1059,0,3015.0,8.018617021276595,3.922780128748748,1,18.0,0.5171704446768264,6,39.0,0.3796148198219355,0,4.0,0.8976429067094269,12,223.0,0.33440591833451205,21,389.0,0.06626653455897866,16,1155.0,0.12374109543025792,4,12.0,0.5273012130950702,9,390.0,0.15179466667366243,8,47.0,0.22296174405978908,35,1671.0,0.07542089950127034,12,646.0,0.2683670906080668,0,12.0,0.4699514372314437,8,224.0,0.3197888182794545,1,12.0,0.7112380661496628,22,949.0,0.21637857205775868,12,1485.0,0.13347064380783133,167,7276.0
410.0,389,21,153,686,1075,0,2943.0,7.565552699228792,4.360240562950938,4,18.0,0.6138941002859035,2,43.0,0.5106104476160983,2,3.0,0.2144855147675779,12,279.0,0.3110558268870898,23,497.0,0.1182732497452695,11,1194.0,0.2332229184900989,2,19.0,0.2994189197441678,2,334.0,0.38354351572411005,13,94.0,0.2306446395295661,35,1846.0,0.09535445213992134,18,723.0,0.11466053389467278,0,4.0,0.8324807989146529,0,125.0,0.6306255024765793,0,2.0,0.713118538469938,18,1044.0,0.19886120319862688,11,1544.0,0.08270238961445539,153,7769.0
415.0,397,23,166,692,1089,0,2677.0,6.7430730478589425,4.321213939417747,0,11.0,0.5918245179153769,4,31.0,0.6482932021563138,6,29.0,0.2819049620797902,6,242.0,0.34556054083125887,25,615.0,0.239885911499623,15,1256.0,0.24714797743405975,4,19.0,0.1666809253964454,8,346.0,0.2767108336686008,11,150.0,0.33421970939089907,29,1817.0,0.1313141731436602,25,838.0,0.04159058756423354,2,4.0,0.3471973285795248,2,97.0,0.36336610583499945,3,11.0,0.7048382146904941,16,1126.0,0.20962262640615897,10,1401.0,0.14884004529181377,166,7993.0
420.0,397,24,150,699,1096,0,2043.0,5.146095717884131,4.053366569634699,2,9.0,0.6137982708674049,1,20.0,0.4268986893982715,0,30.0,0.6984907881088996,3,147.0,0.21374252899876447,26,743.0,0.16121018845369584,21,1349.0,0.042129246134166395,3,31.0,0.18883024407082732,8,307.0,0.16099773368804707,11,192.0,0.2502143824317919,22,1570.0,0.1586943431691133,25,822.0,0.14168287527162346,2,18.0,0.2101923803008771,8,126.0,0.05189363279417726,0,7.0,0.38793226087081084,12,1051.0,0.16364841104433075,6,1002.0,0.30102093367959054,150,7424.0
425.0,400,24,160,712,1112,0,1787.0,4.4675,4.416371419273922,2,8.0,0.5496016832520282,6,25.0,0.3690918850618033,0,4.0,0.8336206569275669,1,120.0,0.4264430264080566,22,756.0,0.07549131733113983,28,1479.0,0.018326913437412575,3,31.0,0.544871770742545,4,182.0,0.37482239477011964,18,264.0,0.17287240088572542,15,1648.0,0.16258028024470075,22,693.0,0.2185226669635064,2,32.0,0.7259903375577712,13,186.0,0.25430447340804524,6,22.0,0.11192648233674457,12,860.0,0.09830744714457314,6,1033.0,0.2816128321356064,160,7343.0
430.0,397,27,147,728,1125,0,1521.0,3.831234256926952,4.416948983213766,3,13.0,0.5857819405215878,3,36.0,0.5690560442860747,1,2.0,0.2927673806074099,8,136.0,0.377353131300257,18,650.0,0.14191192571810585,29,1625.0,0.1903610214427849,0,14.0,0.8098264297945509,4,195.0,0.3765375393141861,23,367.0,0.14410002528029955,12,1716.0,0.19266466430213577,17,527.0,0.17032558357422184,2,42.0,0.7994302453292621,7,181.0,0.35288912264718353,0,30.0,0.5548785537763489,10,902.0,0.10412657065216874,10,1074.0,0.10761661081230017,147,7510.0
435.0,389,28,143,743,1132,0,1416.0,3.640102827763496,4.429609202546306,0,8.0,0.5851237049893218,4,23.0,0.6180717474449507,5,24.0,0.12511234724773418,11,186.0,0.3828455984135193,10,705.0,0.24716230999932992,35,1787.0,0.13648866309854407,0,0.0,0.7326713109352765,9,212.0,0.376671062329997,18,377.0,0.2520955073510328,16,1786.0,0.1897666353980692,7,579.0,0.19360832732730535,4,51.0,0.4574126161641834,2,94.0,0.3109167646113702,0,8.0,0.9009662141768084,14,937.0,0.09586907941380554,8,941.0,0.17537655657182352,143,7718.0
440.0,399,32,131,745,1144,0,1249.0,3.130325814536341,4.146208305453694,2,6.0,0.6232538727204895,1,19.0,0.4034525486110443,0,27.0,0.6051529810092376,6,160.0,0.24077783196731914,10,743.0,0.26292280057986084,30,1763.0,0.042030197439989404,1,12.0,0.2586473887316047,8,179.0,0.2830025031172784,10,422.0,0.16892041143653405,23,1890.0,0.1343675790708052,8,604.0,0.30474537516726696,10,91.0,0.07561882079416908,1,61.0,0.15158249721252223,0,4.0,0.8198458350658654,16,1006.0,0.18936918708068995,5,641.0,0.3004856782258428,131,7628.0
445.0,406,28,156,758,1164,0,1329.0,3.273399014778325,4.433237592497512,4,24.0,0.5993642649553454,5,21.0,0.3413098083360238,0,8.0,0.8581550800736583,2,71.0,0.4436052617826151,14,741.0,0.1283864011335083,25,1554.0,0.11331482134467821,3,27.0,0.6550470431380663,5,78.0,0.17405200565306814,11,463.0,0.18765363397620588,29,2024.0,0.10468385619481672,13,657.0,0.289295596242175,14,154.0,0.2556709841573845,5,80.0,0.4527918475632232,1,6.0,0.5573378388641947,16,941.0,0.21359629949778683,9,673.0,0.27456878655521405,156,7522.0
450.0,406,26,153,768,1174,0,1451.0,3.5738916256157633,4.059073076994944,0,18.0,0.5368855729311176,7,57.0,0.2986039105880732,0,4.0,0.7825192312641465,2,60.0,0.44070877175415074,22,830.0,0.037297305655616245,14,1475.0,0.20487460148995218,0,16.0,0.8355772544482492,5,80.0,0.13523250247805635,15,526.0,0.13372787537515046,33,2186.0,0.10613496852425217,14,642.0,0.16807626500026457,14,226.0,0.371527714469277,0,42.0,0.7084357158881495,2,11.0,0.4165129979353791,15,758.0,0.14600980548651873,10,713.0,0.19393634398778947,153,7644.0
455.0,414,26,163,776,1190,0,1660.0,4.009661835748792,4.0848098030344175,2,6.0,0.6227365646072437,1,54.0,0.6254197228560664,2,12.0,0.2375708324556311,7,85.0,0.3361800989770054,21,929.0,0.06633226988443044,9,1506.0,0.2463655869486656,1,7.0,0.26339848573929,6,80.0,0.47403445717249276,21,623.0,0.1472144125253602,33,2351.0,0.07892980822084254,16,555.0,0.11080093765832616,14,294.0,0.37515407744270635,2,7.0,0.4549233710713445,2,13.0,0.6222710773097405,15,827.0,0.11190180045949474,11,621.0,0.17543993218080547,163,7970.0
460.0,421,28,173,783,1204,0,1984.0,4.712589073634204,4.162582015647202,1,6.0,0.5949375747636891,2,19.0,0.6902428026777325,5,35.0,0.4291173285760666,6,91.0,0.13375795807393684,26,1029.0,0.1480586865367245,13,1558.0,0.15540299394511886,2,11.0,0.08486103031690877,6,102.0,0.48693579757999744,25,745.0,0.2180720223089595,33,2516.0,0.10431790390235111,14,578.0,0.10904615007319632,10,266.0,0.16798737951055864,7,34.0,0.26997341464232477,0,12.0,0.7497740622126727,14,894.0,0.10372833554636343,9,417.0,0.25827177126746553,173,8313.0
465.0,412,30,156,798,1210,0,1933.0,4.691747572815534,4.314436738415494,4,17.0,0.5768354388889727,2,19.0,0.3864196400324516,0,34.0,0.5945551769403108,1,53.0,0.4870318424942693,30,1172.0,0.17615481627411228,19,1644.0,0.050689605918822954,0,6.0,0.46218439949352585,6,130.0,0.5289081508888773,23,764.0,0.1460956976925081,27,2415.0,0.12641630194671294,12,612.0,0.22351785802366214,10,218.0,0.1347529201115581,4,49.0,0.4410747466516697,2,7.0,0.3566661415656126,10,824.0,0.20567215509800618,6,331.0,0.25847802219794036,156,8295.0
470.0,405,33,142,818,1223,0,1810.0,4.469135802469136,4.655183237649817,0,13.0,0.5913441430220088,7,46.0,0.34094281451642255,2,12.0,0.5526884706049926,1,40.0,0.5630503291975683,34,1330.0,0.06880742634395186,26,1763.0,0.15855111229062116,0,4.0,0.8402469101831347,1,93.0,0.4640820753539601,20,824.0,0.13567010836832688,21,2047.0,0.1481040507330669,14,671.0,0.24807424462110106,2,206.0,0.3575977859703012,0,26.0,0.6280151692541497,0,7.0,0.28898138343878393,7,636.0,0.29132542740426476,7,361.0,0.20473882157737044,142,8079.0
475.0,408,33,160,831,1239,0,1988.0,4.872549019607843,4.45595382062232,2,6.0,0.7188467466274941,3,46.0,0.5427756434965112,1,11.0,0.5888753054150928,7,66.0,0.3012069090094712,36,1506.0,0.034793906469834726,28,1903.0,0.19021862391066505,0,4.0,0.9012716861785987,2,15.0,0.47876151901660985,15,901.0,0.16946468494784195,14,2124.0,0.18927763187980995,20,755.0,0.141302431944925,8,214.0,0.2991471715198049,0,8.0,0.3435477267537368,1,6.0,0.3184678104363747,9,621.0,0.24286396341752733,14,415.0,0.20759073375962123,160,8601.0
480.0,401,32,164,847,1248,0,2044.0,5.097256857855362,4.075185385810496,0,3.0,0.6599920589852706,3,27.0,0.616523412300194,1,6.0,0.49042235323666844,5,75.0,0.3652380593113398,31,1503.0,0.162417918188538,28,2041.0,0.09720373245969967,0,0.0,0.9654607914852564,5,17.0,0.39038220078202135,14,962.0,0.16013512365265017,13,2183.0,0.1788437409889209,27,874.0,0.020430567610172534,7,197.0,0.0934537179830675,1,10.0,0.4633964629188031,0,6.0,0.814984826163708,9,660.0,0.24187842987476754,20,502.0,0.17839729971035503,164,9066.0
485.0,399,36,180,861,1260,0,2291.0,5.741854636591479,4.08106587172729,2,8.0,0.6351027179995171,2,20.0,0.3994336124949235,2,13.0,0.09476605294312969,3,48.0,0.4651698487842059,22,1320.0,0.23208441255922307,28,2183.0,0.17492185755180373,1,6.0,0.2717470836540026,8,52.0,0.19073808939242456,20,1049.0,0.10670233079547371,15,2250.0,0.15928606298930847,28,896.0,0.14214050938472264,6,119.0,0.22278965320074007,1,15.0,0.7897068370295519,0,8.0,0.8807036887925234,15,722.0,0.21105275889143887,27,619.0,0.03055476858748887,180,9328.0
490.0,403,38,185,871,1274,0,2345.0,5.818858560794045,3.9852017756058915,0,3.0,0.6767383862526796,7,43.0,0.3333089267402708,2,21.0,0.37880599399526116,2,43.0,0.19755971431530198,18,1279.0,0.18947332376910056,27,2091.0,0.13305450542732547,1,13.0,0.7011303815973693,4,59.0,0.11691407431482143,27,1168.0,0.11002902603647649,22,2346.0,0.12266289568928151,22,794.0,0.21581442802975026,6,71.0,0.567838232246926,1,9.0,0.771692274880061,2,11.0,0.6132067638443606,16,681.0,0.10250296585176673,28,762.0,0.031601113894431404,185,9394.0
495.0,398,40,185,882,1280,0,2065.0,5.188442211055277,3.7732840369921243,1,4.0,0.6624651935016725,7,73.0,0.42655882134382506,1,3.0,0.6029010642782755,9,69.0,0.08893517091795952,12,1345.0,0.12214904885396305,21,1771.0,0.09759071390156598,0,8.0,0.8550521216763333,2,32.0,0.5794149125763938,33,1325.0,0.0819193196666417,30,2478.0,0.11122500843678772,18,885.0,0.13336467521684137,2,65.0,0.5778234393882299,4,17.0,0.520005111602481,7,30.0,0.28116649900856333,16,543.0,0.13224192577674204,22,749.0,0.10573829658167455,185,9397.0
500.0,405,44,179,887,1292,0,2073.0,5.118518518518519,4.121551389299193,0,3.0,0.6645911773391535,10,110.0,0.3720575149649875,4,24.0,0.6558454170056693,9,118.0,0.21521077566118307,13,1391.0,0.1497433361310427,16,1247.0,0.13085288546893745,0,4.0,0.8730437039521346,0,4.0,0.920618466277746,36,1501.0,0.09448916736681445,30,2628.0,0.1100258689609798,16,971.0,0.09966229059415921,3,32.0,0.26025725143336553,9,49.0,0.2127852029314085,5,41.0,0.2658417216553783,11,556.0,0.24383756924391475,17,617.0,0.209285491008947,179,9296.0
505.0,414,46,160,892,1306,0,1962.0,4.739130434782608,4.266087765739258,2,8.0,0.7090627298488308,10,151.0,0.19917954320711284,2,28.0,0.5050409770232959,3,105.0,0.42281636691110386,22,1485.0,0.15085989516732,5,1284.0,0.20768920860871057,1,5.0,0.5960459460196336,0,0.0,0.9000884603614276,36,1681.0,0.09682702067449511,25,2474.0,0.12962781945896504,11,915.0,0.23849751816264173,4,32.0,0.15157649421131245,13,109.0,0.20339878994681923,1,16.0,0.46509630377439043,13,614.0,0.20088668572682764,12,603.0,0.2895501957695487,160,9510.0
510.0,410,44,147,906,1316,0,1759.0,4.290243902439024,4.627065320883991,0,2.0,0.6325958133408601,15,209.0,0.1998902534535656,2,10.0,0.4165273224934535,0,44.0,0.6993571592641014,24,1441.0,0.1527455943397438,8,1296.0,0.30876865058919073,3,18.0,0.6652350355270634,0,0.0,0.8507418258296846,31,1677.0,0.10102617827392084,17,1919.0,0.196119526549171,6,734.0,0.28367220877636107,5,42.0,0.5795419441786892,13,174.0,0.33919436816130455,3,14.0,0.12511793015595915,13,617.0,0.11249320360412633,7,648.0,0.2134020368042174,147,8845.0
515.0,416,42,142,918,1334,0,1570.0,3.7740384615384617,4.226488380076062,1,5.0,0.720678752407889,16,289.0,0.30896511125605214,7,31.0,0.3301629346488679,1,29.0,0.28372113299728735,23,1539.0,0.059408565539934274,12,1352.0,0.25788002469846466,2,14.0,0.6627077949581868,0,0.0,0.8550755590393073,22,1473.0,0.15003324090554668,5,1834.0,0.27240760651168444,7,717.0,0.13851348049095696,0,32.0,0.7193431267964174,13,239.0,0.2188092767903509,6,43.0,0.11228717150969676,14,495.0,0.12853622880355078,13,705.0,0.14586025324045807,142,8797.0
520.0,413,46,148,933,1346,0,1412.0,3.4188861985472156,3.880793588908329,0,0.0,0.7403566115792689,18,376.0,0.19162203607476955,8,75.0,0.16010699486063415,4,52.0,0.11920335808511452,22,1648.0,0.06507947848879617,20,1438.0,0.17336463857203016,3,19.0,0.619219484114599,0,0.0,0.6853322013134614,16,1554.0,0.1872913575803905,9,1868.0,0.25001404733421434,9,760.0,0.11914904339280882,2,10.0,0.32734066172729503,14,260.0,0.06313180605598377,0,39.0,0.5361610767227671,10,528.0,0.22629054081692834,13,676.0,0.2243652983141634,148,9303.0
525.0,412,47,150,941,1353,0,1259.0,3.0558252427184467,4.3594717388869455,1,4.0,0.6540179985278312,20,462.0,0.11640965886284144,2,73.0,0.47190286461969755,0,27.0,0.655851160253732,21,1754.0,0.1406841109267734,21,1313.0,0.03504023683711782,3,38.0,0.5418489014448301,5,11.0,0.3985167470714632,13,1619.0,0.18111838936631858,12,1919.0,0.19078626455919032,15,820.0,0.22275363084384342,7,37.0,0.1377939569746532,7,212.0,0.32384663002152053,0,6.0,0.8802482924965416,13,568.0,0.18891244490263728,10,558.0,0.3300830069866325,150,9421.0
530.0,417,49,147,950,1367,0,1377.0,3.302158273381295,4.753754321351814,4,20.0,0.5311148778803055,21,559.0,0.14736368162298855,1,30.0,0.6968028280203383,0,8.0,0.8746341801866406,16,1649.0,0.23923048508989067,15,1004.0,0.15845281997876234,3,53.0,0.6300618954211219,7,43.0,0.11962737838335454,16,1692.0,0.1741852015783685,18,1998.0,0.13470466885232596,14,773.0,0.20486977830115366,1,42.0,0.4690113282747413,3,223.0,0.4238444539401932,2,10.0,0.6959639656529557,17,649.0,0.06300448238067084,9,523.0,0.2983491137225069,147,9276.0
535.0,417,52,146,963,1380,0,1280.0,3.0695443645083933,4.438063887110676,6,46.0,0.5197473706814201,16,560.0,0.17920971213854514,3,34.0,0.42128780022297213,0,4.0,0.8049846043545489,13,1355.0,0.19205834612895956,3,843.0,0.4182385603993087,1,25.0,0.5764924753517046,1,50.0,0.27455792300967474,24,1801.0,0.13974744987729845,27,2116.0,0.11951658178140168,15,578.0,0.1250148459909621,1,20.0,0.7623056316115865,8,248.0,0.4258740433282128,5,27.0,0.3664797311556152,17,618.0,0.05288470905698942,6,559.0,0.23961362323696256,146,8884.0
540.0,415,50,152,975,1390,0,1176.0,2.833734939759036,4.036265985482544,1,40.0,0.46891843746739775,9,451.0,0.2811931535781458,9,65.0,0.4047106425311085,0,8.0,0.2881983353429787,15,1419.0,0.09632129682427333,7,843.0,0.34966735093314005,4,20.0,0.49076240216719064,0,12.0,0.9133488586023447,23,1727.0,0.15303681120941545,28,2259.0,0.1416078639152384,13,594.0,0.14882619936150845,0,6.0,0.6149832390158514,15,306.0,0.2034290710961483,3,38.0,0.3457711673625382,13,480.0,0.07510276904957065,12,610.0,0.146664869266851,152,8878.0
545.0,418,54,152,984,1402,0,1312.0,3.138755980861244,4.323105070043769,3,14.0,0.595630565785143,3,456.0,0.36854314218169415,10,115.0,0.4191659222457799,0,4.0,0.6161868026704587,14,1485.0,0.10889126186815085,12,894.0,0.20135830798723145,0,16.0,0.45683214329345057,1,15.0,0.8299719950579056,19,1458.0,0.15994655585260764,28,2399.0,0.12870322956493238,13,649.0,0.16759412767208648,2,10.0,0.30190170325421856,21,394.0,0.04234091789565164,0,12.0,0.6719128483545216,14,550.0,0.21093702041491644,12,579.0,0.20490605052202607,152,9050.0
550.0,418,60,166,994,1412,0,1671.0,3.9976076555023923,4.40440298453636,3,14.0,0.5500379077189103,9,485.0,0.25590882436108503,10,167.0,0.45372237849590996,0,4.0,0.8717338125201465,10,1358.0,0.0961840088436708,19,979.0,0.06925798442322187,3,13.0,0.651668746680149,3,22.0,0.42917868128951414,12,1450.0,0.2176039224513541,33,2553.0,0.10201885054352222,12,708.0,0.1233925637452271,7,33.0,0.3799096347507157,22,507.0,0.0343029419214482,0,0.0,0.9452970887060236,12,616.0,0.2759955457585536,11,457.0,0.2837170793023241,166,9366.0
555.0,415,57,183,1008,1423,0,2065.0,4.975903614457831,3.907859494721759,6,32.0,0.4379124014888367,16,552.0,0.11985575443057071,6,147.0,0.34031441018633907,0,4.0,0.7613907844195065,9,1089.0,0.17368385586196428,24,1089.0,0.15315969375269334,3,28.0,0.5892862270633025,3,16.0,0.2438833361360488,11,1508.0,0.2107531059852371,35,2727.0,0.09358317528900253,20,791.0,0.19024009990809285,8,70.0,0.4962978740963827,16,510.0,0.2139716676111304,1,5.0,0.47818646345334925,15,675.0,0.19820184879087735,10,467.0,0.167186304304447,183,9710.0
560.0,412,56,182,1028,1440,0,2462.0,5.975728155339806,3.7140768374262194,3,38.0,0.465231522203024,21,655.0,0.19583268987886054,3,72.0,0.15317786832254918,0,4.0,0.81173929948809,5,1107.0,0.23669875677998745,26,1214.0,0.16280503935255955,2,13.0,0.21782719799028147,1,15.0,0.6825002993532382,14,1459.0,0.18980016949831854,35,2904.0,0.10421277313986613,26,908.0,0.14720496722948598,8,108.0,0.3937614773158223,6,388.0,0.31736033074840114,4,20.0,0.6140835409461235,21,768.0,0.07917908261455213,7,503.0,0.2123359166569084,182,10176.0
565.0,423,56,183,1033,1456,0,2401.0,5.67612293144208,3.616822586507046,3,20.0,0.551497282129628,16,637.0,0.2999355089075956,1,72.0,0.28313902557740944,3,11.0,0.5359377432202153,12,1130.0,0.19820684682897083,30,1361.0,0.15058587116831815,5,24.0,0.12848224922423326,0,6.0,0.7703932082941954,19,1541.0,0.154048857524564,30,2738.0,0.11889505388101893,29,931.0,0.03368187571669915,4,100.0,0.31280492486630757,2,372.0,0.24829831502201005,0,17.0,0.6548703238344448,20,765.0,0.06153265196164074,9,458.0,0.23716985701465487,183,10183.0
570.0,424,57,171,1039,1463,0,2008.0,4.735849056603773,4.0292773064894805,2,15.0,0.41308355222888954,10,484.0,0.2151635678709704,8,88.0,0.46617877039001243,4,28.0,0.5895000497242229,15,1194.0,0.12529426139037741,25,1270.0,0.03762378764427187,0,24.0,0.5621333104740776,1,9.0,0.759287935852288,20,1622.0,0.14595978736889226,22,2254.0,0.1561836515548768,27,846.0,0.08309224426652614,4,39.0,0.5244760564519166,8,402.0,0.2982618357304729,2,7.0,0.46223933341097245,17,649.0,0.11058399132176884,6,326.0,0.3150342417727503,171,9257.0
575.0,427,59,155,1050,1477,0,1582.0,3.7049180327868854,4.012070489709601,5,32.0,0.524801740244743,5,416.0,0.26535730019359655,10,136.0,0.35176138468895535,1,22.0,0.567542543996097,17,1108.0,0.08757619489597039,19,988.0,0.10993183887120271,0,8.0,0.8469223823282672,3,22.0,0.17876425879480254,24,1726.0,0.11717636773949953,15,1512.0,0.22432934110617367,17,934.0,0.18973008477334863,0,19.0,0.6179867156481283,14,459.0,0.27962459616208846,2,12.0,0.11555923163599868,16,739.0,0.0852010499640378,7,350.0,0.1280160627880935,155,8483.0
580.0,421,65,152,1066,1487,0,1387.0,3.294536817102138,4.26810257875476,3,33.0,0.45654434399457516,6,442.0,0.28632251658974417,14,197.0,0.0030174054054990036,2,12.0,0.3950274122056115,14,886.0,0.1063618497223533,12,640.0,0.30451438514421614,2,11.0,0.7453530159357051,4,41.0,0.5425753557729681,29,1858.0,0.10367740309219979,4,1541.0,0.29116493301153773,14,990.0,0.21892213262332674,2,9.0,0.44212670846054736,20,546.0,0.2461880465544833,3,24.0,0.2420905265453852,14,819.0,0.17872891096646545,9,387.0,0.25781938099469476,152,8436.0
585.0,414,66,157,1080,1494,0,1497.0,3.6159420289855073,4.233914679665295,3,16.0,0.5697137104716687,13,490.0,0.28263919808188376,15,275.0,0.2167629242497884,2,8.0,0.1853552746945208,16,941.0,0.08802148362651688,5,657.0,0.31259004715493616,4,29.0,0.616131446917994,4,61.0,0.6480875694775873,32,2012.0,0.09853166441835194,6,1551.0,0.3007168214876397,15,1052.0,0.15789344781170822,0,9.0,0.6508832170263795,23,658.0,0.20492227182634892,0,11.0,0.7463638745782367,10,780.0,0.240134897155308,9,362.0,0.25690667909100573,157,8912.0
590.0,418,66,174,1092,1510,0,1991.0,4.7631578947368425,3.625233256849931,4,22.0,0.4063045747779904,18,571.0,0.11776663391671263,16,355.0,0.40223794205279295,3,23.0,0.47135330632602196,14,1022.0,0.08453902099342239,8,650.0,0.2638663247301551,3,25.0,0.17717232083769896,4,77.0,0.5941443770848903,35,2181.0,0.09353478766342901,13,1602.0,0.1460643984976145,16,1000.0,0.07658463443843153,1,7.0,0.5079180136199379,23,775.0,0.22115681136565246,0,4.0,0.9190818499054889,9,637.0,0.1775408789169709,7,261.0,0.23631282302325982,174,9212.0
595.0,426,70,194,1096,1522,0,2368.0,5.55868544600939,3.7366506906135624,7,40.0,0.4400075929635328,24,680.0,0.12705784255340866,18,438.0,0.3603943692681314,0,9.0,0.8221763719034784,10,922.0,0.10719595689110804,10,573.0,0.08580634125022024,7,26.0,0.25512687101377735,5,104.0,0.17588420498196508,30,2103.0,0.1259751907562057,19,1690.0,0.1850255954961435,15,840.0,0.1970717668285267,0,9.0,0.66432355138524,27,901.0,0.0970663369488131,0,0.0,0.8923714486899482,12,450.0,0.17476054453230133,10,163.0,0.18568952674845474,194,8948.0
600.0,427,65,174,1108,1535,0,2488.0,5.826697892271663,3.805418735884718,4,45.0,0.4650612103133718,27,815.0,0.1380625499430825,22,541.0,0.16287653466764054,0,0.0,0.9100583954724657,8,671.0,0.13157406987665812,9,411.0,0.23947394486374787,7,60.0,0.542929147851154,3,75.0,0.4713890031156694,21,1679.0,0.15975599742867966,24,1803.0,0.19676680861219398,12,892.0,0.2091853555181771,0,4.0,0.7996029564771249,29,1045.0,0.033183360058188234,1,2.0,0.4021341989125372,6,470.0,0.19208233242688036,1,171.0,0.31492233267174474,174,8684.0
605.0,427,71,175,1118,1545,0,2838.0,6.646370023419204,4.038822661832468,2,19.0,0.5776153173753091,27,950.0,0.1830371007930635,27,668.0,0.12069716361741573,0,0.0,0.8921719139947775,8,706.0,0.22918423530803794,5,397.0,0.2857055340264941,1,58.0,0.657604422081109,0,15.0,0.7026953195041373,15,1755.0,0.20035154185746584,26,1929.0,0.11085213020926932,16,950.0,0.1395342072952252,2,8.0,0.543895851556251,29,1194.0,0.030301030152059316,5,20.0,0.39751775402954515,6,475.0,0.33921328176899523,6,170.0,0.4095608863525092,175,9314.0
610.0,437,71,189,1124,1561,0,3050.0,6.979405034324943,3.7075304489047385,5,26.0,0.5047247149516838,33,1099.0,0.11005440587155202,28,808.0,0.03333564855728216,1,3.0,0.17346748537705006,11,755.0,0.2531413344110708,8,413.0,0.35313922806837494,1,20.0,0.46485781544620225,1,10.0,0.6238210164003422,11,1817.0,0.2079396824853888,31,2080.0,0.11067708941801989,11,885.0,0.10900589151764926,0,8.0,0.5866112867247324,23,1177.0,0.20081482348804705,1,22.0,0.42634110128913283,12,517.0,0.2854869013028023,12,216.0,0.2541546122409612,189,9856.0
615.0,445,67,201,1128,1573,0,2989.0,6.71685393258427,3.505225992476344,5,36.0,0.3844443236638345,30,1098.0,0.10602236685737165,28,948.0,0.0,2,13.0,0.5855585736257862,15,816.0,0.17552278101520336,14,466.0,0.29885556426392146,3,24.0,0.27321418119294694,6,33.0,0.49127065348298904,14,1880.0,0.1856664006392435,26,1899.0,0.10999270964217865,9,711.0,0.12289817229838047,2,7.0,0.6624083984558768,13,983.0,0.28167411971811374,0,5.0,0.7427777906957416,14,493.0,0.14195697980053032,20,303.0,0.09769180860017332,201,9715.0
620.0,452,68,204,1136,1588,0,2544.0,5.628318584070796,3.670541567419827,6,42.0,0.4989887450606488,22,941.0,0.1451601603849633,22,935.0,0.08245162099222655,0,6.0,0.7930772217939013,16,738.0,0.08732924319190045,19,554.0,0.2684557720267436,7,46.0,0.23112895944724193,9,68.0,0.25081869410377544,21,1977.0,0.16015609210842494,18,1439.0,0.18649080946275914,7,692.0,0.24335516388461764,3,20.0,0.5858492813425956,13,1045.0,0.1982297679695822,1,6.0,0.6593304390415191,16,409.0,0.09617876139810269,24,420.0,0.1276254603363073,204,9338.0
625.0,461,68,187,1143,1604,0,1966.0,4.264642082429501,3.909628208036134,10,82.0,0.3430571173893646,16,965.0,0.17429814681977912,12,686.0,0.28448484353375963,0,4.0,0.8543535540258835,17,592.0,0.08491034226418417,23,668.0,0.2453668059449799,7,80.0,0.08443997763693659,3,73.0,0.410196322377563,27,2101.0,0.10818620132554566,8,1380.0,0.23682919919572523,9,732.0,0.22492457116581951,1,16.0,0.3257535456901842,12,1105.0,0.21259007314815725,4,22.0,0.36839152483739684,16,301.0,0.19198392687793792,22,461.0,0.08315389731204136,187,9268.0
630.0,453,69,172,1158,1611,0,1592.0,3.514348785871965,3.691849998204537,15,146.0,0.23707859779058785,11,1019.0,0.18176748553567607,5,727.0,0.3633710758685028,1,10.0,0.6787868798937517,14,650.0,0.12002464536062246,21,662.0,0.03819944554012545,1,66.0,0.1540058859311362,1,34.0,0.5925417583789763,34,2257.0,0.07581162512940984,10,1420.0,0.22336140327273957,12,781.0,0.14632252025853146,5,27.0,0.10098278768894148,15,1168.0,0.1526047535168101,0,16.0,0.6182630227665907,9,340.0,0.26123853954877,18,414.0,0.1945431356208394,172,9737.0
635.0,450,71,195,1175,1625,0,1881.0,4.18,4.032586786690615,12,198.0,0.26011113803368685,15,1065.0,0.20409111621225345,8,755.0,0.26336031250033004,2,14.0,0.7359066012945906,14,709.0,0.20522943971375654,18,548.0,0.09753742558287316,1,21.0,0.7913146248741427,1,14.0,0.7134971382695113,36,2437.0,0.09633646511870506,15,1483.0,0.20455851794572635,19,866.0,0.05935060730459455,7,61.0,0.41276632295244775,22,1260.0,0.09562354032113361,1,7.0,0.7915797398880375,8,334.0,0.3237081297207127,16,501.0,0.20987329602069935,195,10273.0
640.0,450,73,197,1189,1639,0,2144.0,4.764444444444444,3.742072337988822,13,234.0,0.3389858605157905,21,1159.0,0.12583983696707685,8,684.0,0.2000788218449797,0,6.0,0.6192836126048487,9,653.0,0.3022903522228057,8,543.0,0.23287535159334824,1,18.0,0.8260684615122698,1,9.0,0.5281588113031651,30,2330.0,0.11642413132643051,22,1583.0,0.16020991119057962,26,984.0,0.13452941649637346,1,48.0,0.5857154048981829,29,1394.0,0.1348438838506225,1,3.0,0.3713231405188059,14,377.0,0.21503018543570554,13,564.0,0.13341998481726178,197,10589.0
645.0,455,67,212,1198,1653,0,2391.0,5.254945054945055,3.41528834013152,15,304.0,0.24006790986096804,30,1293.0,0.08469253438695483,6,509.0,0.20455670205254178,2,11.0,0.6972672971988838,10,486.0,0.23693459968775876,8,565.0,0.30856478633633827,1,23.0,0.4541063655792779,4,21.0,0.5337078153167388,22,1942.0,0.13964301605499915,24,1699.0,0.22605694381561356,27,987.0,0.20443375101580144,2,15.0,0.31372838736997366,29,1539.0,0.08888126734938778,6,24.0,0.38372013087557155,16,377.0,0.10150598686645115,10,545.0,0.12753441437155522,212,10340.0
650.0,459,69,194,1208,1667,0,2446.0,5.328976034858388,3.0204613991710296,17,384.0,0.23988932436272412,29,1431.0,0.09998067522617596,3,528.0,0.29559126215305837,0,8.0,0.811310406157675,9,486.0,0.11250903956765824,14,623.0,0.17806857169040016,6,46.0,0.09970268041279179,0,16.0,0.58557112014747,14,2016.0,0.17442415638293252,22,1536.0,0.13687008442328638,24,860.0,0.19255515877137083,1,11.0,0.5161791879791667,34,1700.0,0.01489386988018675,1,28.0,0.3728901771507615,14,325.0,0.08332989697396413,6,461.0,0.1469587009306535,194,10459.0
655.0,464,71,177,1217,1681,0,2376.0,5.120689655172414,3.679838901040556,13,377.0,0.2814452009045588,29,1571.0,0.15349193754689516,8,549.0,0.14365062466508077,0,4.0,0.9045342943079324,8,522.0,0.14766440680567933,19,710.0,0.0180620081438594,2,39.0,0.476432465430834,2,11.0,0.4913202798620479,11,2075.0,0.1934151432870422,15,1110.0,0.21491273017728255,16,886.0,0.14310933038242035,0,9.0,0.8448518730454609,36,1879.0,0.10739459179683761,0,2.0,0.5057578200801471,13,380.0,0.10559193093865754,5,458.0,0.23887262927962008,177,10582.0
660.0,462,74,195,1224,1686,0,2452.0,5.307359307359308,3.9057863595183755,6,265.0,0.3032800883467169,25,1534.0,0.16673557579039183,15,611.0,0.05542363301557231,1,5.0,0.6858540347426695,14,577.0,0.18901209242656788,27,832.0,0.0015573944238746506,0,12.0,0.8125998880217284,2,23.0,0.6533862607877512,16,2144.0,0.16255828836720393,10,1158.0,0.24182901556410424,14,951.0,0.1583805392136342,2,11.0,0.5958813743723324,36,2059.0,0.1538071781782149,3,12.0,0.18514414424494566,13,430.0,0.19842875877486704,11,502.0,0.2522586173607267,195,11126.0
665.0,458,77,196,1241,1699,0,2541.0,5.548034934497816,3.5202353941144104,3,271.0,0.3170444548837661,22,1319.0,0.15397083466089911,20,702.0,0.15299571961633596,2,11.0,7.08560304818075e-06,15,555.0,0.1756882483414716,23,821.0,0.14073994640214274,1,11.0,0.6150745835614033,0,4.0,0.9145464228093357,22,2244.0,0.13867205199551288,8,1192.0,0.2518780578503119,10,879.0,0.12341875980650863,6,25.0,0.2237542064058799,36,2237.0,0.10173423993773266,6,38.0,0.4144721738874979,8,403.0,0.25313684592742036,14,559.0,0.1756845942693599,196,11271.0
670.0,459,73,199,1260,1719,0,2514.0,5.477124183006536,3.333099951423338,8,301.0,0.28906803785415436,16,1393.0,0.1751325413309936,26,824.0,0.14823734841044978,0,4.0,0.5144180785514896,11,456.0,0.10601389605855292,14,671.0,0.30760578031890246,1,18.0,0.7480090771765607,0,0.0,0.8717703131074016,28,2372.0,0.10526817785353079,14,1249.0,0.1767614404596449,11,651.0,0.22713576864449295,9,63.0,0.3033339195135238,33,2183.0,0.10206257018400562,0,37.0,0.5288113421342627,8,330.0,0.16133140168234242,20,647.0,0.054844314973427614,199,11199.0
675.0,461,73,208,1266,1727,0,2547.0,5.5249457700650755,3.3414902658068835,15,361.0,0.20448811089214652,11,1437.0,0.1896814931442413,27,959.0,0.03380962894881676,0,4.0,0.8168111546975364,12,483.0,0.12543603004388884,13,682.0,0.22622416374226925,0,4.0,0.8902008079381746,1,4.0,0.307173227213026,35,2534.0,0.07221603770373064,22,1341.0,0.11203071879707907,6,674.0,0.24769276041191232,7,95.0,0.4623273080835069,24,1880.0,0.15087456646423966,0,6.0,0.7792248128704762,9,367.0,0.11529589286139952,26,765.0,0.028243113214787438,208,11596.0
680.0,468,75,214,1273,1741,0,2651.0,5.664529914529915,3.613374365069061,20,454.0,0.16139784309193758,15,1489.0,0.1755618824927748,21,927.0,0.04226693633100179,0,8.0,0.7932357664299692,13,541.0,0.2236237537452632,11,741.0,0.13296345108121346,0,0.0,0.9021340703769809,0,8.0,0.5136488960752834,30,2403.0,0.1134971853596918,23,1459.0,0.1569223310248985,9,693.0,0.19501080452884126,8,111.0,0.4012962737853291,18,1963.0,0.11630825941903099,0,4.0,0.8813076571396776,13,416.0,0.2272972128759682,33,918.0,0.12917601623011718,214,12135.0
685.0,467,81,206,1284,1751,0,2484.0,5.319057815845825,3.957549915007629,17,450.0,0.2461183741639754,22,1588.0,0.13594934360896804,11,744.0,0.2623595548119868,0,4.0,0.8272295290581256,15,605.0,0.24343148109080195,8,679.0,0.11373990171807034,1,4.0,0.33770696242778375,0,2.0,0.9211691976246915,22,1985.0,0.1572119122634358,17,1340.0,0.28711562950194575,14,752.0,0.1634128485795859,13,159.0,0.2989330591831102,13,2025.0,0.11221912739840946,2,3.0,0.47816417718824816,16,484.0,0.3001697646207839,35,1092.0,0.20296558832210118,206,11916.0
690.0,473,73,200,1294,1767,0,2388.0,5.04862579281184,3.6618527460110073,10,339.0,0.25548904909819586,25,1621.0,0.154904117795647,7,782.0,0.30796097237027464,0,2.0,0.8568043018814556,21,694.0,0.20972036509606304,5,513.0,0.1700562001068899,0,5.0,0.583606328113698,1,4.0,0.6551802899476885,13,1923.0,0.18655923235840013,11,881.0,0.18997706893650754,20,842.0,0.09009400862921525,9,165.0,0.18448608842714465,16,2099.0,0.09903372764583959,4,18.0,0.08193036477398294,23,582.0,0.20951237818705923,35,1263.0,0.18104747594909,200,11733.0
695.0,480,76,221,1300,1780,0,2511.0,5.23125,3.310257461950418,7,375.0,0.2698865569514148,27,1753.0,0.1003544988835511,9,820.0,0.21405634152190867,1,4.0,0.2157069202170846,27,815.0,0.19705220421765537,3,522.0,0.24659654868958925,0,4.0,0.9366510553409295,6,23.0,0.5187174039402127,12,1982.0,0.20065526374937037,8,920.0,0.24712371408255543,28,972.0,0.0403384508011998,4,119.0,0.16763119552889552,22,2201.0,0.15676501212186617,5,46.0,0.1197222566309807,30,715.0,0.11325098401823247,32,1297.0,0.06628929862030142,221,12568.0
700.0,477,80,243,1315,1792,0,2869.0,6.014675052410902,3.2360868528344326,10,410.0,0.26222149348195023,28,1887.0,0.11511769175474663,16,887.0,0.17961957967720205,0,11.0,0.251692633988945,33,969.0,0.19115018292432004,8,548.0,0.18052523641958962,0,0.0,0.7856724700483939,8,62.0,0.4166783999574473,6,1746.0,0.20793693329064375,9,959.0,0.2649486751284384,29,972.0,0.13703360740783407,4,133.0,0.12452069740249572,29,2332.0,0.15695248723002922,0,33.0,0.64845734582669,36,884.0,0.05045995799379895,27,1139.0,0.0742063185037753,243,12972.0
705.0,477,79,247,1324,1801,0,3162.0,6.628930817610063,3.249433441966824,14,432.0,0.18410553555266762,27,2022.0,0.10476966295051411,22,984.0,0.1149719142726617,0,4.0,0.8055835244452144,34,1008.0,0.08360658433298615,12,610.0,0.10054311876301124,1,1.0,0.4828848764079269,3,64.0,0.44525985751036745,5,1258.0,0.20826858647040367,14,1016.0,0.22052554547593375,22,843.0,0.216349851262186,8,152.0,0.5363360180638144,36,2492.0,0.04551732816885349,0,4.0,0.9152438219526843,33,1004.0,0.031109959087607393,16,1224.0,0.22344527040145795,247,13118.0
710.0,479,85,249,1332,1811,0,3395.0,7.087682672233821,3.2021339690708066,16,455.0,0.1704154580953326,28,2162.0,0.11716612144535561,27,1107.0,0.1921452345260204,0,4.0,0.9211166716800359,29,934.0,0.06492796827583892,20,696.0,0.27674445298907663,0,1.0,0.11314194170531995,6,44.0,0.2713331116734243,2,1155.0,0.2837079807390846,19,1102.0,0.16535558743761758,15,643.0,0.16251049528531228,8,192.0,0.566219565780126,36,2676.0,0.019475000478261652,0,0.0,0.8931032525237128,34,1174.0,0.012849876200628727,9,1237.0,0.22974135908877877,249,13582.0
715.0,478,91,246,1343,1821,0,3660.0,7.656903765690377,3.1890929671961223,14,522.0,0.20237224925652852,32,2317.0,0.10001690481210188,28,1246.0,0.13508947767325807,0,0.0,0.9225467558826513,20,990.0,0.11149265700547827,19,673.0,0.274324273643439,0,4.0,0.631819482130986,3,44.0,0.3183704724125394,8,1180.0,0.2628761460371834,29,1229.0,0.11494124256419942,8,691.0,0.1964399322210105,12,238.0,0.29893083706471607,30,2568.0,0.15384823875801795,0,4.0,0.7969215327833439,30,1327.0,0.03584086559367548,13,1282.0,0.2062190254559799,246,14315.0
720.0,475,94,250,1351,1826,0,3926.0,8.265263157894736,3.4728323227327325,17,595.0,0.13582959495463967,36,2492.0,0.0957846206060343,28,1390.0,0.024267701998420092,0,0.0,0.9173505218178711,12,1026.0,0.16261559272210835,16,541.0,0.2184871066171191,1,6.0,0.8079838591955596,7,47.0,0.42047520516494286,14,1234.0,0.14369324626793067,31,1381.0,0.08566414987018266,7,724.0,0.32917697031727333,16,310.0,0.14206462602091438,20,2073.0,0.21668536400770966,0,4.0,0.9039677065335793,30,1478.0,0.1260572654974445,15,1219.0,0.1792156649739902,250,14520.0
725.0,481,96,245,1359,1840,0,4242.0,8.819126819126819,3.165213131376472,20,686.0,0.14718307926687121,30,2410.0,0.11199141654878457,28,1530.0,0.09593053406550942,0,0.0,0.929825770832178,14,1075.0,0.14689103495119846,10,596.0,0.11379838780204792,2,13.0,0.7127337678864383,1,42.0,0.45539071443199125,13,1109.0,0.19339955840421816,31,1538.0,0.12163095179628851,14,781.0,0.28894318871745345,23,419.0,0.057884331776278955,15,2151.0,0.1863698132525797,1,6.0,0.769848371738719,31,1629.0,0.14728795639482406,12,1017.0,0.17105455371690131,245,15002.0
730.0,489,94,235,1369,1858,0,4182.0,8.552147239263803,2.996610776922537,26,806.0,0.13232703350049965,22,2071.0,0.16183991403412884,34,1684.0,0.13472233685523166,0,0.0,0.4716436456346427,15,1026.0,0.15129581662120198,9,638.0,0.20274563888358563,1,9.0,0.24048429319676046,5,27.0,0.462246078384238,8,891.0,0.33273327029858185,25,1422.0,0.13783779818448513,16,748.0,0.17621856576079745,20,523.0,0.0766860940383008,10,2208.0,0.13674367580683067,4,13.0,0.4636251101620694,34,1790.0,0.08123666324232992,6,932.0,0.172903499137025,235,14788.0
735.0,488,94,233,1378,1866,0,4034.0,8.26639344262295,3.3327591392216496,30,949.0,0.11114490589490057,15,1515.0,0.2124369675881482,30,1634.0,0.16611031190221484,1,13.0,0.3714515637983469,12,862.0,0.2327312838488536,16,705.0,0.26521834996922,5,22.0,0.07826633240072615,2,24.0,0.1745605501479848,5,914.0,0.22701164193725043,21,1046.0,0.14732595649341915,17,579.0,0.1425445995218335,20,611.0,0.19842251773955186,13,2263.0,0.09604809842459462,3,16.0,0.20404117308822262,37,1970.0,0.02580542285919131,6,915.0,0.3175626023547569,233,14038.0
740.0,492,95,230,1389,1881,0,3751.0,7.623983739837398,3.16255840329858,36,1114.0,0.10239501885433246,4,1537.0,0.25632388522270505,23,1358.0,0.09016603974343834,0,8.0,0.8449040240519688,11,906.0,0.1781118827316217,23,808.0,0.18811137138635617,1,20.0,0.1297268960871216,1,13.0,0.39788348445543875,12,956.0,0.18118872030013852,15,1125.0,0.2057179230211528,13,639.0,0.13591700045734323,22,716.0,0.04955220659044125,21,2353.0,0.15608884588596003,2,14.0,0.27669274914994707,33,1979.0,0.02367181875444243,13,965.0,0.264201146699476,230,14511.0
745.0,483,101,239,1408,1891,0,3523.0,7.2939958592132506,3.5226416606028015,32,1134.0,0.10866591014201248,7,1552.0,0.3335334214209869,17,1359.0,0.09623180299417684,0,6.0,0.90142946928803,12,971.0,0.10699123703240333,30,942.0,0.1575064557172081,1,7.0,0.2168357118710391,0,9.0,0.693458598936631,19,1033.0,0.15450372468072143,11,1185.0,0.20829764452807975,15,689.0,0.14019682442067197,27,843.0,0.16187207237299892,27,2473.0,0.1760215553618201,0,2.0,0.9338709974587204,23,1799.0,0.16652030114995,18,1039.0,0.21517114918830713,239,15043.0
750.0,474,105,223,1421,1895,0,3180.0,6.708860759493671,3.3869183045134164,25,1267.0,0.10621256767591379,13,1604.0,0.2328537962850981,12,1412.0,0.20183353996261322,0,4.0,0.3194847103757471,10,899.0,0.10312622935893297,30,1094.0,0.17377494679694824,1,14.0,0.731408384465254,2,19.0,0.7581170890707455,19,841.0,0.14191040025252585,14,1246.0,0.2104323169245521,9,633.0,0.13246827387102714,21,836.0,0.2665366862718852,29,2617.0,0.06219896453455646,0,2.0,0.8686313618461073,15,1509.0,0.29169917371781123,23,1148.0,0.10753706943423713,223,15145.0
755.0,482,106,214,1428,1910,0,2822.0,5.854771784232365,3.138772525490751,22,1382.0,0.11589177186460184,13,1454.0,0.15283406623530768,15,1473.0,0.2495810654956043,2,6.0,0.20728881238258726,8,715.0,0.1381932299806683,30,1246.0,0.14459685840886846,0,4.0,0.8808698774618269,3,26.0,0.5508600701306969,15,914.0,0.16625371131127314,22,1339.0,0.1417050722262232,8,481.0,0.24330761900519926,14,674.0,0.24830864821281104,29,2766.0,0.08026161037765062,0,0.0,0.7880962233422433,5,1469.0,0.2471622593184206,28,1282.0,0.008062262226567847,214,15231.0
760.0,480,112,206,1440,1920,0,2538.0,5.2875,3.077129162341858,16,1325.0,0.13954410359123143,11,1101.0,0.25781978410070405,20,1566.0,0.1187006670047623,2,12.0,0.6853306714233575,6,690.0,0.2577591769258396,30,1236.0,0.03959288264737466,0,2.0,0.849128218331559,0,8.0,0.33424650514350424,12,977.0,0.19146221116909234,27,1462.0,0.11361721285691681,6,493.0,0.2323317276791351,8,662.0,0.12608406209412887,28,2621.0,0.12517929697264707,0,4.0,0.725841585744887,7,1497.0,0.22032181103515608,33,1445.0,0.026220684973076256,206,15101.0
765.0,484,110,206,1446,1930,0,2644.0,5.462809917355372,3.4973490260225524,9,1114.0,0.17292395018353884,4,1029.0,0.3244111335851695,28,1690.0,0.0010114140192234522,1,3.0,0.6498375313918252,10,729.0,0.2546511166183512,24,1076.0,0.08024714315126956,0,4.0,0.760903381657441,0,4.0,0.43038600479594913,14,1047.0,0.11459281413496177,31,1610.0,0.08063662508062976,8,519.0,0.1313142066643476,8,696.0,0.16810948174622722,22,2177.0,0.21218704804795296,0,4.0,0.855006919284464,14,1550.0,0.23546963881863747,33,1610.0,0.1388339665407156,206,14862.0
770.0,484,113,221,1459,1943,0,2816.0,5.818181818181818,3.484780154756542,6,1015.0,0.22253133263110214,9,1058.0,0.23129348823813223,29,1836.0,0.052191281636807405,1,5.0,0.5380858067767214,14,785.0,0.1685882588665649,16,1092.0,0.10733475162916487,4,15.0,0.6758891402837863,0,4.0,0.9092611575882232,22,1141.0,0.12239988537020693,32,1770.0,0.10393643384787218,15,584.0,0.09968658184171529,14,751.0,0.20313179029959924,15,2124.0,0.2212212676688264,2,10.0,0.809659095862885,15,1464.0,0.25242266674147756,27,1575.0,0.24750294204956216,221,15229.0
775.0,493,110,229,1469,1962,0,2747.0,5.572008113590264,2.9922052254732723,11,1046.0,0.24009901470170533,15,1119.0,0.19616970105767015,29,1983.0,0.2027664242106698,1,14.0,0.3049315342735091,20,875.0,0.0594731317780746,13,1157.0,0.09677523552615658,1,11.0,0.253587580481796,0,4.0,0.8876506934180395,29,1268.0,0.10602838753337467,26,1672.0,0.13298000770268997,15,570.0,0.19052405276445314,21,840.0,0.23471559330244793,11,2186.0,0.1791562734225526,1,1.0,0.4010667715074375,15,1450.0,0.15015974571825777,21,1325.0,0.1662121689141636,229,15521.0
780.0,495,109,254,1476,1971,0,3022.0,6.105050505050505,2.8143244292756764,13,1100.0,0.20573504577587703,21,1212.0,0.13350082513618466,34,2141.0,0.16049130346560614,0,4.0,0.8724847307120135,29,1004.0,0.02391843376897866,8,1066.0,0.136012347341678,4,11.0,0.2128917337156458,2,7.0,0.47581535300227046,33,1426.0,0.10564581725645117,19,1288.0,0.15169048207597674,13,455.0,0.26455825245957637,26,961.0,0.21145400169593928,14,2245.0,0.17623641046097277,5,16.0,0.15029254753024,18,1525.0,0.05232740001822863,15,1405.0,0.12585267870177408,254,15866.0
785.0,497,112,253,1487,1984,0,3368.0,6.776659959758551,2.9843058775791573,14,1033.0,0.18140689316234462,27,1340.0,0.11363002561908389,35,2316.0,0.11045681906303954,0,2.0,0.9170075120576675,33,1165.0,0.12177339000904898,5,848.0,0.2863633478663562,5,40.0,0.5952366779855748,1,10.0,0.08966137951530123,27,1337.0,0.12782262739180045,9,1347.0,0.20928054219523337,14,512.0,0.20651751287599954,29,1098.0,0.13338648848001702,20,2334.0,0.13831787770160262,0,15.0,0.17436815505869094,20,1609.0,0.10708447651642247,14,1466.0,0.21599937690205193,253,16472.0
790.0,501,117,252,1494,1995,0,3618.0,7.221556886227545,3.197197510105727,12,837.0,0.20025106546481,27,1475.0,0.18245859521075003,31,2228.0,0.07773021586273951,0,4.0,0.5701361009519474,36,1343.0,0.18197035061201317,7,881.0,0.2953997818815016,5,65.0,0.6133381655356015,1,5.0,0.5147554599892131,18,1237.0,0.14443221063748726,7,1382.0,0.23199327015400753,15,587.0,0.10254472246518913,32,1256.0,0.10514426802779107,26,2457.0,0.09188208598722361,0,4.0,0.7958819551227859,21,1703.0,0.17668091762704985,14,1447.0,0.19214690452579108,252,16911.0
795.0,499,116,260,1505,2004,0,3741.0,7.4969939879759515,2.760287194211743,13,831.0,0.17048750852991246,31,1621.0,0.07978597170885199,25,1922.0,0.13608729619701804,0,4.0,0.7982534717918268,31,1353.0,0.11589151519264135,8,915.0,0.1998294068554367,2,51.0,0.13377033994857487,1,8.0,0.6612137033935321,16,1318.0,0.1577090526606757,14,1440.0,0.20110189374184417,15,658.0,0.09171629347221152,32,1416.0,0.028507004475443073,23,2281.0,0.05423159169261,0,6.0,0.8510933336796581,27,1825.0,0.1620696999509235,22,1542.0,0.10533400889033996,260,17191.0
800.0,503,120,255,1513,2016,0,3380.0,6.719681908548708,3.1040532159187784,14,893.0,0.19082790188998494,28,1543.0,0.1235110753641812,16,2003.0,0.11841024826558587,0,4.0,0.9171221618131471,27,1200.0,0.16451598934721098,17,990.0,0.14501514059791992,3,23.0,0.31196915493625027,2,17.0,0.7209268277417318,14,1392.0,0.17496272506293536,20,1526.0,0.1145403678206617,15,628.0,0.17929938797898576,26,1391.0,0.09908339242307375,15,1700.0,0.24691564976995972,0,4.0,0.8918657635345268,33,1976.0,0.09540831420362926,25,1654.0,0.08872835648040245,255,16944.0
805.0,502,126,219,1524,2026,0,2730.0,5.438247011952191,3.086679609161188,10,828.0,0.2099626909028184,21,1222.0,0.1907890171252549,13,2053.0,0.13188947329154568,0,0.0,0.8860110805995866,18,1230.0,0.18464569935429456,16,934.0,0.18510281366793332,1,21.0,0.4603242043360176,0,5.0,0.5408699319095588,20,1480.0,0.17688907841121548,27,1645.0,0.1194172388939686,13,593.0,0.1924184184714057,17,1186.0,0.1323413416675617,7,1743.0,0.3076794631125199,1,5.0,0.8050242259946527,32,1934.0,0.022560836158304797,23,1743.0,0.09794162849120884,219,16622.0
810.0,508,125,224,1527,2035,0,2420.0,4.7637795275590555,3.1917549576602027,12,879.0,0.1397512987988388,14,1221.0,0.18822457983917884,16,2120.0,0.16815260255688444,0,0.0,0.955726255557694,12,1273.0,0.13885781756199755,13,747.0,0.3138666164728583,3,28.0,0.6790854766123284,0,2.0,0.45387279912002626,27,1597.0,0.11386280187533478,29,1788.0,0.09005002150874741,18,673.0,0.07518673342873995,15,1270.0,0.08799524504773622,10,1784.0,0.2077186524660205,4,11.0,0.4588327911017622,25,1668.0,0.11294651845677298,26,1839.0,0.13574140125771444,224,16900.0
815.0,513,131,241,1532,2045,0,2633.0,5.132553606237817,3.2301031062522814,13,931.0,0.12331243102895151,12,1280.0,0.19998291262139326,23,2220.0,0.17694505864846172,0,4.0,0.4673475058891098,14,1332.0,0.13829856776436442,9,744.0,0.3482905323364627,4,44.0,0.5957554556469813,4,14.0,0.41291853326074285,32,1747.0,0.09601420314814704,29,1933.0,0.11683843425208487,19,771.0,0.05783123336997662,13,1345.0,0.18534404361661652,14,1842.0,0.19496006398209517,2,14.0,0.30769775788897874,20,1688.0,0.203897636997932,33,1986.0,0.056549795963615306,241,17895.0
820.0,513,133,260,1546,2059,0,3337.0,6.504873294346979,3.1451753112760423,18,998.0,0.12746064046441877,15,1343.0,0.1998006328055866,29,2347.0,0.14710740069484687,0,4.0,0.8255105006025797,17,1248.0,0.10374146567496327,8,786.0,0.2690455716866069,5,65.0,0.3407549132325454,3,22.0,0.38350306385135924,36,1926.0,0.09349899503895351,29,2078.0,0.1162240423255396,19,864.0,0.16087201879056628,10,1237.0,0.2864957063653523,20,1937.0,0.1365259166799564,2,12.0,0.5301068880923934,13,1743.0,0.172443234680375,36,2160.0,0.04866652248003864,260,18770.0
825.0,505,134,257,1561,2066,0,3483.0,6.897029702970297,2.9856248112066246,23,1101.0,0.08976712677913143,21,1436.0,0.1319222787660355,30,2498.0,0.0691202097445285,0,4.0,0.8938680902408284,13,1021.0,0.22982135765401934,14,844.0,0.19748740370535053,4,54.0,0.4039727767321202,6,46.0,0.10066004928546028,30,1833.0,0.14141273637593668,23,1960.0,0.13640549371694466,19,831.0,0.21872052003064385,6,961.0,0.21154931428807186,21,1766.0,0.16027812916679995,2,23.0,0.5918388538022725,15,1799.0,0.1242904840577894,30,2084.0,0.01837011729625404,257,18261.0
830.0,510,134,249,1572,2082,0,3187.0,6.249019607843137,2.972955524083789,31,1239.0,0.10058839266019755,30,1569.0,0.09617710592055143,24,2367.0,0.10424130197415726,0,4.0,0.6599631019218402,11,750.0,0.29250603815440634,21,934.0,0.07909622679918726,1,15.0,0.5561530413412711,2,43.0,0.5637118171313975,22,1522.0,0.14812443547581813,15,1649.0,0.2503298734641121,18,717.0,0.14221897026434002,6,981.0,0.12439436871613364,19,1332.0,0.07607698383053778,2,35.0,0.701856118216648,25,1900.0,0.03673360782774814,22,1742.0,0.09465304629291277,249,16799.0
835.0,505,141,233,1586,2091,0,2931.0,5.803960396039604,3.0343478462553657,36,1410.0,0.11674124447867235,29,1710.0,0.12384949381662384,18,1941.0,0.09426710602093097,0,4.0,0.8810020188789693,7,771.0,0.1995640527416402,27,1056.0,0.027400266489577045,3,22.0,0.3436212793327942,0,11.0,0.864758506113047,17,1516.0,0.1603659673898068,10,1502.0,0.2504856446950779,16,796.0,0.12792200253558267,11,1020.0,0.1364221544488501,11,1138.0,0.1258646179266118,2,48.0,0.6319270518203747,31,2043.0,0.0345125157515503,15,1826.0,0.21295860615056983,233,16814.0
840.0,502,143,229,1595,2097,0,2822.0,5.621513944223108,3.278912604506734,31,1411.0,0.09203188380275108,29,1856.0,0.13706560005141885,14,1894.0,0.19455422088060204,0,4.0,0.8742366538175925,7,799.0,0.2093838009592417,34,1209.0,0.027762041435884656,5,47.0,0.08805640852153186,1,5.0,0.6160562144639045,11,1573.0,0.16833233364541797,8,1550.0,0.20659028975772326,13,868.0,0.16631712368768165,16,1090.0,0.21335544139158436,9,1181.0,0.16656532024176793,4,61.0,0.5161422231486711,35,2199.0,0.11935810513900466,12,1891.0,0.25586159581336904,229,17638.0
845.0,506,147,238,1603,2109,0,2825.0,5.58300395256917,3.173290053730474,25,1234.0,0.17243924340975328,23,1743.0,0.158945281455867,11,1953.0,0.20928388691903968,3,7.0,0.3039109589818532,14,855.0,0.14025550220991564,29,1203.0,0.07560664041902014,0,35.0,0.4138770895723951,5,26.0,0.29679893830845344,14,1617.0,0.2135364001073685,12,1597.0,0.18687995390212542,12,825.0,0.11374869824603613,17,1015.0,0.20560101496042762,13,1241.0,0.2370033366697662,8,91.0,0.35536078562683476,36,2378.0,0.14914157695792346,16,1954.0,0.13809771620277994,238,17774.0
850.0,511,146,223,1615,2126,0,2446.0,4.786692759295499,2.852720689318392,17,1244.0,0.2081938466609466,21,1403.0,0.1715443171192915,9,1755.0,0.13023247364069165,2,10.0,0.3013966205396475,20,943.0,0.07970764086433585,19,1011.0,0.11065733592675348,0,6.0,0.9020913212999878,1,28.0,0.5031988904523511,20,1701.0,0.15220076118568251,19,1677.0,0.16001223762239505,10,694.0,0.1194113126494702,15,811.0,0.17586548550021824,14,1069.0,0.30268848964646117,4,68.0,0.29826858826277564,31,2291.0,0.04821385602495851,21,1802.0,0.0453523386739437,223,16513.0
855.0,501,148,200,1631,2132,0,1897.0,3.7864271457085827,3.0094758666955124,12,1311.0,0.19599256774286788,14,1363.0,0.19150663535824564,6,1352.0,0.1259164797505981,2,17.0,0.6466604145726924,23,993.0,0.018158148579087707,12,1006.0,0.11482960215988797,0,4.0,0.9068786857661815,2,18.0,0.7566641780831752,20,1577.0,0.10454534907505326,25,1788.0,0.10059112694750315,10,729.0,0.226991052478018,12,804.0,0.10764080076127282,11,715.0,0.2369705905503014,5,46.0,0.5157259453635866,29,1958.0,0.07072975429589701,17,1889.0,0.09497771540285638,200,15570.0
860.0,505,153,191,1638,2143,0,1574.0,3.116831683168317,3.249484067165185,14,1372.0,0.18336679173777662,11,1420.0,0.20862158596820274,6,1260.0,0.15220846276960887,0,6.0,0.896507120398653,26,1118.0,0.035743884738605194,10,1064.0,0.22900849369010876,2,10.0,0.32502050445609476,2,12.0,0.554019245713486,19,1335.0,0.1725749053324997,28,1925.0,0.16105659791177804,12,765.0,0.21467495964246627,10,860.0,0.22583170695998186,9,600.0,0.14852255996982244,3,40.0,0.5834934224398408,18,2054.0,0.17052597004757325,21,1963.0,0.1597878199958907,191,15804.0
865.0,508,158,189,1646,2154,0,1545.0,3.0413385826771653,3.378569969711561,17,1283.0,0.14634499512582497,13,1477.0,0.23147358624562436,8,1288.0,0.2714254031084267,0,4.0,0.8823684318761189,30,1262.0,0.12748195335749454,7,956.0,0.2838985160892329,0,11.0,0.4626929112647226,5,29.0,0.2197224971049786,11,1249.0,0.2227538954708207,28,1826.0,0.11934059506555088,11,713.0,0.13031338235487364,14,921.0,0.2685094435787612,7,642.0,0.19119478444848834,5,36.0,0.3312909935707304,14,2101.0,0.19793474359680355,19,2053.0,0.1749350697104885,189,15851.0
870.0,507,157,194,1656,2163,0,1596.0,3.1479289940828403,3.312057815956628,14,1347.0,0.13802322639674147,21,1565.0,0.11274142351350484,7,1112.0,0.3045713140457432,0,8.0,0.7671864016239542,27,1404.0,0.15604202291321503,7,657.0,0.22918084501393732,0,4.0,0.8137688526646988,0,21.0,0.6636224660708919,9,1297.0,0.20064746478466405,23,1373.0,0.16189153272945453,13,590.0,0.12177542692898166,21,1005.0,0.13144828858795315,13,693.0,0.24503839477968647,7,40.0,0.11343830914044861,10,1897.0,0.10367935961793386,22,2151.0,0.17457614634090804,194,15164.0
875.0,514,158,203,1664,2178,0,1913.0,3.7217898832684826,3.4766196821402615,21,1428.0,0.13586199776250696,22,1326.0,0.12889421378876545,4,751.0,0.2665526165837005,0,4.0,0.8368971640966819,28,1540.0,0.07853044881786851,3,617.0,0.2953743634336888,0,4.0,0.7911687320112445,0,4.0,0.9100321964264341,13,1353.0,0.2160907926683597,11,1321.0,0.1984745307635254,9,589.0,0.22572360141772654,27,1125.0,0.0392334595997547,18,772.0,0.18760073790187562,4,39.0,0.2897251729325784,13,1955.0,0.051768443636845164,30,2283.0,0.14132787367378788,203,15111.0
880.0,512,164,226,1676,2188,0,2467.0,4.818359375,3.312019646976699,16,1343.0,0.12611773781371735,16,1410.0,0.1728954288092593,4,773.0,0.26087741395780595,0,8.0,0.7878304958990098,33,1697.0,0.002975697655415871,6,637.0,0.32291554323509797,1,7.0,0.43991726986584656,1,4.0,0.637084778733099,20,1436.0,0.14697722769205165,9,1368.0,0.22149016307573935,11,610.0,0.22149605510166018,34,1284.0,0.030190923108496925,25,885.0,0.06773839368740085,3,35.0,0.4937416488015645,12,2013.0,0.11363810696160129,35,2444.0,0.09479433539221534,226,15954.0
885.0,502,164,242,1694,2196,0,2749.0,5.4760956175298805,3.0253881560586215,12,1146.0,0.13574796186371826,15,1471.0,0.1538971842820767,11,815.0,0.25924237651401705,0,2.0,0.6466649634368068,31,1681.0,0.11383092459293309,12,691.0,0.2659383251392683,2,9.0,0.4966591158094087,5,23.0,0.4493624971206749,20,1361.0,0.10866217918004245,14,1424.0,0.2146054664699175,15,675.0,0.14438009009219682,30,1266.0,0.138659022616275,25,1012.0,0.048174441728341455,3,36.0,0.6457956416466909,17,2069.0,0.15669088581399876,30,2317.0,0.05351361097657767,242,15998.0
890.0,502,167,232,1707,2209,0,2697.0,5.372509960159363,3.315532785318466,12,1186.0,0.15769899962253028,16,1547.0,0.11867481030163167,15,879.0,0.30118457983456015,0,2.0,0.9167427846187503,22,1468.0,0.2279760998967818,20,774.0,0.27102710648319006,0,4.0,0.7696008690351929,0,25.0,0.4724671628003318,18,1441.0,0.12338269006289243,14,1260.0,0.1533933249610011,25,784.0,0.069621729119341,20,1061.0,0.2658009385321618,25,1141.0,0.1290018266591414,3,47.0,0.4043709589386785,20,2159.0,0.11712156547649791,22,1923.0,0.07739866564590459,232,15701.0
895.0,504,173,243,1715,2219,0,2995.0,5.942460317460317,3.3851528537051636,14,1233.0,0.18389914203537103,21,1642.0,0.12181912557113987,20,968.0,0.17537085486596177,0,0.0,0.8715753909613946,16,1480.0,0.2395312740178372,23,883.0,0.03907554599186636,1,3.0,0.6578363895891493,5,15.0,0.545622847650294,17,1521.0,0.14639677103143836,13,901.0,0.20897341032123917,27,909.0,0.13296255086319267,12,789.0,0.26243392932588244,30,1277.0,0.14278579041136588,3,62.0,0.0,26,2283.0,0.03728867660505811,15,1398.0,0.13812941909295479,243,15364.0
900.0,499,177,240,1724,2223,0,3126.0,6.264529058116232,3.2078393153239717,14,1121.0,0.15298677392291873,22,1555.0,0.1391582785600518,25,1079.0,0.04620429428824857,0,0.0,0.8419456649707475,13,1552.0,0.19877153876074027,27,1016.0,0.02531517784777408,1,8.0,0.584283964451963,1,19.0,0.6306782809943705,16,1596.0,0.12434012728562156,8,938.0,0.1870949725456911,34,1042.0,0.143354328244368,5,827.0,0.20321618871131006,34,1438.0,0.1741432886430423,0,25.0,0.2969995271302262,35,2439.0,0.12156033946526196,5,1422.0,0.2282896879768415,240,16077.0
905.0,497,181,246,1738,2235,0,3445.0,6.93158953722334,3.2029891558608456,11,1099.0,0.15040898066623654,19,1293.0,0.14867542878900133,30,1219.0,0.11628624530689025,0,0.0,1.0,8,1432.0,0.1556867030354736,22,981.0,0.1387349718661525,2,7.0,0.2971251593381192,4,20.0,0.5479706291278408,21,1695.0,0.1651140183984134,8,967.0,0.21924661228343142,36,1215.0,0.06586703911899555,10,855.0,0.21175667170053633,36,1614.0,0.1124226801877923,0,4.0,0.8206518489615421,32,2302.0,0.1909631927655489,7,1445.0,0.35198399066136193,246,16148.0
910.0,497,181,236,1754,2251,0,3303.0,6.645875251509055,3.0132673482303756,13,1149.0,0.14659368104075415,14,1367.0,0.18586645770297947,30,1369.0,0.15280743102270414,0,0.0,1.0,7,1142.0,0.18442872896195356,12,812.0,0.2332196213237256,7,32.0,0.366765438004386,5,46.0,0.5160931770263317,22,1585.0,0.12928960787734062,9,813.0,0.205531160668342,31,1244.0,0.04844212837130277,17,930.0,0.1033568145350128,30,1562.0,0.06936071488930964,0,6.0,0.8210903758131675,25,2436.0,0.1771537663206602,14,1503.0,0.32929697108603173,236,15996.0
915.0,493,183,213,1764,2257,0,2640.0,5.354969574036511,3.1711339046710827,15,1221.0,0.14689448531576554,12,1426.0,0.18907550761020536,25,1251.0,0.07222021037163763,0,4.0,0.7331989808556452,4,1011.0,0.28608298891727707,13,864.0,0.16735401396664285,3,48.0,0.45303198587678895,1,39.0,0.19914419771400613,21,1277.0,0.15534663877336075,9,551.0,0.29345207784034955,23,1104.0,0.2061805786062078,21,1026.0,0.2341533927156263,23,1284.0,0.08348863119345523,0,4.0,0.900150577425333,23,2554.0,0.11162598525520416,20,1589.0,0.19788340737457735,213,15253.0
920.0,498,189,201,1769,2267,0,2141.0,4.2991967871485945,3.4066394422580317,19,1306.0,0.10660994095518188,10,1295.0,0.2051146738546317,19,957.0,0.11026659488562433,0,4.0,0.8671818090077317,9,1038.0,0.30931369549056004,13,928.0,0.25943947560994185,2,19.0,0.27494899144063556,7,26.0,0.0005060175867742037,14,1357.0,0.19438031109195403,5,573.0,0.2021533538981872,14,887.0,0.3391729735600833,28,1153.0,0.15493887818520516,14,1293.0,0.13777334840356806,0,8.0,0.6693239155857754,21,2660.0,0.022468406309427036,26,1709.0,0.07968357172524329,201,15213.0
925.0,502,196,190,1774,2276,0,1868.0,3.7211155378486054,3.508116293309831,20,1216.0,0.1243388255756521,13,1350.0,0.140834406070708,6,832.0,0.26272246107750613,0,4.0,0.8907685601735994,13,1092.0,0.2477789432531094,9,847.0,0.27627334216255806,2,26.0,0.22447193928736667,1,38.0,0.30576629623073226,14,1423.0,0.1874263456430813,8,597.0,0.23986874892782034,8,922.0,0.2966862484205703,35,1311.0,0.019686938354855466,10,1344.0,0.23125665538500353,2,13.0,0.7070348771127448,23,2765.0,0.03888721145809304,26,1839.0,4.482246582348153e-06,190,15619.0
930.0,495,194,205,1791,2286,0,2089.0,4.22020202020202,3.48368765593693,21,1029.0,0.16595361032614694,16,1410.0,0.15853241827336614,7,845.0,0.2757638059580075,0,2.0,0.43669790036321593,19,1174.0,0.1305956879882658,7,648.0,0.22020959143130678,3,30.0,0.6563750873853577,0,11.0,0.8242579413351713,14,1488.0,0.14788722161148224,8,518.0,0.18895966972721487,9,961.0,0.24415816935392434,36,1493.0,0.029196238807373355,13,1401.0,0.2777353062086376,2,8.0,0.5679148307676335,24,2544.0,0.1770084379873175,26,1975.0,0.04172166191611895,205,15537.0
935.0,499,194,224,1803,2302,0,2486.0,4.981963927855712,3.5693042173433693,18,1111.0,0.161511227905906,16,1476.0,0.127876795575383,13,896.0,0.17327549966804834,2,12.0,0.6551004027661211,26,1289.0,0.014869619693941852,9,630.0,0.12786082086640396,0,14.0,0.845502068117288,1,11.0,0.798091426539066,16,1351.0,0.147215684439726,8,335.0,0.24452186695377226,16,1030.0,0.11087413981513645,36,1667.0,0.11864172199103602,20,1481.0,0.14263772049102896,3,19.0,0.37387734797487876,20,2039.0,0.2494777428799854,20,1837.0,0.2443467628864123,224,15198.0
940.0,498,199,230,1815,2313,0,2703.0,5.427710843373494,3.6777590254681303,15,1189.0,0.18067333943591088,22,1577.0,0.11754416651646656,19,980.0,0.3218569023737147,0,4.0,0.8841571129806047,33,1437.0,0.0018045892544579058,9,664.0,0.17068757062710033,1,7.0,0.48418874877583146,1,18.0,0.31983730152262196,15,1011.0,0.19258667639366378,3,349.0,0.3754852317939098,23,1130.0,0.17339415224382987,30,1630.0,0.19410599497100098,27,1607.0,0.04569037806073333,3,38.0,0.1907660340089927,15,1705.0,0.23765958052334057,14,1419.0,0.24013775846560867,230,14765.0
945.0,490,199,226,1831,2321,0,2712.0,5.53469387755102,3.2125768132298775,10,1091.0,0.19321572031783926,28,1707.0,0.08929500811602469,24,1091.0,0.21898071173776268,0,0.0,0.8056829408208428,30,1408.0,0.03053885510168895,14,722.0,0.07557553361950459,0,6.0,0.30965915986179693,1,9.0,0.6628265318034585,10,977.0,0.2340994508546492,9,379.0,0.2521949039250711,29,1257.0,0.12991241368986153,22,1420.0,0.17507143486940582,29,1756.0,0.08847372605406607,0,18.0,0.7878277233902388,10,1762.0,0.17995846738152999,10,893.0,0.1666493882274587,226,14496.0
950.0,485,203,243,1848,2333,0,3041.0,6.270103092783505,3.0427013985977704,15,1149.0,0.1392735491260086,35,1871.0,0.11849216095999336,29,1227.0,0.057928718458298535,0,0.0,0.8707895165145744,22,1197.0,0.20609552932985312,20,815.0,0.1797483918261829,4,17.0,0.5648734763439893,1,11.0,0.8225234684886074,8,1012.0,0.23644231860123938,8,331.0,0.1796469081884544,37,1424.0,0.024997590237956408,16,1430.0,0.1532981675250627,34,1912.0,0.12951985181922282,0,4.0,0.8776952905621968,10,1796.0,0.1927924056763193,4,926.0,0.21543994928046242,243,15122.0
955.0,485,208,237,1859,2344,0,3313.0,6.830927835051546,3.2552655320660544,14,1209.0,0.12336681417118957,31,1794.0,0.12225832731854047,34,1390.0,0.02579423693798627,0,0.0,0.7659743572867337,14,866.0,0.360045758424094,19,776.0,0.22231456091203985,0,17.0,0.5898315271952644,1,14.0,0.7885955506657146,10,892.0,0.23688926704032212,7,213.0,0.2480454988788991,36,1610.0,0.024591059853832056,12,1488.0,0.1618702029376175,36,2090.0,0.12889893491616103,0,0.0,0.7095069254243153,15,1864.0,0.11781909121991362,8,953.0,0.3293755537328406,237,15176.0
960.0,486,207,221,1867,2353,0,3416.0,7.02880658436214,3.5106756531136547,18,1289.0,0.09447023047058,23,1477.0,0.15088414040516493,28,1328.0,0.1429134629810631,0,4.0,0.798095289796963,7,788.0,0.3345790370882054,15,540.0,0.22605714939550342,0,4.0,0.771585660541522,4,24.0,0.3902447159078677,8,635.0,0.31295485751314095,2,150.0,0.3874226023711421,36,1782.0,0.11818477179624887,15,1469.0,0.12747361777671762,36,2270.0,0.05541792989536776,0,4.0,0.47718015468098596,22,1961.0,0.16242314272686628,7,812.0,0.2961893282175752,221,14537.0
965.0,490,211,208,1875,2365,0,2980.0,6.081632653061225,3.177995204219333,23,1391.0,0.11428514298644768,17,997.0,0.21856636103566934,20,1128.0,0.18673665775589926,0,4.0,0.8997935727152622,6,809.0,0.2502337130923366,14,609.0,0.13832609917468033,0,4.0,0.6273151620306338,3,20.0,0.07328850320589765,4,652.0,0.23690605666461803,6,164.0,0.272335008502285,31,1760.0,0.16693372315038774,20,1557.0,0.03997183497775815,33,2219.0,0.02914655486482322,0,8.0,0.7538041657664599,22,1837.0,0.15150633753563755,9,848.0,0.10502601058286798,208,14007.0
970.0,494,213,207,1885,2379,0,2565.0,5.1923076923076925,3.409904366552776,31,1533.0,0.09467042403725964,10,865.0,0.27203787921764655,14,1131.0,0.147257875202329,0,4.0,0.8950056731984867,12,852.0,0.20153165014827593,11,674.0,0.12786554711136366,5,16.0,0.2325233113875967,2,16.0,0.7163701845023449,10,687.0,0.21021000519167682,14,217.0,0.20818349039123055,24,1536.0,0.1148073369657846,21,1647.0,0.08289898696849982,23,1928.0,0.18366910810421103,0,8.0,0.883040983016465,21,1475.0,0.08802252593653666,9,897.0,0.17824149047065313,207,13486.0
975.0,496,211,204,1893,2389,0,2125.0,4.284274193548387,3.275647530625741,33,1505.0,0.08991525999807498,9,905.0,0.26236143235437703,11,1193.0,0.12917987422095317,0,0.0,0.7480123968282903,14,779.0,0.12950469812287554,8,600.0,0.273195995120884,0,20.0,0.5398607444191657,2,10.0,0.771711205147807,16,758.0,0.1741817129382262,20,304.0,0.11333471860962158,17,1548.0,0.10577244553292685,26,1743.0,0.01354327323949611,16,2005.0,0.26038168339394524,0,4.0,0.7338999576810643,17,1458.0,0.12667335136530242,15,954.0,0.17147285749681188,204,13786.0
980.0,496,215,196,1905,2401,0,1792.0,3.6129032258064515,3.400901445419773,25,1632.0,0.10534966536245505,8,909.0,0.21380901326872787,15,1256.0,0.24170552251172353,0,0.0,0.8771814754076542,12,632.0,0.21920971077034532,3,362.0,0.3003482479801682,1,9.0,0.7899980934307913,2,20.0,0.34833603493148013,23,860.0,0.12380924849437522,16,312.0,0.17340086607107966,14,1620.0,0.13246335340261436,30,1886.0,0.041895008843374,13,2074.0,0.19907777002620974,2,8.0,0.4691011321909262,13,1524.0,0.20862754132164849,19,828.0,0.1719809087866366,196,13932.0
985.0,498,222,205,1912,2410,0,1839.0,3.6927710843373496,3.3356930207373607,24,1750.0,0.12934324644158032,12,826.0,0.15235025956861437,22,1353.0,0.2596146918512207,0,0.0,0.9243516532993484,8,589.0,0.20556756624411684,5,377.0,0.18195636623124906,2,6.0,0.6159805274020665,3,16.0,0.13584209395998104,30,996.0,0.12619000225728827,7,252.0,0.2677934637410736,15,1688.0,0.22313996138106365,33,2043.0,0.05310705981886986,16,2144.0,0.17587713034239294,6,29.0,0.22203786104327483,7,1349.0,0.2855634922972962,15,594.0,0.1108839288976313,205,14012.0
990.0,497,218,203,1925,2422,0,1974.0,3.971830985915493,3.2159685344715014,22,1867.0,0.09551064780632701,16,841.0,0.11130384144101198,27,1472.0,0.14278001972124338,0,0.0,0.8682702156496299,12,622.0,0.1355749369391156,7,412.0,0.14567270346579225,3,19.0,0.6479556986595385,3,16.0,0.6805876335548476,27,975.0,0.11563619907963976,3,248.0,0.3412231790253314,17,1673.0,0.22164094715008603,29,1998.0,0.08714160907109078,22,2242.0,0.16117551606727618,2,30.0,0.18000746700246434,5,979.0,0.18705976916530226,8,636.0,0.16415048763540716,203,14030.0
995.0,498,223,222,1935,2433,0,2210.0,4.437751004016064,3.0682377286446654,23,1980.0,0.1135720545253766,16,876.0,0.12652399296394887,34,1630.0,0.11557860442844978,1,3.0,0.46009050316687794,17,694.0,0.08557005216122063,13,465.0,0.2417902945610767,1,9.0,0.5726955297736468,0,8.0,0.8565148598445677,21,811.0,0.1739500043983887,7,269.0,0.3957236872737372,20,1771.0,0.11533300778782794,22,1817.0,0.08994405402839573,29,2375.0,0.04479358830791201,2,15.0,0.6537949987538438,6,913.0,0.11928422727385435,10,675.0,0.0909437022222301,222,14311.0
1000.0,500,223,232,1949,2449,0,2315.0,4.63,3.1098936995260518,28,1880.0,0.10770352338485663,14,875.0,0.1719539085516847,30,1604.0,0.14022010105717805,1,16.0,0.3330428032601673,23,797.0,0.1633905857267743,13,436.0,0.20992364099065497,5,25.0,0.4995579269562421,0,2.0,0.629497504238165,14,569.0,0.24836163670546788,14,326.0,0.3174325507647117,28,1896.0,0.046176894566725364,17,1899.0,0.18426322509090926,28,2273.0,0.02605943118540123,0,7.0,0.7989448015307973,8,945.0,0.13720172095608069,9,568.0,0.12440869135508778,232,14118.0
